current_price,days_before_departure,total_duration_minutes,stops,departure_month,departure_month_sin,departure_month_cos,future_price_change_percent,future_price
1693.93,32,315,0,7,1.2246467991473532e-16,-1.0,1.0268,1711.32
124.11,283,1170,0,6,0.49999999999999994,-0.8660254037844387,7.6427,133.6
376.45,239,528,0,1,0.0,1.0,3.9318,391.25
76.35,160,1237,3,2,0.49999999999999994,0.8660254037844387,2.7069,78.42
414.97,158,1367,0,8,-0.4999999999999997,-0.8660254037844388,4.475,433.54
1900.86,314,318,0,7,1.2246467991473532e-16,-1.0,5.4164,2003.82
3073.57,31,667,0,7,1.2246467991473532e-16,-1.0,3.8274,3191.21
437.44,255,449,2,2,0.49999999999999994,0.8660254037844387,0.5142,439.69
178.97,73,810,1,7,1.2246467991473532e-16,-1.0,3.6693,185.53
1331.0,34,483,0,1,0.0,1.0,-3.9567,1278.33
1245.42,192,1711,2,2,0.49999999999999994,0.8660254037844387,-0.8558,1234.76
384.91,357,486,0,6,0.49999999999999994,-0.8660254037844387,5.0183,404.23
519.96,269,1393,2,8,-0.4999999999999997,-0.8660254037844388,3.0251,535.69
378.63,278,243,0,8,-0.4999999999999997,-0.8660254037844388,5.163,398.18
229.24,262,709,0,12,-0.5000000000000004,0.8660254037844384,3.8031,237.96
663.57,287,1260,0,11,-0.8660254037844386,0.5000000000000001,2.7295,681.68
73.41,187,1581,3,5,0.8660254037844387,-0.4999999999999998,0.3289,73.65
626.92,46,706,2,10,-1.0,-1.8369701987210297e-16,0.1678,627.97
657.29,307,1686,1,2,0.49999999999999994,0.8660254037844387,2.6806,674.91
410.05,164,1213,0,11,-0.8660254037844386,0.5000000000000001,2.8607,421.78
206.01,183,630,0,5,0.8660254037844387,-0.4999999999999998,3.4028,213.02
1154.52,135,1462,0,10,-1.0,-1.8369701987210297e-16,1.0234,1166.34
378.8,66,317,0,12,-0.5000000000000004,0.8660254037844384,0.9741,382.49
68.52,339,528,0,9,-0.8660254037844385,-0.5000000000000004,6.3619,72.88
355.33,286,1557,1,12,-0.5000000000000004,0.8660254037844384,1.3951,360.29
90.08,235,1669,1,1,0.0,1.0,-0.0253,90.06
327.24,147,1367,2,3,0.8660254037844386,0.5000000000000001,1.6881,332.77
476.35,301,323,0,8,-0.4999999999999997,-0.8660254037844388,3.8665,494.77
248.89,199,363,0,7,1.2246467991473532e-16,-1.0,5.624,262.89
259.75,162,987,0,2,0.49999999999999994,0.8660254037844387,2.1283,265.28
130.24,164,126,0,9,-0.8660254037844385,-0.5000000000000004,6.6196,138.86
379.48,83,1657,1,1,0.0,1.0,0.1247,379.96
82.01,33,1479,1,12,-0.5000000000000004,0.8660254037844384,3.3197,84.73
5000.0,202,1221,0,2,0.49999999999999994,0.8660254037844387,1.456,5072.8
841.36,324,1454,0,6,0.49999999999999994,-0.8660254037844387,5.3056,886.0
785.27,23,515,2,10,-1.0,-1.8369701987210297e-16,-2.0504,769.17
139.08,314,1328,0,7,1.2246467991473532e-16,-1.0,5.9742,147.38
3163.81,302,419,0,9,-0.8660254037844385,-0.5000000000000004,4.6237,3310.09
565.16,101,383,1,9,-0.8660254037844385,-0.5000000000000004,2.3098,578.21
296.14,231,579,1,12,-0.5000000000000004,0.8660254037844384,-1.4309,291.91
1610.24,60,1173,0,6,0.49999999999999994,-0.8660254037844387,5.0275,1691.2
258.25,277,1595,1,12,-0.5000000000000004,0.8660254037844384,4.7194,270.44
4398.02,256,1293,2,7,1.2246467991473532e-16,-1.0,1.5842,4467.69
89.08,129,402,0,11,-0.8660254037844386,0.5000000000000001,3.2906,92.01
2576.88,24,919,0,9,-0.8660254037844385,-0.5000000000000004,4.4457,2691.45
4571.55,355,878,1,2,0.49999999999999994,0.8660254037844387,-0.9806,4526.72
482.2,163,862,1,8,-0.4999999999999997,-0.8660254037844388,3.6399,499.75
2706.69,326,554,0,11,-0.8660254037844386,0.5000000000000001,1.1697,2738.35
51.77,248,246,0,2,0.49999999999999994,0.8660254037844387,3.3408,53.5
810.21,284,651,1,11,-0.8660254037844386,0.5000000000000001,1.4674,822.1
316.38,278,1341,0,2,0.49999999999999994,0.8660254037844387,2.2862,323.62
250.23,71,639,0,11,-0.8660254037844386,0.5000000000000001,1.8779,254.93
281.07,133,75,0,10,-1.0,-1.8369701987210297e-16,4.177,292.81
719.35,170,547,0,2,0.49999999999999994,0.8660254037844387,0.7818,724.98
845.26,182,904,2,9,-0.8660254037844385,-0.5000000000000004,2.2328,864.13
192.31,16,1091,1,2,0.49999999999999994,0.8660254037844387,-0.7774,190.81
316.24,200,979,0,7,1.2246467991473532e-16,-1.0,6.8592,337.93
149.84,56,906,2,12,-0.5000000000000004,0.8660254037844384,-2.3483,146.32
735.09,272,253,0,3,0.8660254037844386,0.5000000000000001,1.8664,748.81
74.06,249,687,0,3,0.8660254037844386,0.5000000000000001,1.9928,75.54
243.82,337,49,0,6,0.49999999999999994,-0.8660254037844387,3.5099,252.38
5000.0,272,1005,1,5,0.8660254037844387,-0.4999999999999998,1.0076,5050.38
4996.3,134,839,1,1,0.0,1.0,-1.2203,4935.32
521.61,354,753,1,6,0.49999999999999994,-0.8660254037844387,7.3388,559.89
167.85,150,1008,0,4,1.0,6.123233995736766e-17,0.7181,169.05
863.17,119,1143,0,2,0.49999999999999994,0.8660254037844387,1.7692,878.44
407.59,331,429,0,4,1.0,6.123233995736766e-17,3.0261,419.92
60.18,135,1076,2,1,0.0,1.0,-0.9914,59.58
5000.0,27,787,0,11,-0.8660254037844386,0.5000000000000001,0.257,5012.85
221.47,171,860,1,12,-0.5000000000000004,0.8660254037844384,3.2922,228.76
311.2,291,859,1,5,0.8660254037844387,-0.4999999999999998,7.1617,333.49
441.02,69,350,0,11,-0.8660254037844386,0.5000000000000001,0.827,444.67
2422.05,169,294,0,6,0.49999999999999994,-0.8660254037844387,3.294,2501.83
1471.55,47,89,0,11,-0.8660254037844386,0.5000000000000001,-0.3585,1466.28
98.34,251,340,1,3,0.8660254037844386,0.5000000000000001,5.8471,104.09
1696.68,174,1670,3,4,1.0,6.123233995736766e-17,0.8645,1711.35
2172.4,120,146,0,9,-0.8660254037844385,-0.5000000000000004,3.6305,2251.27
1678.26,83,1668,3,3,0.8660254037844386,0.5000000000000001,-1.5258,1652.65
113.85,206,1350,0,10,-1.0,-1.8369701987210297e-16,3.2313,117.53
508.81,245,396,0,6,0.49999999999999994,-0.8660254037844387,7.5349,547.15
2534.88,344,1025,2,5,0.8660254037844387,-0.4999999999999998,3.9818,2635.81
118.43,159,955,2,6,0.49999999999999994,-0.8660254037844387,4.7047,124.0
564.43,58,618,0,10,-1.0,-1.8369701987210297e-16,2.4523,578.28
1060.92,304,739,1,1,0.0,1.0,-0.0869,1060.0
878.46,230,775,2,10,-1.0,-1.8369701987210297e-16,1.537,891.96
86.21,256,1114,1,10,-1.0,-1.8369701987210297e-16,3.2933,89.05
165.65,35,727,1,10,-1.0,-1.8369701987210297e-16,1.9256,168.84
520.19,114,317,0,12,-0.5000000000000004,0.8660254037844384,0.5883,523.25
117.72,281,596,0,10,-1.0,-1.8369701987210297e-16,3.5199,121.87
292.21,304,1547,1,7,1.2246467991473532e-16,-1.0,9.4231,319.74
437.91,159,1483,0,6,0.49999999999999994,-0.8660254037844387,5.2367,460.85
40.0,294,135,0,5,0.8660254037844387,-0.4999999999999998,4.9462,41.98
553.3,308,883,0,10,-1.0,-1.8369701987210297e-16,6.386,588.64
5000.0,141,1462,0,5,0.8660254037844387,-0.4999999999999998,2.2547,5112.74
265.05,328,327,0,7,1.2246467991473532e-16,-1.0,5.2039,278.85
127.48,105,145,0,2,0.49999999999999994,0.8660254037844387,0.6407,128.3
129.02,87,353,0,4,1.0,6.123233995736766e-17,-0.0783,128.92
480.17,249,507,0,4,1.0,6.123233995736766e-17,3.0733,494.93
531.3,233,1751,2,6,0.49999999999999994,-0.8660254037844387,7.7408,572.43
2505.47,51,626,1,7,1.2246467991473532e-16,-1.0,5.1233,2633.83
871.34,304,528,0,9,-0.8660254037844385,-0.5000000000000004,5.9416,923.12
265.9,73,423,0,6,0.49999999999999994,-0.8660254037844387,5.3551,280.14
273.92,294,615,0,2,0.49999999999999994,0.8660254037844387,3.2695,282.88
840.58,2,1703,1,7,1.2246467991473532e-16,-1.0,1.7948,855.67
117.92,291,256,1,1,0.0,1.0,3.7082,122.29
351.66,288,886,1,11,-0.8660254037844386,0.5000000000000001,1.4358,356.71
200.54,285,1118,1,10,-1.0,-1.8369701987210297e-16,5.7156,212.01
415.11,243,219,0,3,0.8660254037844386,0.5000000000000001,1.1286,419.79
451.79,172,109,0,4,1.0,6.123233995736766e-17,1.3587,457.93
3355.91,258,1475,0,1,0.0,1.0,2.4606,3438.48
133.36,101,436,0,5,0.8660254037844387,-0.4999999999999998,6.503,142.03
2866.52,285,398,0,1,0.0,1.0,2.9668,2951.56
553.04,203,699,1,12,-0.5000000000000004,0.8660254037844384,1.4682,561.16
1083.71,167,150,0,2,0.49999999999999994,0.8660254037844387,-0.0147,1083.55
714.34,185,470,1,8,-0.4999999999999997,-0.8660254037844388,4.9068,749.39
1685.87,208,80,0,7,1.2246467991473532e-16,-1.0,5.7646,1783.06
1110.67,13,823,0,3,0.8660254037844386,0.5000000000000001,-2.7952,1079.62
48.86,51,815,1,10,-1.0,-1.8369701987210297e-16,1.8217,49.75
258.24,89,444,0,2,0.49999999999999994,0.8660254037844387,-1.2142,255.11
5000.0,41,1382,0,11,-0.8660254037844386,0.5000000000000001,0.0317,5001.59
352.34,160,489,0,9,-0.8660254037844385,-0.5000000000000004,1.8908,359.01
1752.7,244,225,1,8,-0.4999999999999997,-0.8660254037844388,0.6891,1764.78
2168.96,239,190,0,11,-0.8660254037844386,0.5000000000000001,-0.8743,2150.0
277.74,172,1538,2,5,0.8660254037844387,-0.4999999999999998,2.8746,285.72
2830.35,312,1199,3,4,1.0,6.123233995736766e-17,3.0983,2918.04
254.33,206,628,1,2,0.49999999999999994,0.8660254037844387,0.046,254.44
45.2,28,405,0,12,-0.5000000000000004,0.8660254037844384,-1.4494,44.55
1059.43,279,477,1,5,0.8660254037844387,-0.4999999999999998,4.2136,1104.07
2175.13,210,659,0,10,-1.0,-1.8369701987210297e-16,3.1733,2244.15
471.61,232,1437,2,4,1.0,6.123233995736766e-17,5.4994,497.54
116.77,206,974,0,12,-0.5000000000000004,0.8660254037844384,3.9522,121.38
999.34,202,1133,0,11,-0.8660254037844386,0.5000000000000001,0.8694,1008.03
1114.38,33,105,0,4,1.0,6.123233995736766e-17,-1.0394,1102.79
1090.72,204,978,1,6,0.49999999999999994,-0.8660254037844387,5.5388,1151.13
308.34,290,1522,2,10,-1.0,-1.8369701987210297e-16,2.3151,315.48
220.86,111,339,0,3,0.8660254037844386,0.5000000000000001,0.7139,222.43
666.86,220,893,0,1,0.0,1.0,-0.9864,660.28
83.33,11,141,1,4,1.0,6.123233995736766e-17,-1.9032,81.74
3291.44,127,1551,1,8,-0.4999999999999997,-0.8660254037844388,5.5105,3472.82
88.44,159,1241,1,2,0.49999999999999994,0.8660254037844387,1.984,90.19
508.04,359,952,0,5,0.8660254037844387,-0.4999999999999998,4.9122,533.0
2866.98,78,978,1,12,-0.5000000000000004,0.8660254037844384,-1.3271,2828.93
656.61,101,1328,2,1,0.0,1.0,2.0729,670.22
1644.23,149,660,0,1,0.0,1.0,-0.7247,1632.31
189.25,363,1452,0,6,0.49999999999999994,-0.8660254037844387,8.0225,204.43
320.62,312,355,0,1,0.0,1.0,3.1397,330.69
1639.24,12,1225,0,1,0.0,1.0,1.1474,1658.05
3609.9,85,1232,1,3,0.8660254037844386,0.5000000000000001,-0.9427,3575.87
1193.95,300,1264,0,2,0.49999999999999994,0.8660254037844387,0.3594,1198.24
110.03,21,148,0,10,-1.0,-1.8369701987210297e-16,-0.8252,109.12
91.52,313,693,0,2,0.49999999999999994,0.8660254037844387,4.2387,95.4
2961.6,102,1424,2,7,1.2246467991473532e-16,-1.0,6.0036,3139.4
726.53,335,1164,1,9,-0.8660254037844385,-0.5000000000000004,6.1825,771.44
126.16,107,1047,0,8,-0.4999999999999997,-0.8660254037844388,4.1037,131.34
514.83,158,1105,1,8,-0.4999999999999997,-0.8660254037844388,6.2344,546.93
71.55,242,370,0,5,0.8660254037844387,-0.4999999999999998,4.0673,74.46
92.73,46,1339,1,11,-0.8660254037844386,0.5000000000000001,-0.0483,92.69
3741.89,203,928,1,1,0.0,1.0,-0.1772,3735.26
800.9,184,1458,0,2,0.49999999999999994,0.8660254037844387,0.8555,807.76
152.37,286,1072,3,11,-0.8660254037844386,0.5000000000000001,1.0839,154.02
3116.82,364,827,0,1,0.0,1.0,3.9359,3239.5
5000.0,243,1017,1,3,0.8660254037844386,0.5000000000000001,0.9263,5046.31
3793.18,149,1313,0,3,0.8660254037844386,0.5000000000000001,-0.7422,3765.03
2001.29,148,1452,1,1,0.0,1.0,1.0595,2022.49
4694.84,152,896,0,2,0.49999999999999994,0.8660254037844387,-0.768,4658.78
123.96,297,840,0,7,1.2246467991473532e-16,-1.0,5.496,130.78
2176.96,117,124,0,8,-0.4999999999999997,-0.8660254037844388,3.6415,2256.24
221.86,61,716,3,1,0.0,1.0,-2.6036,216.08
63.28,122,1117,0,12,-0.5000000000000004,0.8660254037844384,1.2769,64.08
50.61,8,662,1,2,0.49999999999999994,0.8660254037844387,-0.6493,50.28
110.72,38,680,0,9,-0.8660254037844385,-0.5000000000000004,2.6862,113.7
2003.44,32,1028,1,10,-1.0,-1.8369701987210297e-16,-0.0382,2002.68
2718.1,282,368,0,7,1.2246467991473532e-16,-1.0,1.2356,2751.69
78.01,264,620,1,6,0.49999999999999994,-0.8660254037844387,5.279,82.12
1971.67,255,377,2,2,0.49999999999999994,0.8660254037844387,2.1117,2013.3
1958.85,169,1163,0,3,0.8660254037844386,0.5000000000000001,2.8379,2014.43
61.04,262,785,0,11,-0.8660254037844386,0.5000000000000001,3.1015,62.94
1206.73,59,473,2,5,0.8660254037844387,-0.4999999999999998,1.5298,1225.19
60.22,329,912,0,1,0.0,1.0,4.2612,62.79
128.09,183,253,0,9,-0.8660254037844385,-0.5000000000000004,2.6549,131.49
682.66,343,1181,0,9,-0.8660254037844385,-0.5000000000000004,7.6176,734.67
3026.71,55,551,1,1,0.0,1.0,-1.4838,2981.8
66.09,182,584,2,1,0.0,1.0,0.0034,66.1
308.78,254,1504,1,2,0.49999999999999994,0.8660254037844387,4.6105,323.02
826.72,181,1223,1,1,0.0,1.0,-2.3536,807.26
1738.8,163,1036,0,8,-0.4999999999999997,-0.8660254037844388,2.764,1786.86
3803.69,60,921,0,2,0.49999999999999994,0.8660254037844387,0.6471,3828.3
439.83,139,802,0,8,-0.4999999999999997,-0.8660254037844388,5.6996,464.9
2041.96,87,324,0,3,0.8660254037844386,0.5000000000000001,2.3857,2090.68
767.57,110,482,0,12,-0.5000000000000004,0.8660254037844384,-3.2636,742.52
164.49,250,1668,1,9,-0.8660254037844385,-0.5000000000000004,6.4894,175.16
921.21,230,1382,0,5,0.8660254037844387,-0.4999999999999998,2.9087,948.01
237.9,222,1102,0,6,0.49999999999999994,-0.8660254037844387,6.6358,253.69
1631.2,132,1339,0,1,0.0,1.0,0.5532,1640.22
215.85,351,1215,0,1,0.0,1.0,4.6496,225.88
154.06,32,626,0,7,1.2246467991473532e-16,-1.0,3.4931,159.44
4668.96,125,1086,0,1,0.0,1.0,1.7912,4752.59
4005.55,43,1140,0,8,-0.4999999999999997,-0.8660254037844388,1.8141,4078.21
311.79,124,246,0,5,0.8660254037844387,-0.4999999999999998,2.8793,320.77
2254.65,352,1560,1,2,0.49999999999999994,0.8660254037844387,2.4101,2308.99
5000.0,134,1166,2,7,1.2246467991473532e-16,-1.0,5.7184,5285.92
66.33,332,673,1,7,1.2246467991473532e-16,-1.0,7.6839,71.42
820.74,181,841,1,9,-0.8660254037844385,-0.5000000000000004,3.7849,851.81
152.37,256,901,2,3,0.8660254037844386,0.5000000000000001,3.3243,157.43
1862.77,167,529,0,7,1.2246467991473532e-16,-1.0,5.8009,1970.82
81.12,97,1017,1,11,-0.8660254037844386,0.5000000000000001,2.2805,82.97
2570.05,279,1497,0,4,1.0,6.123233995736766e-17,2.3302,2629.94
115.5,354,639,0,11,-0.8660254037844386,0.5000000000000001,4.9862,121.25
337.28,96,357,0,9,-0.8660254037844385,-0.5000000000000004,2.8358,346.84
2571.03,285,1153,0,6,0.49999999999999994,-0.8660254037844387,5.011,2699.86
57.75,95,587,1,11,-0.8660254037844386,0.5000000000000001,0.038,57.77
3888.11,262,826,0,12,-0.5000000000000004,0.8660254037844384,2.4399,3982.98
112.82,288,505,1,3,0.8660254037844386,0.5000000000000001,3.4883,116.75
418.89,164,539,2,12,-0.5000000000000004,0.8660254037844384,-1.5457,412.41
1291.68,269,411,0,1,0.0,1.0,-0.7251,1282.32
77.52,99,563,0,2,0.49999999999999994,0.8660254037844387,3.8865,80.53
1076.37,29,1436,0,1,0.0,1.0,0.8207,1085.2
598.65,35,1022,0,5,0.8660254037844387,-0.4999999999999998,2.8679,615.81
806.1,163,1279,3,12,-0.5000000000000004,0.8660254037844384,0.5923,810.88
858.56,330,357,1,8,-0.4999999999999997,-0.8660254037844388,3.8943,892.0
254.07,46,215,1,8,-0.4999999999999997,-0.8660254037844388,1.9682,259.07
175.74,166,543,0,2,0.49999999999999994,0.8660254037844387,1.5341,178.44
140.09,257,1462,1,7,1.2246467991473532e-16,-1.0,7.7235,150.91
3080.91,74,302,1,5,0.8660254037844387,-0.4999999999999998,-1.0879,3047.4
367.47,264,1160,0,6,0.49999999999999994,-0.8660254037844387,4.6482,384.55
215.39,111,1240,0,4,1.0,6.123233995736766e-17,1.494,218.61
52.52,295,449,0,3,0.8660254037844386,0.5000000000000001,4.6638,54.97
1261.09,211,215,0,12,-0.5000000000000004,0.8660254037844384,0.1943,1263.54
502.38,200,658,2,7,1.2246467991473532e-16,-1.0,2.6797,515.84
90.18,64,306,1,5,0.8660254037844387,-0.4999999999999998,1.902,91.9
3906.71,169,1273,0,1,0.0,1.0,-0.1351,3901.44
4405.93,313,1310,2,10,-1.0,-1.8369701987210297e-16,0.6542,4434.75
3360.43,7,1024,0,6,0.49999999999999994,-0.8660254037844387,4.2091,3501.88
502.19,277,175,0,5,0.8660254037844387,-0.4999999999999998,3.7583,521.06
351.2,180,1674,2,9,-0.8660254037844385,-0.5000000000000004,5.6069,370.89
111.26,263,1215,2,2,0.49999999999999994,0.8660254037844387,-0.1941,111.05
336.67,242,1352,1,7,1.2246467991473532e-16,-1.0,6.5401,358.69
791.98,158,598,0,11,-0.8660254037844386,0.5000000000000001,-0.628,787.0
116.62,112,574,2,6,0.49999999999999994,-0.8660254037844387,7.0659,124.86
527.69,229,1472,1,1,0.0,1.0,-1.1261,521.75
523.16,51,219,1,3,0.8660254037844386,0.5000000000000001,1.9059,533.13
1209.41,213,311,0,1,0.0,1.0,0.2677,1212.65
57.52,34,268,0,7,1.2246467991473532e-16,-1.0,3.1137,59.31
2291.18,237,388,1,5,0.8660254037844387,-0.4999999999999998,3.7468,2377.03
442.65,230,1191,2,2,0.49999999999999994,0.8660254037844387,-0.253,441.53
664.21,30,615,1,9,-0.8660254037844385,-0.5000000000000004,2.6977,682.13
5000.0,277,1451,0,3,0.8660254037844386,0.5000000000000001,4.0402,5202.01
136.34,152,1612,1,5,0.8660254037844387,-0.4999999999999998,4.4045,142.35
2464.38,288,290,0,12,-0.5000000000000004,0.8660254037844384,1.3031,2496.49
2547.94,15,1252,0,1,0.0,1.0,1.8439,2594.92
3720.8,65,101,0,3,0.8660254037844386,0.5000000000000001,0.0948,3724.33
263.81,180,461,0,4,1.0,6.123233995736766e-17,1.8749,268.76
97.8,68,1198,1,7,1.2246467991473532e-16,-1.0,5.5661,103.24
41.59,120,345,0,3,0.8660254037844386,0.5000000000000001,0.8481,41.95
1485.2,241,158,0,12,-0.5000000000000004,0.8660254037844384,-0.6611,1475.38
80.85,52,705,2,1,0.0,1.0,-0.0106,80.84
224.44,248,1155,1,12,-0.5000000000000004,0.8660254037844384,0.6977,226.01
4168.39,37,367,0,7,1.2246467991473532e-16,-1.0,2.2764,4263.28
323.23,64,403,0,1,0.0,1.0,0.6128,325.21
121.99,215,532,1,2,0.49999999999999994,0.8660254037844387,4.2914,127.23
2053.99,290,1328,0,2,0.49999999999999994,0.8660254037844387,3.1895,2119.5
211.88,62,1338,0,4,1.0,6.123233995736766e-17,0.5837,213.11
691.87,109,1217,0,4,1.0,6.123233995736766e-17,0.7518,697.07
70.39,338,74,0,8,-0.4999999999999997,-0.8660254037844388,8.2852,76.22
351.03,362,474,1,4,1.0,6.123233995736766e-17,2.8377,360.99
97.75,212,1326,0,9,-0.8660254037844385,-0.5000000000000004,3.2799,100.95
1888.46,163,851,0,4,1.0,6.123233995736766e-17,1.1029,1909.29
191.3,126,105,0,4,1.0,6.123233995736766e-17,3.1656,197.35
180.92,224,407,0,4,1.0,6.123233995736766e-17,3.6473,187.52
5000.0,216,1248,0,4,1.0,6.123233995736766e-17,4.168,5208.4
3128.41,107,1778,2,11,-0.8660254037844386,0.5000000000000001,0.0588,3130.25
619.57,8,664,0,3,0.8660254037844386,0.5000000000000001,-1.8732,607.97
3224.28,55,265,0,4,1.0,6.123233995736766e-17,-2.3773,3147.63
95.37,350,157,0,12,-0.5000000000000004,0.8660254037844384,1.159,96.48
595.01,153,465,1,8,-0.4999999999999997,-0.8660254037844388,3.7033,617.05
4519.24,176,1208,0,3,0.8660254037844386,0.5000000000000001,0.0609,4521.99
892.96,170,1692,2,11,-0.8660254037844386,0.5000000000000001,2.5858,916.05
177.87,286,563,1,3,0.8660254037844386,0.5000000000000001,1.1825,179.97
2835.14,23,1467,0,2,0.49999999999999994,0.8660254037844387,-3.0612,2748.35
114.84,30,1505,1,6,0.49999999999999994,-0.8660254037844387,3.6724,119.05
126.37,100,1482,0,9,-0.8660254037844385,-0.5000000000000004,5.5891,133.43
1758.12,178,1424,2,3,0.8660254037844386,0.5000000000000001,3.1318,1813.18
69.72,245,1131,2,10,-1.0,-1.8369701987210297e-16,1.1907,70.55
78.09,179,1474,0,2,0.49999999999999994,0.8660254037844387,4.7394,81.79
318.31,161,1167,1,10,-1.0,-1.8369701987210297e-16,3.3089,328.84
374.07,343,1256,0,2,0.49999999999999994,0.8660254037844387,2.4156,383.11
410.07,58,631,0,6,0.49999999999999994,-0.8660254037844387,4.5764,428.83
1415.03,209,629,1,8,-0.4999999999999997,-0.8660254037844388,5.9735,1499.56
755.1,198,1195,2,4,1.0,6.123233995736766e-17,-0.185,753.7
1302.79,173,640,0,8,-0.4999999999999997,-0.8660254037844388,3.6193,1349.94
54.36,295,637,1,9,-0.8660254037844385,-0.5000000000000004,4.3048,56.7
245.61,97,1280,1,8,-0.4999999999999997,-0.8660254037844388,5.2076,258.4
4865.02,349,934,0,5,0.8660254037844387,-0.4999999999999998,7.24,5217.25
333.43,121,703,1,10,-1.0,-1.8369701987210297e-16,2.2925,341.08
118.17,199,552,1,9,-0.8660254037844385,-0.5000000000000004,3.6258,122.45
5000.0,190,1009,1,4,1.0,6.123233995736766e-17,2.9083,5145.42
288.45,311,749,3,9,-0.8660254037844385,-0.5000000000000004,3.4185,298.31
382.08,160,391,0,12,-0.5000000000000004,0.8660254037844384,-2.4423,372.75
113.27,104,368,0,10,-1.0,-1.8369701987210297e-16,3.166,116.85
1158.65,7,1010,0,9,-0.8660254037844385,-0.5000000000000004,3.3314,1197.25
119.7,133,649,0,10,-1.0,-1.8369701987210297e-16,4.8158,125.46
764.01,302,543,0,10,-1.0,-1.8369701987210297e-16,1.9373,778.81
1387.75,3,508,2,4,1.0,6.123233995736766e-17,-0.2961,1383.64
751.6,327,125,0,9,-0.8660254037844385,-0.5000000000000004,6.3637,799.43
80.33,198,1130,1,3,0.8660254037844386,0.5000000000000001,6.5841,85.61
89.03,51,1454,0,5,0.8660254037844387,-0.4999999999999998,4.6247,93.15
2262.26,110,517,0,12,-0.5000000000000004,0.8660254037844384,1.2737,2291.07
4220.89,202,1467,1,4,1.0,6.123233995736766e-17,1.0636,4265.78
97.8,115,1084,1,11,-0.8660254037844386,0.5000000000000001,0.2427,98.04
245.85,39,487,0,6,0.49999999999999994,-0.8660254037844387,4.7509,257.53
1111.07,243,1150,2,3,0.8660254037844386,0.5000000000000001,-1.5339,1094.03
1896.23,246,233,0,2,0.49999999999999994,0.8660254037844387,0.7772,1910.97
3126.79,43,536,0,7,1.2246467991473532e-16,-1.0,4.8121,3277.25
1471.99,102,1115,0,6,0.49999999999999994,-0.8660254037844387,5.0747,1546.69
115.16,89,1389,1,7,1.2246467991473532e-16,-1.0,5.7842,121.83
1481.22,241,366,0,1,0.0,1.0,0.4964,1488.57
3411.9,267,1474,1,4,1.0,6.123233995736766e-17,2.5072,3497.44
265.49,266,926,0,1,0.0,1.0,5.6916,280.6
408.17,343,378,0,4,1.0,6.123233995736766e-17,5.8356,431.99
129.8,281,1615,2,12,-0.5000000000000004,0.8660254037844384,3.4486,134.28
246.64,117,1327,0,2,0.49999999999999994,0.8660254037844387,1.6785,250.78
2482.93,39,441,0,9,-0.8660254037844385,-0.5000000000000004,0.5887,2497.55
54.71,224,198,0,1,0.0,1.0,2.9358,56.32
1508.46,335,459,0,7,1.2246467991473532e-16,-1.0,5.0176,1584.14
87.1,356,1146,0,12,-0.5000000000000004,0.8660254037844384,4.0169,90.59
138.13,84,134,0,5,0.8660254037844387,-0.4999999999999998,3.5872,143.09
662.41,86,604,1,3,0.8660254037844386,0.5000000000000001,0.5918,666.33
42.87,13,510,0,7,1.2246467991473532e-16,-1.0,5.8184,45.36
810.55,51,69,0,4,1.0,6.123233995736766e-17,-1.6563,797.12
222.25,203,1000,1,11,-0.8660254037844386,0.5000000000000001,2.5733,227.97
1933.76,200,1218,0,11,-0.8660254037844386,0.5000000000000001,5.4088,2038.36
3820.12,135,388,1,8,-0.4999999999999997,-0.8660254037844388,3.9288,3970.2
423.35,113,1484,1,8,-0.4999999999999997,-0.8660254037844388,3.9362,440.01
69.87,303,1432,0,8,-0.4999999999999997,-0.8660254037844388,8.3007,75.67
3209.43,168,1312,0,9,-0.8660254037844385,-0.5000000000000004,3.7713,3330.46
197.22,295,1096,0,6,0.49999999999999994,-0.8660254037844387,8.8656,214.71
92.69,352,697,0,12,-0.5000000000000004,0.8660254037844384,4.6647,97.01
2468.62,116,341,0,5,0.8660254037844387,-0.4999999999999998,0.9311,2491.6
184.25,74,1600,1,1,0.0,1.0,0.803,185.73
868.9,348,995,1,9,-0.8660254037844385,-0.5000000000000004,5.5658,917.26
152.86,232,703,0,8,-0.4999999999999997,-0.8660254037844388,6.5603,162.88
1281.84,106,808,2,12,-0.5000000000000004,0.8660254037844384,-0.3486,1277.37
840.25,227,362,0,5,0.8660254037844387,-0.4999999999999998,4.5224,878.25
539.45,188,1047,2,6,0.49999999999999994,-0.8660254037844387,4.6982,564.8
788.55,331,1386,1,7,1.2246467991473532e-16,-1.0,4.9601,827.67
143.91,93,860,0,5,0.8660254037844387,-0.4999999999999998,3.3232,148.69
49.24,362,620,0,10,-1.0,-1.8369701987210297e-16,4.8175,51.62
1581.83,342,202,0,6,0.49999999999999994,-0.8660254037844387,4.8842,1659.09
3206.64,66,1013,2,10,-1.0,-1.8369701987210297e-16,0.0191,3207.25
1543.02,60,358,0,6,0.49999999999999994,-0.8660254037844387,4.1106,1606.45
1234.89,195,770,2,3,0.8660254037844386,0.5000000000000001,-0.6977,1226.27
345.94,16,262,0,12,-0.5000000000000004,0.8660254037844384,-3.8118,332.75
953.42,109,1424,0,7,1.2246467991473532e-16,-1.0,7.582,1025.71
1061.22,159,508,1,9,-0.8660254037844385,-0.5000000000000004,1.4238,1076.33
41.31,354,225,0,8,-0.4999999999999997,-0.8660254037844388,7.7827,44.53
384.31,363,998,0,5,0.8660254037844387,-0.4999999999999998,6.9819,411.14
131.92,55,881,2,12,-0.5000000000000004,0.8660254037844384,-1.5274,129.91
346.12,326,1495,0,5,0.8660254037844387,-0.4999999999999998,5.8562,366.39
1623.14,33,963,2,12,-0.5000000000000004,0.8660254037844384,-2.1243,1588.66
282.11,273,1281,3,6,0.49999999999999994,-0.8660254037844387,5.1633,296.67
1876.03,309,1259,0,1,0.0,1.0,0.9585,1894.01
5000.0,326,1478,0,1,0.0,1.0,1.8665,5093.33
4423.23,81,1223,0,12,-0.5000000000000004,0.8660254037844384,0.0705,4426.35
2505.5,327,1017,1,7,1.2246467991473532e-16,-1.0,7.1024,2683.45
3169.24,42,1605,3,5,0.8660254037844387,-0.4999999999999998,0.0528,3170.91
282.76,189,791,2,10,-1.0,-1.8369701987210297e-16,0.9735,285.51
1917.49,171,1691,2,8,-0.4999999999999997,-0.8660254037844388,2.7589,1970.39
1360.87,115,1315,0,8,-0.4999999999999997,-0.8660254037844388,4.8085,1426.3
4572.0,8,603,0,9,-0.8660254037844385,-0.5000000000000004,-1.5829,4499.63
526.36,282,142,0,3,0.8660254037844386,0.5000000000000001,3.7333,546.01
417.26,122,1379,2,2,0.49999999999999994,0.8660254037844387,0.2777,418.42
1871.61,242,194,0,9,-0.8660254037844385,-0.5000000000000004,3.8232,1943.16
1151.43,150,70,0,1,0.0,1.0,-0.3699,1147.17
109.07,136,1424,0,9,-0.8660254037844385,-0.5000000000000004,3.8516,113.28
825.97,324,871,0,2,0.49999999999999994,0.8660254037844387,0.9187,833.56
849.98,34,991,0,4,1.0,6.123233995736766e-17,0.4716,853.99
1155.75,269,1326,0,9,-0.8660254037844385,-0.5000000000000004,2.7235,1187.22
5000.0,273,1761,2,8,-0.4999999999999997,-0.8660254037844388,4.815,5240.75
1042.96,139,1563,1,10,-1.0,-1.8369701987210297e-16,2.0853,1064.71
2238.29,96,238,0,8,-0.4999999999999997,-0.8660254037844388,0.2598,2244.11
232.02,1,624,1,1,0.0,1.0,-2.5649,226.07
72.46,342,1163,0,11,-0.8660254037844386,0.5000000000000001,5.5449,76.48
216.21,346,314,1,3,0.8660254037844386,0.5000000000000001,4.5168,225.98
491.58,88,386,0,2,0.49999999999999994,0.8660254037844387,-2.0102,481.7
2574.58,11,1019,1,11,-0.8660254037844386,0.5000000000000001,2.3744,2635.71
847.76,44,544,0,3,0.8660254037844386,0.5000000000000001,-1.3416,836.39
306.12,24,296,0,7,1.2246467991473532e-16,-1.0,0.2499,306.89
538.16,304,1564,1,6,0.49999999999999994,-0.8660254037844387,8.4381,583.57
5000.0,326,758,1,10,-1.0,-1.8369701987210297e-16,1.5231,5076.16
87.47,56,737,1,1,0.0,1.0,2.1942,89.39
137.37,273,1002,0,2,0.49999999999999994,0.8660254037844387,2.0874,140.23
1004.72,65,1021,0,5,0.8660254037844387,-0.4999999999999998,2.4772,1029.61
1288.52,134,844,1,6,0.49999999999999994,-0.8660254037844387,1.614,1309.32
379.27,219,1336,0,10,-1.0,-1.8369701987210297e-16,6.0425,402.19
48.3,263,475,0,8,-0.4999999999999997,-0.8660254037844388,7.634,51.99
685.41,320,1312,0,2,0.49999999999999994,0.8660254037844387,1.8871,698.34
115.05,16,1309,0,12,-0.5000000000000004,0.8660254037844384,0.3844,115.49
43.18,71,57,0,6,0.49999999999999994,-0.8660254037844387,4.2871,45.03
279.52,102,1143,0,12,-0.5000000000000004,0.8660254037844384,0.6384,281.3
71.82,113,371,1,12,-0.5000000000000004,0.8660254037844384,2.291,73.46
382.13,365,903,1,1,0.0,1.0,2.2456,390.71
2233.05,284,1586,1,7,1.2246467991473532e-16,-1.0,4.5707,2335.12
49.94,117,483,1,6,0.49999999999999994,-0.8660254037844387,1.6389,50.76
522.21,355,863,0,6,0.49999999999999994,-0.8660254037844387,4.5186,545.81
598.93,182,1513,2,4,1.0,6.123233995736766e-17,3.2812,618.59
49.93,183,979,1,7,1.2246467991473532e-16,-1.0,5.9655,52.91
1148.99,158,158,0,6,0.49999999999999994,-0.8660254037844387,4.4841,1200.51
53.17,52,140,0,3,0.8660254037844386,0.5000000000000001,-0.4152,52.95
3908.28,341,894,1,4,1.0,6.123233995736766e-17,0.9156,3944.06
709.93,5,205,1,2,0.49999999999999994,0.8660254037844387,-3.3175,686.37
132.77,63,176,1,11,-0.8660254037844386,0.5000000000000001,2.9436,136.68
4896.19,84,1626,1,9,-0.8660254037844385,-0.5000000000000004,0.9303,4941.74
353.44,102,1298,2,5,0.8660254037844387,-0.4999999999999998,2.7727,363.25
167.31,48,1060,2,5,0.8660254037844387,-0.4999999999999998,-1.2642,165.2
237.46,6,412,1,1,0.0,1.0,-2.6317,231.22
1013.56,248,1466,2,4,1.0,6.123233995736766e-17,2.0806,1034.65
1546.34,354,1156,2,12,-0.5000000000000004,0.8660254037844384,2.0197,1577.57
895.14,44,365,0,1,0.0,1.0,-1.7517,879.46
4249.64,108,1254,1,2,0.49999999999999994,0.8660254037844387,-2.4261,4146.54
3640.29,185,390,0,11,-0.8660254037844386,0.5000000000000001,-0.0583,3638.17
120.58,339,777,0,7,1.2246467991473532e-16,-1.0,6.819,128.8
3662.09,254,860,0,1,0.0,1.0,-0.2103,3654.39
67.89,280,451,0,6,0.49999999999999994,-0.8660254037844387,4.6988,71.08
5000.0,212,1320,0,9,-0.8660254037844385,-0.5000000000000004,5.6946,5284.73
181.69,152,1069,0,5,0.8660254037844387,-0.4999999999999998,3.7902,188.58
144.92,73,465,0,5,0.8660254037844387,-0.4999999999999998,3.8155,150.45
274.85,316,355,1,8,-0.4999999999999997,-0.8660254037844388,4.802,288.05
105.88,294,839,2,8,-0.4999999999999997,-0.8660254037844388,3.5788,109.67
2487.96,9,1235,3,11,-0.8660254037844386,0.5000000000000001,-2.4937,2425.91
88.17,261,846,0,3,0.8660254037844386,0.5000000000000001,4.1125,91.8
354.65,30,627,0,4,1.0,6.123233995736766e-17,4.0749,369.1
2749.09,270,459,2,2,0.49999999999999994,0.8660254037844387,-1.2565,2714.55
1057.06,302,1029,0,8,-0.4999999999999997,-0.8660254037844388,5.7385,1117.72
818.46,47,1043,3,7,1.2246467991473532e-16,-1.0,3.3419,845.81
4696.49,158,630,1,5,0.8660254037844387,-0.4999999999999998,4.395,4902.9
54.6,45,854,0,9,-0.8660254037844385,-0.5000000000000004,2.5855,56.01
259.12,207,1261,0,5,0.8660254037844387,-0.4999999999999998,4.9492,271.94
59.63,339,52,0,3,0.8660254037844386,0.5000000000000001,4.6257,62.39
145.52,29,1443,0,7,1.2246467991473532e-16,-1.0,5.2164,153.11
142.73,145,973,0,6,0.49999999999999994,-0.8660254037844387,6.9488,152.65
958.54,356,985,1,5,0.8660254037844387,-0.4999999999999998,6.7002,1022.76
130.98,110,287,1,6,0.49999999999999994,-0.8660254037844387,4.222,136.51
1234.55,48,1080,0,11,-0.8660254037844386,0.5000000000000001,0.8546,1245.1
1758.57,178,1093,0,3,0.8660254037844386,0.5000000000000001,0.9618,1775.48
328.36,186,860,0,4,1.0,6.123233995736766e-17,3.2518,339.04
708.16,242,1212,0,7,1.2246467991473532e-16,-1.0,5.6807,748.39
110.36,114,1480,1,1,0.0,1.0,2.8316,113.48
2037.49,349,1434,1,2,0.49999999999999994,0.8660254037844387,2.3656,2085.69
304.11,190,588,1,7,1.2246467991473532e-16,-1.0,4.9866,319.27
2704.73,104,1025,0,7,1.2246467991473532e-16,-1.0,2.5942,2774.89
414.89,351,128,0,8,-0.4999999999999997,-0.8660254037844388,7.0952,444.32
1358.59,338,1034,1,2,0.49999999999999994,0.8660254037844387,0.8264,1369.82
205.41,182,367,1,11,-0.8660254037844386,0.5000000000000001,0.9572,207.37
247.72,9,629,1,6,0.49999999999999994,-0.8660254037844387,4.3106,258.4
413.36,218,1030,0,2,0.49999999999999994,0.8660254037844387,3.5278,427.95
965.82,203,1003,2,4,1.0,6.123233995736766e-17,0.875,974.27
634.9,54,1302,0,3,0.8660254037844386,0.5000000000000001,-0.489,631.79
1581.04,232,171,0,6,0.49999999999999994,-0.8660254037844387,3.5236,1636.75
81.68,307,1684,1,6,0.49999999999999994,-0.8660254037844387,5.682,86.32
3761.33,38,1074,0,6,0.49999999999999994,-0.8660254037844387,0.7485,3789.49
3713.45,264,838,1,6,0.49999999999999994,-0.8660254037844387,3.3405,3837.5
106.41,51,80,0,11,-0.8660254037844386,0.5000000000000001,-3.9121,102.25
54.89,274,105,0,12,-0.5000000000000004,0.8660254037844384,3.1824,56.63
668.97,153,646,0,6,0.49999999999999994,-0.8660254037844387,5.6456,706.73
67.2,2,985,1,12,-0.5000000000000004,0.8660254037844384,1.5493,68.24
139.77,353,860,1,10,-1.0,-1.8369701987210297e-16,5.2153,147.06
456.63,60,477,0,10,-1.0,-1.8369701987210297e-16,0.844,460.48
940.85,218,991,0,3,0.8660254037844386,0.5000000000000001,4.0168,978.64
127.13,66,939,0,6,0.49999999999999994,-0.8660254037844387,3.4697,131.54
3511.1,341,544,0,5,0.8660254037844387,-0.4999999999999998,2.5049,3599.04
101.54,270,646,1,2,0.49999999999999994,0.8660254037844387,1.897,103.47
94.59,294,689,0,1,0.0,1.0,3.3343,97.74
117.4,158,1127,0,8,-0.4999999999999997,-0.8660254037844388,4.46,122.63
4032.43,171,900,0,6,0.49999999999999994,-0.8660254037844387,2.757,4143.61
2339.35,232,320,1,10,-1.0,-1.8369701987210297e-16,1.0556,2364.05
72.42,287,1627,1,9,-0.8660254037844385,-0.5000000000000004,6.2914,76.98
1244.78,309,496,1,2,0.49999999999999994,0.8660254037844387,0.8726,1255.64
75.63,6,1184,1,11,-0.8660254037844386,0.5000000000000001,4.3677,78.94
56.06,242,535,2,6,0.49999999999999994,-0.8660254037844387,4.4486,58.56
57.71,39,415,0,7,1.2246467991473532e-16,-1.0,4.8854,60.53
2643.04,105,1255,2,12,-0.5000000000000004,0.8660254037844384,-2.8844,2566.8
424.85,303,1339,1,8,-0.4999999999999997,-0.8660254037844388,6.7546,453.55
684.26,91,864,0,1,0.0,1.0,-0.4139,681.43
40.0,291,187,1,3,0.8660254037844386,0.5000000000000001,2.2484,40.9
4187.63,169,1496,1,6,0.49999999999999994,-0.8660254037844387,6.5228,4460.78
4307.64,85,571,1,1,0.0,1.0,-1.9159,4225.11
132.09,122,575,0,3,0.8660254037844386,0.5000000000000001,-0.0194,132.07
800.57,194,202,0,10,-1.0,-1.8369701987210297e-16,0.3722,803.55
1407.69,280,1500,2,2,0.49999999999999994,0.8660254037844387,1.3632,1426.88
4403.53,221,695,0,3,0.8660254037844386,0.5000000000000001,1.9563,4489.68
385.88,341,364,0,7,1.2246467991473532e-16,-1.0,6.0875,409.37
158.23,317,972,0,2,0.49999999999999994,0.8660254037844387,1.4294,160.5
211.63,275,330,0,4,1.0,6.123233995736766e-17,6.7214,225.86
1010.41,220,966,1,12,-0.5000000000000004,0.8660254037844384,3.3121,1043.88
494.65,106,1166,1,8,-0.4999999999999997,-0.8660254037844388,4.1709,515.28
83.69,151,1526,2,12,-0.5000000000000004,0.8660254037844384,-1.1434,82.74
2405.97,43,1056,0,5,0.8660254037844387,-0.4999999999999998,4.7334,2519.85
2928.53,136,871,0,8,-0.4999999999999997,-0.8660254037844388,5.7116,3095.8
324.4,339,94,0,3,0.8660254037844386,0.5000000000000001,2.6915,333.13
469.97,155,383,0,5,0.8660254037844387,-0.4999999999999998,5.1695,494.27
522.52,41,1070,1,3,0.8660254037844386,0.5000000000000001,-0.405,520.41
592.26,238,826,0,10,-1.0,-1.8369701987210297e-16,2.2799,605.76
78.62,352,821,0,3,0.8660254037844386,0.5000000000000001,4.5929,82.23
426.94,317,1393,2,3,0.8660254037844386,0.5000000000000001,0.3302,428.35
486.85,100,1458,1,6,0.49999999999999994,-0.8660254037844387,2.345,498.27
5000.0,166,777,0,6,0.49999999999999994,-0.8660254037844387,4.9371,5246.85
47.47,194,365,1,4,1.0,6.123233995736766e-17,3.156,48.97
199.86,90,688,0,5,0.8660254037844387,-0.4999999999999998,1.5712,203.0
463.63,98,821,2,4,1.0,6.123233995736766e-17,0.7035,466.9
2603.53,86,880,1,11,-0.8660254037844386,0.5000000000000001,-1.8448,2555.5
442.14,364,903,0,7,1.2246467991473532e-16,-1.0,6.1879,469.5
193.05,273,842,0,12,-0.5000000000000004,0.8660254037844384,1.931,196.78
624.2,307,891,0,12,-0.5000000000000004,0.8660254037844384,4.064,649.56
181.7,298,727,1,8,-0.4999999999999997,-0.8660254037844388,5.5277,191.74
506.91,351,302,0,10,-1.0,-1.8369701987210297e-16,3.4117,524.21
1479.75,38,1364,1,2,0.49999999999999994,0.8660254037844387,-1.3783,1459.35
546.83,322,629,0,12,-0.5000000000000004,0.8660254037844384,-0.169,545.91
693.19,24,347,0,6,0.49999999999999994,-0.8660254037844387,2.0684,707.53
74.3,174,1494,0,9,-0.8660254037844385,-0.5000000000000004,6.0253,78.77
759.85,217,92,0,3,0.8660254037844386,0.5000000000000001,1.4796,771.1
4190.04,130,549,0,2,0.49999999999999994,0.8660254037844387,1.0063,4232.21
561.46,53,1268,1,11,-0.8660254037844386,0.5000000000000001,1.6804,570.89
2117.22,70,997,2,6,0.49999999999999994,-0.8660254037844387,5.5439,2234.6
767.28,301,1271,0,2,0.49999999999999994,0.8660254037844387,0.9714,774.73
1249.96,116,742,1,8,-0.4999999999999997,-0.8660254037844388,3.6223,1295.24
223.01,113,980,0,1,0.0,1.0,1.7105,226.83
4567.84,337,873,1,6,0.49999999999999994,-0.8660254037844387,4.5621,4776.23
128.56,52,727,0,9,-0.8660254037844385,-0.5000000000000004,2.4079,131.66
105.22,334,985,1,9,-0.8660254037844385,-0.5000000000000004,6.4802,112.04
75.98,337,1464,0,6,0.49999999999999994,-0.8660254037844387,7.955,82.02
708.9,219,1151,0,5,0.8660254037844387,-0.4999999999999998,3.147,731.21
808.42,60,664,1,11,-0.8660254037844386,0.5000000000000001,-2.7464,786.22
967.55,57,651,0,3,0.8660254037844386,0.5000000000000001,-0.3317,964.34
100.83,104,635,0,1,0.0,1.0,-0.0962,100.73
1178.03,211,1116,0,2,0.49999999999999994,0.8660254037844387,2.5815,1208.44
117.7,56,1333,2,10,-1.0,-1.8369701987210297e-16,0.3036,118.06
1713.92,166,823,0,6,0.49999999999999994,-0.8660254037844387,4.0993,1784.18
166.65,42,671,0,1,0.0,1.0,-2.508,162.47
352.89,197,1013,2,3,0.8660254037844386,0.5000000000000001,-0.7101,350.38
285.32,7,1023,1,1,0.0,1.0,-2.1994,279.05
324.26,259,1255,0,10,-1.0,-1.8369701987210297e-16,4.1338,337.66
1810.87,20,1532,1,6,0.49999999999999994,-0.8660254037844387,1.1045,1830.87
3858.45,71,133,0,1,0.0,1.0,-1.5409,3799.0
480.3,63,390,0,3,0.8660254037844386,0.5000000000000001,-2.1937,469.77
351.2,304,1042,0,8,-0.4999999999999997,-0.8660254037844388,6.1222,372.7
151.73,19,374,1,8,-0.4999999999999997,-0.8660254037844388,1.9697,154.72
996.07,157,1117,1,10,-1.0,-1.8369701987210297e-16,0.2179,998.24
380.87,216,661,0,1,0.0,1.0,1.8865,388.05
1479.07,188,322,0,1,0.0,1.0,-3.2257,1431.36
834.94,249,778,0,1,0.0,1.0,0.5512,839.54
333.9,293,786,0,5,0.8660254037844387,-0.4999999999999998,6.592,355.91
4835.29,144,1083,0,9,-0.8660254037844385,-0.5000000000000004,0.124,4841.28
62.23,303,1473,1,8,-0.4999999999999997,-0.8660254037844388,7.5317,66.91
1575.56,116,1435,0,3,0.8660254037844386,0.5000000000000001,-0.2303,1571.93
338.59,360,1044,2,8,-0.4999999999999997,-0.8660254037844388,4.7913,354.81
94.03,184,1047,0,8,-0.4999999999999997,-0.8660254037844388,8.0283,101.57
86.48,269,1191,0,3,0.8660254037844386,0.5000000000000001,3.0577,89.13
1323.47,320,1482,0,9,-0.8660254037844385,-0.5000000000000004,7.7803,1426.44
107.38,290,1183,1,6,0.49999999999999994,-0.8660254037844387,5.7912,113.6
2283.78,311,403,0,1,0.0,1.0,0.9501,2305.47
186.04,196,542,0,5,0.8660254037844387,-0.4999999999999998,5.749,196.74
197.75,15,349,0,10,-1.0,-1.8369701987210297e-16,1.7365,201.18
903.66,180,483,1,9,-0.8660254037844385,-0.5000000000000004,3.0999,931.68
125.28,66,807,2,4,1.0,6.123233995736766e-17,0.7614,126.23
49.0,325,770,0,10,-1.0,-1.8369701987210297e-16,2.8263,50.39
458.41,86,1191,0,5,0.8660254037844387,-0.4999999999999998,1.4146,464.89
500.43,83,468,0,6,0.49999999999999994,-0.8660254037844387,5.4425,527.66
314.79,91,316,0,2,0.49999999999999994,0.8660254037844387,2.5901,322.95
372.29,235,832,3,12,-0.5000000000000004,0.8660254037844384,0.6099,374.57
895.61,209,330,0,11,-0.8660254037844386,0.5000000000000001,-1.2326,884.57
2529.34,347,827,1,3,0.8660254037844386,0.5000000000000001,1.2596,2561.2
251.47,152,832,2,7,1.2246467991473532e-16,-1.0,2.9613,258.92
1930.01,103,808,1,10,-1.0,-1.8369701987210297e-16,0.5105,1939.86
56.66,18,507,0,7,1.2246467991473532e-16,-1.0,2.2436,57.93
447.29,2,811,1,3,0.8660254037844386,0.5000000000000001,0.1392,447.91
305.64,136,986,0,12,-0.5000000000000004,0.8660254037844384,1.9331,311.54
308.66,338,109,0,4,1.0,6.123233995736766e-17,5.9493,327.03
87.54,191,1629,3,5,0.8660254037844387,-0.4999999999999998,3.0648,90.22
80.49,327,489,0,5,0.8660254037844387,-0.4999999999999998,5.9497,85.28
147.65,37,246,0,11,-0.8660254037844386,0.5000000000000001,1.3269,149.61
138.23,34,299,0,7,1.2246467991473532e-16,-1.0,4.8219,144.9
300.95,305,841,0,9,-0.8660254037844385,-0.5000000000000004,3.7658,312.28
413.39,39,884,1,11,-0.8660254037844386,0.5000000000000001,0.8867,417.06
105.05,19,325,1,12,-0.5000000000000004,0.8660254037844384,-0.9738,104.03
926.58,147,991,1,11,-0.8660254037844386,0.5000000000000001,1.6963,942.3
232.11,338,367,0,11,-0.8660254037844386,0.5000000000000001,3.2855,239.74
78.94,252,1371,0,12,-0.5000000000000004,0.8660254037844384,5.7757,83.5
132.46,36,495,0,12,-0.5000000000000004,0.8660254037844384,-1.3479,130.67
873.65,306,1500,0,8,-0.4999999999999997,-0.8660254037844388,4.7368,915.04
918.31,308,1122,1,2,0.49999999999999994,0.8660254037844387,0.7355,925.06
2690.06,293,1608,1,2,0.49999999999999994,0.8660254037844387,1.2168,2722.79
155.09,330,1044,2,10,-1.0,-1.8369701987210297e-16,4.4859,162.05
558.71,87,445,1,4,1.0,6.123233995736766e-17,0.4005,560.94
489.08,358,981,0,10,-1.0,-1.8369701987210297e-16,6.4023,520.4
2540.1,117,805,1,12,-0.5000000000000004,0.8660254037844384,-0.3074,2532.29
1775.29,293,1342,1,8,-0.4999999999999997,-0.8660254037844388,5.0169,1864.35
86.69,212,926,2,10,-1.0,-1.8369701987210297e-16,1.1576,87.69
3550.13,285,317,0,4,1.0,6.123233995736766e-17,5.3608,3740.44
208.02,229,424,1,6,0.49999999999999994,-0.8660254037844387,4.5636,217.52
4951.4,235,1127,0,12,-0.5000000000000004,0.8660254037844384,4.0272,5150.8
160.54,225,574,1,10,-1.0,-1.8369701987210297e-16,2.3097,164.25
519.75,285,1484,2,3,0.8660254037844386,0.5000000000000001,3.5757,538.34
556.8,270,648,2,12,-0.5000000000000004,0.8660254037844384,-0.0096,556.75
47.56,49,161,0,6,0.49999999999999994,-0.8660254037844387,5.8944,50.36
1573.77,302,1079,0,11,-0.8660254037844386,0.5000000000000001,4.7025,1647.78
72.6,196,706,1,7,1.2246467991473532e-16,-1.0,6.6553,77.43
110.02,118,1039,1,8,-0.4999999999999997,-0.8660254037844388,3.5512,113.92
144.72,188,397,2,2,0.49999999999999994,0.8660254037844387,3.1435,149.27
3585.22,353,318,0,5,0.8660254037844387,-0.4999999999999998,7.195,3843.18
3616.54,313,301,1,9,-0.8660254037844385,-0.5000000000000004,2.6394,3711.99
436.05,305,652,1,11,-0.8660254037844386,0.5000000000000001,2.8165,448.33
510.97,169,458,0,2,0.49999999999999994,0.8660254037844387,2.2658,522.55
119.12,286,590,0,1,0.0,1.0,-0.5119,118.51
307.4,140,623,1,9,-0.8660254037844385,-0.5000000000000004,5.0099,322.8
4826.65,251,709,0,6,0.49999999999999994,-0.8660254037844387,6.3063,5131.04
2539.5,234,1558,1,11,-0.8660254037844386,0.5000000000000001,1.0724,2566.74
993.29,91,320,1,1,0.0,1.0,-4.6892,946.71
219.45,97,1346,0,5,0.8660254037844387,-0.4999999999999998,4.7034,229.77
1649.67,22,645,0,1,0.0,1.0,-3.0548,1599.28
4618.95,51,1132,3,9,-0.8660254037844385,-0.5000000000000004,-1.7609,4537.61
5000.0,158,1167,1,11,-0.8660254037844386,0.5000000000000001,1.5956,5079.78
923.32,174,1230,1,2,0.49999999999999994,0.8660254037844387,2.881,949.92
132.9,60,1640,1,4,1.0,6.123233995736766e-17,2.0419,135.62
5000.0,152,1698,1,11,-0.8660254037844386,0.5000000000000001,2.8847,5144.23
464.6,221,358,2,1,0.0,1.0,0.7182,467.94
55.07,85,793,1,12,-0.5000000000000004,0.8660254037844384,-1.3793,54.31
71.39,123,829,0,11,-0.8660254037844386,0.5000000000000001,1.6146,72.54
734.83,134,805,0,2,0.49999999999999994,0.8660254037844387,2.5275,753.41
3191.7,184,1488,0,2,0.49999999999999994,0.8660254037844387,0.4573,3206.3
4349.17,134,1054,1,9,-0.8660254037844385,-0.5000000000000004,3.9827,4522.38
3859.38,269,630,0,1,0.0,1.0,0.4698,3877.51
948.21,119,1612,1,7,1.2246467991473532e-16,-1.0,5.254,998.03
5000.0,158,1247,2,1,0.0,1.0,0.1171,5005.86
113.71,138,1205,0,7,1.2246467991473532e-16,-1.0,5.4227,119.88
80.0,66,958,0,5,0.8660254037844387,-0.4999999999999998,4.94,83.96
41.09,250,255,1,9,-0.8660254037844385,-0.5000000000000004,0.8249,41.43
2367.72,86,1458,0,11,-0.8660254037844386,0.5000000000000001,-0.5469,2354.77
4244.93,108,1314,1,6,0.49999999999999994,-0.8660254037844387,2.6407,4357.03
1966.24,290,262,0,8,-0.4999999999999997,-0.8660254037844388,6.1633,2087.43
3402.35,347,411,0,8,-0.4999999999999997,-0.8660254037844388,2.8503,3499.33
562.72,245,602,1,12,-0.5000000000000004,0.8660254037844384,1.0993,568.9
1481.27,335,416,0,3,0.8660254037844386,0.5000000000000001,2.8754,1523.86
250.06,312,949,0,3,0.8660254037844386,0.5000000000000001,4.2334,260.65
1823.76,176,841,0,5,0.8660254037844387,-0.4999999999999998,3.5817,1889.08
1369.51,281,354,0,9,-0.8660254037844385,-0.5000000000000004,2.9629,1410.09
403.15,120,1200,2,11,-0.8660254037844386,0.5000000000000001,0.5475,405.35
50.71,168,462,0,4,1.0,6.123233995736766e-17,4.8075,53.15
131.95,195,276,0,2,0.49999999999999994,0.8660254037844387,0.2982,132.34
3973.05,351,1437,0,8,-0.4999999999999997,-0.8660254037844388,2.8231,4085.22
673.34,310,502,0,8,-0.4999999999999997,-0.8660254037844388,6.1506,714.76
268.7,179,383,0,5,0.8660254037844387,-0.4999999999999998,6.1205,285.14
4707.39,238,1194,1,3,0.8660254037844386,0.5000000000000001,0.1889,4716.28
311.13,74,1156,0,11,-0.8660254037844386,0.5000000000000001,3.7458,322.78
185.72,294,454,1,11,-0.8660254037844386,0.5000000000000001,3.3056,191.86
1313.64,202,126,0,9,-0.8660254037844385,-0.5000000000000004,1.0887,1327.94
308.68,194,1282,0,7,1.2246467991473532e-16,-1.0,4.9394,323.93
391.32,280,778,0,4,1.0,6.123233995736766e-17,3.0978,403.44
1423.81,231,845,1,5,0.8660254037844387,-0.4999999999999998,3.9447,1479.97
373.34,26,1061,2,1,0.0,1.0,-1.6113,367.32
228.92,105,898,0,3,0.8660254037844386,0.5000000000000001,3.6783,237.34
58.19,64,1341,2,6,0.49999999999999994,-0.8660254037844387,4.9222,61.06
2052.09,268,162,0,6,0.49999999999999994,-0.8660254037844387,1.7156,2087.29
489.53,12,519,1,1,0.0,1.0,-3.9719,470.09
3327.62,74,1509,1,12,-0.5000000000000004,0.8660254037844384,0.4744,3343.4
698.75,218,288,0,4,1.0,6.123233995736766e-17,1.7693,711.11
153.04,254,1366,0,7,1.2246467991473532e-16,-1.0,6.5432,163.05
247.76,184,629,0,6,0.49999999999999994,-0.8660254037844387,5.9686,262.55
291.94,315,519,1,6,0.49999999999999994,-0.8660254037844387,6.6405,311.33
1651.94,336,910,0,11,-0.8660254037844386,0.5000000000000001,1.2798,1673.08
710.56,48,1300,2,9,-0.8660254037844385,-0.5000000000000004,-1.5467,699.57
870.65,348,554,0,11,-0.8660254037844386,0.5000000000000001,2.8002,895.03
2109.51,224,1671,2,5,0.8660254037844387,-0.4999999999999998,2.0047,2151.79
126.64,232,137,0,4,1.0,6.123233995736766e-17,3.2313,130.73
2518.71,34,436,1,6,0.49999999999999994,-0.8660254037844387,1.3715,2553.26
433.82,227,950,0,7,1.2246467991473532e-16,-1.0,4.4553,453.15
1128.28,265,885,0,5,0.8660254037844387,-0.4999999999999998,7.8275,1216.6
149.21,212,1062,0,6,0.49999999999999994,-0.8660254037844387,6.0905,158.3
178.16,30,1482,1,2,0.49999999999999994,0.8660254037844387,-0.7827,176.77
1930.11,191,1399,0,8,-0.4999999999999997,-0.8660254037844388,5.0638,2027.84
255.9,342,947,1,9,-0.8660254037844385,-0.5000000000000004,6.2672,271.94
3033.08,264,1152,3,7,1.2246467991473532e-16,-1.0,2.8645,3119.96
1381.02,50,1390,0,11,-0.8660254037844386,0.5000000000000001,4.2323,1439.46
1410.03,351,1443,0,12,-0.5000000000000004,0.8660254037844384,0.5415,1417.66
206.55,350,114,0,11,-0.8660254037844386,0.5000000000000001,0.6702,207.94
3383.01,61,781,0,2,0.49999999999999994,0.8660254037844387,-2.8382,3287.0
5000.0,293,1383,0,11,-0.8660254037844386,0.5000000000000001,2.8677,5143.38
126.79,148,353,1,5,0.8660254037844387,-0.4999999999999998,3.8987,131.73
696.93,217,1467,0,6,0.49999999999999994,-0.8660254037844387,5.0564,732.17
3965.0,162,1135,0,5,0.8660254037844387,-0.4999999999999998,4.3907,4139.09
64.4,286,479,1,4,1.0,6.123233995736766e-17,4.4356,67.26
210.23,364,978,0,11,-0.8660254037844386,0.5000000000000001,3.7972,218.21
4178.36,291,799,1,8,-0.4999999999999997,-0.8660254037844388,5.2634,4398.28
409.58,340,653,2,12,-0.5000000000000004,0.8660254037844384,1.2422,414.66
4560.13,346,948,0,12,-0.5000000000000004,0.8660254037844384,1.7013,4637.71
327.03,32,1115,0,6,0.49999999999999994,-0.8660254037844387,3.0477,336.99
737.88,92,1582,1,9,-0.8660254037844385,-0.5000000000000004,3.3396,762.52
387.64,264,764,1,7,1.2246467991473532e-16,-1.0,7.3063,415.96
334.27,215,409,1,6,0.49999999999999994,-0.8660254037844387,2.4677,342.52
4519.25,18,1486,1,9,-0.8660254037844385,-0.5000000000000004,0.6709,4549.57
1133.53,34,531,0,9,-0.8660254037844385,-0.5000000000000004,2.0344,1156.59
4788.53,190,1150,0,11,-0.8660254037844386,0.5000000000000001,4.5661,5007.18
263.65,225,1296,1,10,-1.0,-1.8369701987210297e-16,4.3888,275.22
4130.04,61,368,1,8,-0.4999999999999997,-0.8660254037844388,0.4698,4149.44
1296.23,62,787,1,12,-0.5000000000000004,0.8660254037844384,-2.1694,1268.11
65.74,47,168,0,2,0.49999999999999994,0.8660254037844387,1.1293,66.49
364.89,206,1103,1,10,-1.0,-1.8369701987210297e-16,2.867,375.35
181.37,2,1202,0,5,0.8660254037844387,-0.4999999999999998,0.8237,182.86
149.6,209,860,0,6,0.49999999999999994,-0.8660254037844387,7.3886,160.65
3413.5,174,516,0,10,-1.0,-1.8369701987210297e-16,2.5534,3500.66
5000.0,170,1461,0,4,1.0,6.123233995736766e-17,1.0544,5052.72
40.0,248,253,1,11,-0.8660254037844386,0.5000000000000001,0.0359,40.01
71.05,191,251,0,6,0.49999999999999994,-0.8660254037844387,1.5802,72.17
160.75,266,654,1,5,0.8660254037844387,-0.4999999999999998,3.7791,166.83
3315.81,279,1425,0,4,1.0,6.123233995736766e-17,4.2678,3457.32
1056.53,336,1347,0,6,0.49999999999999994,-0.8660254037844387,7.7082,1137.97
712.53,292,866,0,12,-0.5000000000000004,0.8660254037844384,3.0049,733.94
1022.75,189,1431,0,2,0.49999999999999994,0.8660254037844387,-0.3024,1019.65
5000.0,180,1460,1,7,1.2246467991473532e-16,-1.0,3.912,5195.6
183.86,86,899,0,11,-0.8660254037844386,0.5000000000000001,4.0322,191.27
65.03,219,216,0,6,0.49999999999999994,-0.8660254037844387,4.2522,67.79
1042.71,50,1354,0,7,1.2246467991473532e-16,-1.0,5.0044,1094.89
5000.0,340,979,0,5,0.8660254037844387,-0.4999999999999998,5.9882,5299.41
1058.1,309,250,0,2,0.49999999999999994,0.8660254037844387,2.4101,1083.61
3632.86,43,1454,3,8,-0.4999999999999997,-0.8660254037844388,2.0201,3706.25
3066.07,287,625,0,12,-0.5000000000000004,0.8660254037844384,2.6533,3147.42
157.17,42,1190,0,7,1.2246467991473532e-16,-1.0,2.335,160.84
1140.38,263,832,2,6,0.49999999999999994,-0.8660254037844387,6.4252,1213.65
2075.57,32,242,1,2,0.49999999999999994,0.8660254037844387,-5.0443,1970.87
74.4,178,705,0,12,-0.5000000000000004,0.8660254037844384,2.5496,76.3
1040.76,240,899,1,11,-0.8660254037844386,0.5000000000000001,1.8692,1060.21
206.91,266,1512,2,11,-0.8660254037844386,0.5000000000000001,1.6904,210.41
1756.14,153,212,0,5,0.8660254037844387,-0.4999999999999998,0.9726,1773.22
170.69,337,1374,0,8,-0.4999999999999997,-0.8660254037844388,7.9672,184.29
235.4,283,593,2,6,0.49999999999999994,-0.8660254037844387,5.9393,249.38
1456.08,76,1503,1,3,0.8660254037844386,0.5000000000000001,0.346,1461.12
790.95,245,1655,3,3,0.8660254037844386,0.5000000000000001,0.7842,797.15
76.45,267,569,0,5,0.8660254037844387,-0.4999999999999998,7.2675,82.01
181.31,122,1800,2,7,1.2246467991473532e-16,-1.0,3.7811,188.16
2843.69,270,567,0,2,0.49999999999999994,0.8660254037844387,1.2347,2878.8
5000.0,328,1143,1,9,-0.8660254037844385,-0.5000000000000004,4.1327,5206.64
1012.72,299,476,2,6,0.49999999999999994,-0.8660254037844387,7.6301,1089.99
40.0,279,194,0,11,-0.8660254037844386,0.5000000000000001,1.522,40.61
1445.81,232,559,0,4,1.0,6.123233995736766e-17,4.1231,1505.42
830.37,99,477,1,1,0.0,1.0,-3.4657,801.59
278.09,291,471,1,4,1.0,6.123233995736766e-17,1.9327,283.47
128.95,133,596,0,12,-0.5000000000000004,0.8660254037844384,0.9029,130.11
115.7,194,1275,2,4,1.0,6.123233995736766e-17,2.9484,119.11
54.21,115,227,0,9,-0.8660254037844385,-0.5000000000000004,2.9361,55.81
1122.07,114,1140,0,11,-0.8660254037844386,0.5000000000000001,1.3686,1137.43
283.19,57,1279,0,4,1.0,6.123233995736766e-17,1.5452,287.56
699.31,351,1691,2,8,-0.4999999999999997,-0.8660254037844388,7.3589,750.77
460.7,54,328,0,3,0.8660254037844386,0.5000000000000001,-1.3658,454.41
1010.75,31,1390,1,5,0.8660254037844387,-0.4999999999999998,3.0969,1042.05
607.71,342,233,0,4,1.0,6.123233995736766e-17,4.497,635.04
477.52,203,636,2,9,-0.8660254037844385,-0.5000000000000004,1.6506,485.41
116.8,160,1324,1,11,-0.8660254037844386,0.5000000000000001,1.8956,119.02
62.54,269,1152,0,4,1.0,6.123233995736766e-17,5.0225,65.68
556.02,140,229,0,4,1.0,6.123233995736766e-17,4.3443,580.17
332.12,46,650,0,10,-1.0,-1.8369701987210297e-16,1.2386,336.24
311.09,267,642,0,6,0.49999999999999994,-0.8660254037844387,11.2027,345.94
421.82,64,1282,1,7,1.2246467991473532e-16,-1.0,5.026,443.02
81.86,202,894,1,9,-0.8660254037844385,-0.5000000000000004,5.1604,86.09
117.48,347,919,0,2,0.49999999999999994,0.8660254037844387,4.94,123.28
865.5,342,376,1,11,-0.8660254037844386,0.5000000000000001,-0.5918,860.38
694.37,132,1467,0,5,0.8660254037844387,-0.4999999999999998,5.7921,734.58
873.81,285,854,0,8,-0.4999999999999997,-0.8660254037844388,3.6812,905.97
96.45,224,1018,0,6,0.49999999999999994,-0.8660254037844387,7.5475,103.73
2192.36,175,744,0,10,-1.0,-1.8369701987210297e-16,1.6653,2228.87
231.11,51,471,1,8,-0.4999999999999997,-0.8660254037844388,1.6444,234.91
947.34,137,1018,0,3,0.8660254037844386,0.5000000000000001,4.4119,989.13
374.7,238,564,1,3,0.8660254037844386,0.5000000000000001,1.8248,381.54
358.73,361,364,0,11,-0.8660254037844386,0.5000000000000001,0.8571,361.81
1906.05,1,911,1,7,1.2246467991473532e-16,-1.0,3.2488,1967.98
72.88,262,564,0,4,1.0,6.123233995736766e-17,2.4725,74.69
83.91,309,1347,0,2,0.49999999999999994,0.8660254037844387,5.6769,88.67
83.97,348,1005,0,2,0.49999999999999994,0.8660254037844387,3.7355,87.11
4814.93,155,588,0,12,-0.5000000000000004,0.8660254037844384,-1.6407,4735.93
2705.07,43,96,0,12,-0.5000000000000004,0.8660254037844384,-0.6479,2687.54
1171.09,99,541,0,5,0.8660254037844387,-0.4999999999999998,3.4353,1211.32
300.75,311,292,1,3,0.8660254037844386,0.5000000000000001,-1.0546,297.58
58.7,321,364,0,6,0.49999999999999994,-0.8660254037844387,6.0375,62.25
1998.63,233,556,1,2,0.49999999999999994,0.8660254037844387,0.9005,2016.63
125.0,44,1061,1,7,1.2246467991473532e-16,-1.0,4.3427,130.43
130.53,44,199,0,8,-0.4999999999999997,-0.8660254037844388,2.7228,134.08
2099.82,175,462,1,12,-0.5000000000000004,0.8660254037844384,0.8738,2118.17
114.77,215,102,0,4,1.0,6.123233995736766e-17,3.8055,119.14
3287.4,11,1571,1,3,0.8660254037844386,0.5000000000000001,-0.6641,3265.57
2602.98,251,1712,1,2,0.49999999999999994,0.8660254037844387,0.9827,2628.56
2267.71,199,664,1,5,0.8660254037844387,-0.4999999999999998,3.2677,2341.81
1115.17,4,708,0,8,-0.4999999999999997,-0.8660254037844388,1.2753,1129.39
218.58,35,558,1,1,0.0,1.0,-2.4787,213.16
1059.13,166,822,0,10,-1.0,-1.8369701987210297e-16,1.1175,1070.97
2456.35,264,847,0,6,0.49999999999999994,-0.8660254037844387,4.9982,2579.12
1388.97,302,416,0,10,-1.0,-1.8369701987210297e-16,1.8878,1415.2
3029.04,157,983,0,6,0.49999999999999994,-0.8660254037844387,4.0709,3152.35
3445.17,108,124,1,2,0.49999999999999994,0.8660254037844387,0.34,3456.88
1370.66,354,1261,2,1,0.0,1.0,1.028,1384.75
4387.27,167,1138,0,7,1.2246467991473532e-16,-1.0,4.9303,4603.57
128.84,115,259,1,7,1.2246467991473532e-16,-1.0,3.3195,133.11
5000.0,161,1264,1,10,-1.0,-1.8369701987210297e-16,4.068,5203.4
4315.24,4,1584,2,11,-0.8660254037844386,0.5000000000000001,0.9451,4356.03
74.02,110,1573,1,2,0.49999999999999994,0.8660254037844387,0.6404,74.5
916.37,188,1218,0,4,1.0,6.123233995736766e-17,4.4539,957.18
360.34,336,75,0,3,0.8660254037844386,0.5000000000000001,5.5685,380.41
1804.65,270,396,1,2,0.49999999999999994,0.8660254037844387,-1.2681,1781.76
66.98,285,244,0,1,0.0,1.0,3.3445,69.22
608.2,199,1135,2,1,0.0,1.0,-2.1868,594.9
600.57,40,1459,2,7,1.2246467991473532e-16,-1.0,2.8376,617.61
356.88,143,1395,2,2,0.49999999999999994,0.8660254037844387,0.3362,358.08
4607.94,364,525,0,3,0.8660254037844386,0.5000000000000001,0.033,4609.46
518.43,16,512,1,2,0.49999999999999994,0.8660254037844387,0.1041,518.97
246.17,321,221,1,9,-0.8660254037844385,-0.5000000000000004,4.38,256.95
2499.71,250,589,0,8,-0.4999999999999997,-0.8660254037844388,3.2735,2581.54
80.34,103,483,0,12,-0.5000000000000004,0.8660254037844384,1.4325,81.49
162.33,284,487,0,2,0.49999999999999994,0.8660254037844387,3.7801,168.46
132.3,306,172,0,3,0.8660254037844386,0.5000000000000001,0.1172,132.45
3434.12,15,669,2,6,0.49999999999999994,-0.8660254037844387,-3.8056,3303.43
3743.62,38,1450,1,8,-0.4999999999999997,-0.8660254037844388,2.4288,3834.54
700.45,243,395,0,2,0.49999999999999994,0.8660254037844387,0.0791,701.0
264.34,365,1321,0,3,0.8660254037844386,0.5000000000000001,6.4349,281.35
322.97,8,170,0,6,0.49999999999999994,-0.8660254037844387,1.3692,327.39
763.5,243,972,0,1,0.0,1.0,2.2386,780.59
461.94,49,202,0,5,0.8660254037844387,-0.4999999999999998,1.5372,469.04
149.52,237,725,1,10,-1.0,-1.8369701987210297e-16,1.287,151.44
115.89,228,1659,1,7,1.2246467991473532e-16,-1.0,6.1611,123.03
3957.32,33,1234,1,6,0.49999999999999994,-0.8660254037844387,0.3533,3971.3
1032.43,249,1120,2,6,0.49999999999999994,-0.8660254037844387,2.2533,1055.7
101.75,328,964,0,12,-0.5000000000000004,0.8660254037844384,1.8993,103.69
5000.0,316,1227,1,7,1.2246467991473532e-16,-1.0,3.6088,5180.44
390.36,10,1198,0,7,1.2246467991473532e-16,-1.0,3.2627,403.1
1598.79,90,908,0,12,-0.5000000000000004,0.8660254037844384,-0.3626,1592.99
110.04,88,788,0,2,0.49999999999999994,0.8660254037844387,1.6285,111.83
2874.43,165,155,0,2,0.49999999999999994,0.8660254037844387,-2.759,2795.12
88.38,52,1440,0,6,0.49999999999999994,-0.8660254037844387,4.2734,92.16
4509.07,312,869,0,4,1.0,6.123233995736766e-17,2.9993,4644.31
1281.77,284,467,0,3,0.8660254037844386,0.5000000000000001,2.4668,1313.39
116.62,295,567,2,2,0.49999999999999994,0.8660254037844387,1.9224,118.87
118.63,72,924,0,11,-0.8660254037844386,0.5000000000000001,2.1044,121.12
2902.16,5,1184,0,8,-0.4999999999999997,-0.8660254037844388,0.8879,2927.93
66.52,333,1530,3,9,-0.8660254037844385,-0.5000000000000004,4.8561,69.75
102.51,105,1512,1,2,0.49999999999999994,0.8660254037844387,0.4548,102.97
1413.82,240,1346,0,5,0.8660254037844387,-0.4999999999999998,6.6508,1507.85
74.88,332,1224,2,8,-0.4999999999999997,-0.8660254037844388,6.2131,79.53
779.19,13,1423,0,7,1.2246467991473532e-16,-1.0,3.4794,806.3
527.27,2,152,0,9,-0.8660254037844385,-0.5000000000000004,-1.2142,520.87
48.31,1,620,0,9,-0.8660254037844385,-0.5000000000000004,1.4226,49.0
278.95,57,749,0,5,0.8660254037844387,-0.4999999999999998,3.5657,288.9
60.44,18,1151,1,10,-1.0,-1.8369701987210297e-16,1.5969,61.4
4002.42,300,480,0,4,1.0,6.123233995736766e-17,2.9179,4119.21
113.55,221,539,1,1,0.0,1.0,-1.3907,111.97
1564.51,358,1536,1,11,-0.8660254037844386,0.5000000000000001,1.7691,1592.19
1225.76,293,1290,3,1,0.0,1.0,-0.0766,1224.82
1971.33,352,969,0,4,1.0,6.123233995736766e-17,6.0521,2090.64
186.45,87,313,0,2,0.49999999999999994,0.8660254037844387,-2.6261,181.55
112.49,105,959,2,3,0.8660254037844386,0.5000000000000001,-0.466,111.97
567.07,310,811,1,5,0.8660254037844387,-0.4999999999999998,1.8462,577.54
1353.38,89,948,0,2,0.49999999999999994,0.8660254037844387,0.7934,1364.12
2113.82,20,1384,0,6,0.49999999999999994,-0.8660254037844387,4.6446,2211.99
51.94,244,547,1,12,-0.5000000000000004,0.8660254037844384,2.3753,53.17
1981.94,293,1351,1,2,0.49999999999999994,0.8660254037844387,2.5363,2032.21
89.08,354,1128,1,12,-0.5000000000000004,0.8660254037844384,1.7231,90.61
591.77,339,1099,2,5,0.8660254037844387,-0.4999999999999998,5.0887,621.88
834.49,44,1428,0,8,-0.4999999999999997,-0.8660254037844388,2.4551,854.97
67.71,282,258,0,6,0.49999999999999994,-0.8660254037844387,5.698,71.57
4905.5,309,1092,1,4,1.0,6.123233995736766e-17,4.0235,5102.87
962.92,255,971,2,2,0.49999999999999994,0.8660254037844387,0.3925,966.7
151.89,300,1038,0,8,-0.4999999999999997,-0.8660254037844388,7.9854,164.02
48.62,306,391,1,11,-0.8660254037844386,0.5000000000000001,2.515,49.84
2112.57,163,1117,0,7,1.2246467991473532e-16,-1.0,5.2052,2222.53
1854.57,14,144,0,8,-0.4999999999999997,-0.8660254037844388,4.0719,1930.09
71.14,166,920,2,8,-0.4999999999999997,-0.8660254037844388,5.2431,74.87
199.96,73,1364,0,5,0.8660254037844387,-0.4999999999999998,2.8353,205.63
1066.35,41,966,0,2,0.49999999999999994,0.8660254037844387,-0.9409,1056.32
360.57,45,996,1,7,1.2246467991473532e-16,-1.0,4.8501,378.06
214.36,255,526,0,11,-0.8660254037844386,0.5000000000000001,4.4652,223.93
263.54,184,175,0,4,1.0,6.123233995736766e-17,2.4715,270.05
420.13,197,412,1,11,-0.8660254037844386,0.5000000000000001,-1.0155,415.87
128.6,272,1088,0,11,-0.8660254037844386,0.5000000000000001,2.4589,131.76
256.02,200,533,1,3,0.8660254037844386,0.5000000000000001,2.0483,261.26
48.76,230,153,0,7,1.2246467991473532e-16,-1.0,6.1663,51.76
46.98,31,683,0,9,-0.8660254037844385,-0.5000000000000004,4.637,49.16
4578.21,311,783,1,6,0.49999999999999994,-0.8660254037844387,1.6968,4655.89
78.74,164,1439,0,9,-0.8660254037844385,-0.5000000000000004,6.4958,83.85
51.42,56,676,2,11,-0.8660254037844386,0.5000000000000001,2.4291,52.67
2929.83,297,780,2,8,-0.4999999999999997,-0.8660254037844388,0.5036,2944.59
3790.22,268,365,1,11,-0.8660254037844386,0.5000000000000001,0.9751,3827.17
2071.93,19,319,0,10,-1.0,-1.8369701987210297e-16,1.0496,2093.68
93.6,70,821,0,10,-1.0,-1.8369701987210297e-16,0.6706,94.23
918.53,5,835,2,11,-0.8660254037844386,0.5000000000000001,-2.2196,898.14
1447.45,99,1092,0,3,0.8660254037844386,0.5000000000000001,2.0729,1477.45
2226.82,36,1431,1,1,0.0,1.0,-1.9702,2182.95
84.79,259,991,1,2,0.49999999999999994,0.8660254037844387,1.9246,86.42
252.37,191,393,0,3,0.8660254037844386,0.5000000000000001,2.3642,258.33
209.25,358,1240,0,9,-0.8660254037844385,-0.5000000000000004,4.6925,219.07
1345.62,274,1585,1,7,1.2246467991473532e-16,-1.0,3.817,1396.98
311.92,223,1606,1,6,0.49999999999999994,-0.8660254037844387,6.145,331.09
659.94,186,1384,0,1,0.0,1.0,2.9813,679.61
1090.44,19,1347,1,9,-0.8660254037844385,-0.5000000000000004,2.3153,1115.68
3187.22,25,1181,1,5,0.8660254037844387,-0.4999999999999998,3.5209,3299.44
4703.44,225,1437,0,10,-1.0,-1.8369701987210297e-16,3.9625,4889.81
1131.38,1,539,0,2,0.49999999999999994,0.8660254037844387,1.0756,1143.55
124.46,15,1497,1,4,1.0,6.123233995736766e-17,1.7314,126.61
2265.01,80,172,1,1,0.0,1.0,-1.7054,2226.38
148.16,323,1465,2,4,1.0,6.123233995736766e-17,4.7765,155.24
54.79,167,531,0,12,-0.5000000000000004,0.8660254037844384,0.7854,55.22
350.47,259,815,2,6,0.49999999999999994,-0.8660254037844387,3.5226,362.81
1323.39,150,1117,1,6,0.49999999999999994,-0.8660254037844387,2.591,1357.68
79.5,63,445,1,4,1.0,6.123233995736766e-17,0.6852,80.04
254.2,135,1491,0,4,1.0,6.123233995736766e-17,6.6857,271.19
78.9,33,1103,0,9,-0.8660254037844385,-0.5000000000000004,6.2592,83.84
619.87,281,72,0,12,-0.5000000000000004,0.8660254037844384,0.5014,622.98
1631.26,67,1276,0,9,-0.8660254037844385,-0.5000000000000004,2.264,1668.19
419.51,137,202,0,9,-0.8660254037844385,-0.5000000000000004,-0.3204,418.17
492.22,358,1679,2,6,0.49999999999999994,-0.8660254037844387,4.1698,512.74
3099.38,216,1228,0,2,0.49999999999999994,0.8660254037844387,0.3014,3108.72
382.13,167,1268,2,9,-0.8660254037844385,-0.5000000000000004,2.7776,392.74
405.88,198,919,0,10,-1.0,-1.8369701987210297e-16,2.8215,417.33
861.77,286,1337,1,7,1.2246467991473532e-16,-1.0,5.9685,913.21
1601.69,93,1283,0,2,0.49999999999999994,0.8660254037844387,1.6489,1628.1
2092.6,232,1177,1,9,-0.8660254037844385,-0.5000000000000004,2.7465,2150.07
46.45,319,395,1,12,-0.5000000000000004,0.8660254037844384,4.2933,48.44
3079.74,209,1405,2,3,0.8660254037844386,0.5000000000000001,1.5612,3127.82
326.67,163,338,0,2,0.49999999999999994,0.8660254037844387,2.1461,333.68
2469.54,53,112,0,9,-0.8660254037844385,-0.5000000000000004,0.3823,2478.98
518.79,90,639,2,4,1.0,6.123233995736766e-17,1.731,527.77
438.11,346,715,0,9,-0.8660254037844385,-0.5000000000000004,6.2513,465.5
153.78,198,1583,1,9,-0.8660254037844385,-0.5000000000000004,6.9741,164.51
311.3,110,94,0,4,1.0,6.123233995736766e-17,2.5583,319.26
359.45,153,152,0,1,0.0,1.0,1.3268,364.22
2529.99,211,328,1,7,1.2246467991473532e-16,-1.0,2.709,2598.53
2624.4,196,471,1,5,0.8660254037844387,-0.4999999999999998,4.4416,2740.97
497.15,256,1003,1,11,-0.8660254037844386,0.5000000000000001,0.6133,500.2
3418.7,94,1240,0,5,0.8660254037844387,-0.4999999999999998,2.1898,3493.57
2053.42,237,291,1,3,0.8660254037844386,0.5000000000000001,1.1168,2076.36
5000.0,162,1800,3,11,-0.8660254037844386,0.5000000000000001,-1.7185,4914.07
328.15,344,1374,0,9,-0.8660254037844385,-0.5000000000000004,4.804,343.92
95.91,57,160,0,8,-0.4999999999999997,-0.8660254037844388,1.7993,97.63
3970.92,54,700,0,12,-0.5000000000000004,0.8660254037844384,-0.0985,3967.01
910.62,168,1395,1,10,-1.0,-1.8369701987210297e-16,2.3996,932.47
482.78,186,1064,0,11,-0.8660254037844386,0.5000000000000001,4.0355,502.26
287.0,252,541,1,10,-1.0,-1.8369701987210297e-16,5.9995,304.22
55.51,147,260,0,5,0.8660254037844387,-0.4999999999999998,4.1412,57.81
120.67,334,797,1,1,0.0,1.0,1.746,122.78
236.52,173,1508,1,8,-0.4999999999999997,-0.8660254037844388,5.6646,249.91
817.96,47,1426,0,10,-1.0,-1.8369701987210297e-16,0.5916,822.8
537.39,43,741,0,12,-0.5000000000000004,0.8660254037844384,-0.196,536.33
627.52,356,816,0,9,-0.8660254037844385,-0.5000000000000004,9.278,685.74
70.54,49,858,0,7,1.2246467991473532e-16,-1.0,4.2869,73.57
49.39,346,758,0,7,1.2246467991473532e-16,-1.0,7.7442,53.21
477.59,101,1191,1,2,0.49999999999999994,0.8660254037844387,0.2439,478.76
101.9,34,443,0,1,0.0,1.0,-0.9656,100.91
3279.34,111,831,0,1,0.0,1.0,0.6737,3301.44
388.35,224,937,0,11,-0.8660254037844386,0.5000000000000001,1.0334,392.36
259.92,156,865,0,10,-1.0,-1.8369701987210297e-16,3.2051,268.25
816.84,287,1800,2,4,1.0,6.123233995736766e-17,1.1127,825.93
1062.65,223,1129,0,6,0.49999999999999994,-0.8660254037844387,7.6095,1143.52
79.94,146,1114,0,6,0.49999999999999994,-0.8660254037844387,7.1102,85.62
1869.49,232,1219,0,3,0.8660254037844386,0.5000000000000001,1.3328,1894.4
91.44,355,995,2,6,0.49999999999999994,-0.8660254037844387,3.2683,94.43
271.83,150,679,1,5,0.8660254037844387,-0.4999999999999998,4.2718,283.44
261.66,56,825,0,9,-0.8660254037844385,-0.5000000000000004,3.2224,270.09
873.49,149,1494,1,10,-1.0,-1.8369701987210297e-16,5.8619,924.7
1571.69,307,1554,1,2,0.49999999999999994,0.8660254037844387,3.9865,1634.34
1912.25,79,668,1,6,0.49999999999999994,-0.8660254037844387,3.5602,1980.33
566.22,347,748,0,12,-0.5000000000000004,0.8660254037844384,1.9634,577.34
85.99,215,550,1,11,-0.8660254037844386,0.5000000000000001,1.8714,87.6
943.88,220,237,1,10,-1.0,-1.8369701987210297e-16,2.1689,964.35
402.65,116,498,0,9,-0.8660254037844385,-0.5000000000000004,3.8172,418.02
578.58,336,192,0,1,0.0,1.0,0.3239,580.45
352.21,13,566,0,12,-0.5000000000000004,0.8660254037844384,-2.7403,342.56
246.15,109,123,0,9,-0.8660254037844385,-0.5000000000000004,5.6171,259.98
1156.33,153,506,0,11,-0.8660254037844386,0.5000000000000001,1.2045,1170.26
659.97,174,1292,1,11,-0.8660254037844386,0.5000000000000001,2.4584,676.2
3471.78,173,1401,1,4,1.0,6.123233995736766e-17,1.0158,3507.05
1967.23,54,1337,0,1,0.0,1.0,1.7373,2001.41
466.99,82,862,0,8,-0.4999999999999997,-0.8660254037844388,5.6649,493.44
139.19,34,1036,1,6,0.49999999999999994,-0.8660254037844387,3.6036,144.21
66.34,209,1453,0,1,0.0,1.0,2.9365,68.29
129.43,128,853,0,4,1.0,6.123233995736766e-17,3.8363,134.39
137.35,207,295,1,12,-0.5000000000000004,0.8660254037844384,1.0099,138.74
105.06,215,1407,0,5,0.8660254037844387,-0.4999999999999998,6.4238,111.81
1196.55,256,938,0,4,1.0,6.123233995736766e-17,4.217,1247.0
247.38,200,1162,1,8,-0.4999999999999997,-0.8660254037844388,4.9687,259.67
43.72,237,374,1,8,-0.4999999999999997,-0.8660254037844388,3.1684,45.11
366.53,214,728,0,4,1.0,6.123233995736766e-17,3.6081,379.76
1974.75,238,932,1,11,-0.8660254037844386,0.5000000000000001,2.8652,2031.33
290.14,225,1569,2,7,1.2246467991473532e-16,-1.0,6.1652,308.03
3123.68,115,602,0,2,0.49999999999999994,0.8660254037844387,1.912,3183.41
2548.83,90,765,1,4,1.0,6.123233995736766e-17,3.207,2630.58
3517.43,288,1036,0,11,-0.8660254037844386,0.5000000000000001,3.7638,3649.83
781.1,125,67,0,2,0.49999999999999994,0.8660254037844387,-0.2323,779.28
2464.01,200,1130,0,1,0.0,1.0,1.62,2503.93
207.81,72,55,0,8,-0.4999999999999997,-0.8660254037844388,2.122,212.22
1051.96,157,391,0,6,0.49999999999999994,-0.8660254037844387,4.9374,1103.9
138.09,193,898,1,4,1.0,6.123233995736766e-17,5.4427,145.6
101.35,229,327,0,6,0.49999999999999994,-0.8660254037844387,6.8127,108.25
3029.35,192,310,2,3,0.8660254037844386,0.5000000000000001,0.5022,3044.56
602.4,132,655,0,5,0.8660254037844387,-0.4999999999999998,3.1519,621.39
75.2,352,1192,1,3,0.8660254037844386,0.5000000000000001,3.5133,77.85
101.42,187,397,0,8,-0.4999999999999997,-0.8660254037844388,4.7857,106.27
361.23,295,444,0,9,-0.8660254037844385,-0.5000000000000004,3.7254,374.69
2903.15,269,1183,1,11,-0.8660254037844386,0.5000000000000001,2.4871,2975.35
4097.69,204,1501,1,1,0.0,1.0,-3.6153,3949.55
81.96,324,798,0,4,1.0,6.123233995736766e-17,4.3097,85.49
65.89,46,858,0,4,1.0,6.123233995736766e-17,2.659,67.65
103.49,337,1434,1,7,1.2246467991473532e-16,-1.0,10.7106,114.58
857.44,311,274,1,7,1.2246467991473532e-16,-1.0,4.5646,896.58
761.21,184,1473,0,11,-0.8660254037844386,0.5000000000000001,2.5488,780.62
1602.87,268,959,1,12,-0.5000000000000004,0.8660254037844384,0.0824,1604.19
723.66,190,595,0,10,-1.0,-1.8369701987210297e-16,5.4501,763.1
80.02,98,944,0,3,0.8660254037844386,0.5000000000000001,1.0538,80.87
197.33,292,1444,1,1,0.0,1.0,5.4869,208.16
284.6,90,1778,3,11,-0.8660254037844386,0.5000000000000001,-0.8338,282.23
1570.52,115,1176,0,12,-0.5000000000000004,0.8660254037844384,2.1059,1603.59
787.31,190,749,0,4,1.0,6.123233995736766e-17,2.9813,810.79
3259.04,306,262,0,1,0.0,1.0,-0.1495,3254.16
77.0,140,417,1,9,-0.8660254037844385,-0.5000000000000004,4.8517,80.74
4819.09,180,1262,0,8,-0.4999999999999997,-0.8660254037844388,6.6124,5137.75
103.35,15,227,0,11,-0.8660254037844386,0.5000000000000001,-0.4119,102.93
237.61,42,746,0,7,1.2246467991473532e-16,-1.0,3.9925,247.09
55.59,20,966,2,10,-1.0,-1.8369701987210297e-16,0.4245,55.83
217.22,26,1077,0,10,-1.0,-1.8369701987210297e-16,2.4568,222.56
112.82,317,688,1,1,0.0,1.0,0.6121,113.51
148.88,308,1068,0,2,0.49999999999999994,0.8660254037844387,-0.6625,147.89
711.24,300,784,0,10,-1.0,-1.8369701987210297e-16,1.2617,720.21
2344.25,20,1334,0,3,0.8660254037844386,0.5000000000000001,-0.2349,2338.74
1293.22,28,317,0,3,0.8660254037844386,0.5000000000000001,-2.3853,1262.37
2764.04,102,1153,0,10,-1.0,-1.8369701987210297e-16,1.9592,2818.2
1704.79,206,1095,0,3,0.8660254037844386,0.5000000000000001,1.4595,1729.67
5000.0,122,1245,0,2,0.49999999999999994,0.8660254037844387,-0.478,4976.1
51.46,178,758,0,1,0.0,1.0,0.9579,51.95
4487.96,63,512,0,6,0.49999999999999994,-0.8660254037844387,4.0388,4669.22
332.14,267,797,0,8,-0.4999999999999997,-0.8660254037844388,6.3087,353.09
584.71,114,1461,0,9,-0.8660254037844385,-0.5000000000000004,6.282,621.44
589.35,24,328,0,11,-0.8660254037844386,0.5000000000000001,-0.3145,587.49
55.93,271,1198,1,8,-0.4999999999999997,-0.8660254037844388,3.343,57.8
103.52,330,785,2,10,-1.0,-1.8369701987210297e-16,2.3376,105.94
452.99,5,1271,1,3,0.8660254037844386,0.5000000000000001,-0.0387,452.81
1712.88,159,661,0,5,0.8660254037844387,-0.4999999999999998,3.7093,1776.42
3589.07,302,1748,3,4,1.0,6.123233995736766e-17,1.342,3637.23
75.25,258,528,3,1,0.0,1.0,-0.7923,74.65
126.39,313,225,0,12,-0.5000000000000004,0.8660254037844384,1.2897,128.02
1066.94,151,1429,0,3,0.8660254037844386,0.5000000000000001,1.7979,1086.12
247.14,136,740,1,6,0.49999999999999994,-0.8660254037844387,4.1869,257.49
159.6,259,524,2,5,0.8660254037844387,-0.4999999999999998,2.1872,163.09
356.8,56,1440,1,1,0.0,1.0,0.2653,357.75
1299.71,87,863,1,11,-0.8660254037844386,0.5000000000000001,0.7022,1308.83
158.14,219,1624,1,3,0.8660254037844386,0.5000000000000001,2.7863,162.55
68.66,244,1312,3,2,0.49999999999999994,0.8660254037844387,0.3079,68.87
55.8,43,1145,0,5,0.8660254037844387,-0.4999999999999998,4.7585,58.46
598.39,186,887,0,2,0.49999999999999994,0.8660254037844387,3.5855,619.85
156.28,133,899,1,12,-0.5000000000000004,0.8660254037844384,0.4494,156.98
667.53,183,752,0,3,0.8660254037844386,0.5000000000000001,1.1474,675.19
2577.95,350,410,0,4,1.0,6.123233995736766e-17,4.0525,2682.42
217.5,28,1117,0,4,1.0,6.123233995736766e-17,0.4231,218.42
114.66,364,809,0,1,0.0,1.0,1.4421,116.31
40.0,164,47,0,1,0.0,1.0,-0.4233,39.83
4820.16,282,837,1,7,1.2246467991473532e-16,-1.0,5.3145,5076.33
513.56,155,636,0,3,0.8660254037844386,0.5000000000000001,0.4735,515.99
2570.17,113,1430,1,2,0.49999999999999994,0.8660254037844387,0.0027,2570.24
2608.45,282,666,0,4,1.0,6.123233995736766e-17,0.2916,2616.06
5000.0,251,1344,2,4,1.0,6.123233995736766e-17,3.245,5162.25
2048.13,52,240,1,6,0.49999999999999994,-0.8660254037844387,3.5948,2121.76
198.41,258,1089,2,12,-0.5000000000000004,0.8660254037844384,0.3402,199.09
591.67,275,458,0,4,1.0,6.123233995736766e-17,4.0987,615.92
4471.94,141,770,0,9,-0.8660254037844385,-0.5000000000000004,2.8377,4598.84
1155.07,338,1421,1,10,-1.0,-1.8369701987210297e-16,4.0911,1202.32
2304.16,234,1575,1,1,0.0,1.0,0.5708,2317.31
2985.52,122,462,0,7,1.2246467991473532e-16,-1.0,3.044,3076.4
956.88,3,1147,1,6,0.49999999999999994,-0.8660254037844387,0.7704,964.25
1606.74,247,1579,1,7,1.2246467991473532e-16,-1.0,3.5021,1663.01
636.64,76,378,0,3,0.8660254037844386,0.5000000000000001,1.9998,649.37
225.81,276,776,1,6,0.49999999999999994,-0.8660254037844387,3.0574,232.71
153.69,192,773,0,2,0.49999999999999994,0.8660254037844387,2.1159,156.94
657.24,170,49,0,12,-0.5000000000000004,0.8660254037844384,-0.1099,656.52
4684.38,59,874,2,8,-0.4999999999999997,-0.8660254037844388,1.7958,4768.5
2757.26,260,221,0,1,0.0,1.0,1.2816,2792.6
116.24,60,647,1,7,1.2246467991473532e-16,-1.0,3.2147,119.98
2029.98,152,375,1,12,-0.5000000000000004,0.8660254037844384,0.3549,2037.18
66.11,306,1800,3,9,-0.8660254037844385,-0.5000000000000004,7.6251,71.15
925.65,336,1260,0,4,1.0,6.123233995736766e-17,4.3371,965.79
3295.0,362,435,0,11,-0.8660254037844386,0.5000000000000001,-0.6003,3275.22
3162.19,350,103,0,3,0.8660254037844386,0.5000000000000001,1.5199,3210.25
829.99,203,905,1,3,0.8660254037844386,0.5000000000000001,1.3746,841.4
712.99,73,212,0,2,0.49999999999999994,0.8660254037844387,-0.1998,711.57
301.48,307,890,1,12,-0.5000000000000004,0.8660254037844384,-0.639,299.55
1486.55,293,837,0,9,-0.8660254037844385,-0.5000000000000004,5.2512,1564.61
148.34,362,724,0,7,1.2246467991473532e-16,-1.0,6.5323,158.03
59.53,238,1157,2,9,-0.8660254037844385,-0.5000000000000004,5.7875,62.97
2591.85,51,1012,1,4,1.0,6.123233995736766e-17,0.0506,2593.16
50.08,184,283,0,1,0.0,1.0,2.4404,51.31
1246.62,164,1212,1,11,-0.8660254037844386,0.5000000000000001,-0.8553,1235.96
412.3,308,1018,0,12,-0.5000000000000004,0.8660254037844384,2.9381,424.41
47.22,143,405,1,1,0.0,1.0,-1.0585,46.72
96.83,120,676,0,1,0.0,1.0,0.4271,97.24
66.42,29,464,0,7,1.2246467991473532e-16,-1.0,7.7556,71.58
122.39,305,623,0,1,0.0,1.0,1.2172,123.88
1113.17,276,1170,0,9,-0.8660254037844385,-0.5000000000000004,4.435,1162.53
739.1,15,1000,1,12,-0.5000000000000004,0.8660254037844384,-2.8033,718.38
458.37,158,1366,0,4,1.0,6.123233995736766e-17,3.0258,472.24
2651.46,175,873,0,4,1.0,6.123233995736766e-17,2.4441,2716.27
1198.68,171,110,0,11,-0.8660254037844386,0.5000000000000001,-0.5511,1192.08
1347.41,336,1080,0,5,0.8660254037844387,-0.4999999999999998,7.6922,1451.06
621.08,55,312,1,3,0.8660254037844386,0.5000000000000001,1.0911,627.86
1147.3,112,542,0,2,0.49999999999999994,0.8660254037844387,-1.3457,1131.86
180.67,66,1627,1,11,-0.8660254037844386,0.5000000000000001,2.579,185.33
213.29,89,1798,2,12,-0.5000000000000004,0.8660254037844384,-0.4625,212.31
152.06,331,260,0,1,0.0,1.0,0.2399,152.43
2057.51,344,1636,1,10,-1.0,-1.8369701987210297e-16,2.7491,2114.08
472.97,16,1470,0,2,0.49999999999999994,0.8660254037844387,-1.9204,463.88
5000.0,231,1323,0,2,0.49999999999999994,0.8660254037844387,3.0287,5151.44
68.92,85,1250,0,5,0.8660254037844387,-0.4999999999999998,3.0129,70.99
214.29,70,154,0,6,0.49999999999999994,-0.8660254037844387,5.0443,225.09
75.59,106,220,0,11,-0.8660254037844386,0.5000000000000001,1.4077,76.66
2398.39,71,938,0,9,-0.8660254037844385,-0.5000000000000004,2.0456,2447.45
358.8,179,340,1,2,0.49999999999999994,0.8660254037844387,-0.4338,357.24
751.58,364,410,0,8,-0.4999999999999997,-0.8660254037844388,8.2415,813.52
1011.39,214,1663,2,11,-0.8660254037844386,0.5000000000000001,1.4614,1026.18
86.29,264,1370,0,8,-0.4999999999999997,-0.8660254037844388,5.9957,91.46
1635.71,180,503,1,3,0.8660254037844386,0.5000000000000001,1.9604,1667.78
2357.53,5,829,0,2,0.49999999999999994,0.8660254037844387,-0.4437,2347.07
855.87,30,829,0,6,0.49999999999999994,-0.8660254037844387,1.5476,869.12
152.81,98,427,0,6,0.49999999999999994,-0.8660254037844387,4.1019,159.08
1329.5,89,764,2,5,0.8660254037844387,-0.4999999999999998,-1.0685,1315.29
1302.53,307,987,2,2,0.49999999999999994,0.8660254037844387,1.0771,1316.56
3749.86,308,919,0,2,0.49999999999999994,0.8660254037844387,2.501,3843.64
101.79,312,1446,1,7,1.2246467991473532e-16,-1.0,7.4503,109.37
4267.49,233,1425,1,12,-0.5000000000000004,0.8660254037844384,-0.4237,4249.41
2389.81,203,286,1,8,-0.4999999999999997,-0.8660254037844388,1.9855,2437.26
212.05,237,1001,0,6,0.49999999999999994,-0.8660254037844387,6.4842,225.8
1506.14,148,1064,1,12,-0.5000000000000004,0.8660254037844384,2.2577,1540.15
122.88,245,242,1,9,-0.8660254037844385,-0.5000000000000004,3.9786,127.77
173.63,290,1260,0,9,-0.8660254037844385,-0.5000000000000004,5.1796,182.62
1039.35,279,911,0,7,1.2246467991473532e-16,-1.0,7.3225,1115.46
68.17,224,1091,0,10,-1.0,-1.8369701987210297e-16,4.808,71.44
88.89,21,1463,2,7,1.2246467991473532e-16,-1.0,3.4886,91.99
963.09,265,531,0,8,-0.4999999999999997,-0.8660254037844388,6.1812,1022.62
3472.07,134,337,0,8,-0.4999999999999997,-0.8660254037844388,2.9393,3574.13
51.56,272,595,0,10,-1.0,-1.8369701987210297e-16,3.0774,53.14
61.32,197,1266,1,11,-0.8660254037844386,0.5000000000000001,2.6436,62.94
72.1,322,1038,1,4,1.0,6.123233995736766e-17,6.416,76.73
51.54,123,957,0,9,-0.8660254037844385,-0.5000000000000004,7.4491,55.38
2941.3,340,234,0,1,0.0,1.0,-0.919,2914.27
336.16,309,266,1,7,1.2246467991473532e-16,-1.0,7.4659,361.26
1375.51,121,1017,0,11,-0.8660254037844386,0.5000000000000001,0.8892,1387.74
432.91,176,1429,0,8,-0.4999999999999997,-0.8660254037844388,5.4629,456.56
4926.25,194,811,2,4,1.0,6.123233995736766e-17,4.0379,5125.17
442.43,281,693,0,8,-0.4999999999999997,-0.8660254037844388,5.1623,465.27
5000.0,252,1439,0,5,0.8660254037844387,-0.4999999999999998,4.1393,5206.97
852.71,311,383,0,6,0.49999999999999994,-0.8660254037844387,4.1452,888.06
4364.01,135,986,1,3,0.8660254037844386,0.5000000000000001,0.7717,4397.68
390.49,184,362,1,8,-0.4999999999999997,-0.8660254037844388,4.2971,407.27
2575.22,157,428,0,3,0.8660254037844386,0.5000000000000001,-0.2219,2569.51
217.83,332,744,1,6,0.49999999999999994,-0.8660254037844387,8.1493,235.58
1241.48,111,1371,2,12,-0.5000000000000004,0.8660254037844384,-1.5209,1222.6
779.58,214,601,1,10,-1.0,-1.8369701987210297e-16,3.2021,804.54
461.48,43,715,0,5,0.8660254037844387,-0.4999999999999998,2.716,474.02
443.91,311,478,0,12,-0.5000000000000004,0.8660254037844384,4.0345,461.82
93.86,140,684,2,1,0.0,1.0,-1.024,92.89
4040.48,124,1199,0,12,-0.5000000000000004,0.8660254037844384,1.4645,4099.65
448.38,213,1024,0,5,0.8660254037844387,-0.4999999999999998,8.4716,486.37
105.72,182,985,0,10,-1.0,-1.8369701987210297e-16,1.9374,107.77
1424.57,310,1065,1,12,-0.5000000000000004,0.8660254037844384,0.4227,1430.59
1139.97,194,238,0,8,-0.4999999999999997,-0.8660254037844388,6.8697,1218.28
59.28,189,795,0,8,-0.4999999999999997,-0.8660254037844388,5.5945,62.59
257.23,38,1182,1,9,-0.8660254037844385,-0.5000000000000004,2.877,264.63
746.6,8,764,0,3,0.8660254037844386,0.5000000000000001,-0.6688,741.6
2613.74,145,1098,0,3,0.8660254037844386,0.5000000000000001,4.0463,2719.51
184.2,365,524,0,5,0.8660254037844387,-0.4999999999999998,3.3654,190.4
197.07,335,793,0,6,0.49999999999999994,-0.8660254037844387,8.5535,213.92
1624.48,230,1247,3,9,-0.8660254037844385,-0.5000000000000004,0.5032,1632.65
174.25,230,1494,0,4,1.0,6.123233995736766e-17,2.2436,178.16
2783.49,143,506,1,7,1.2246467991473532e-16,-1.0,1.5785,2827.43
1719.99,64,457,0,1,0.0,1.0,-1.2511,1698.48
3579.05,3,1036,0,1,0.0,1.0,-2.615,3485.46
183.93,124,130,0,12,-0.5000000000000004,0.8660254037844384,-0.8821,182.31
104.61,115,791,0,11,-0.8660254037844386,0.5000000000000001,0.859,105.51
534.48,70,86,0,11,-0.8660254037844386,0.5000000000000001,-1.5465,526.21
118.37,94,813,0,4,1.0,6.123233995736766e-17,1.6183,120.29
164.7,9,947,2,7,1.2246467991473532e-16,-1.0,2.919,169.5
254.79,222,321,0,9,-0.8660254037844385,-0.5000000000000004,3.2007,262.95
463.98,339,1235,2,4,1.0,6.123233995736766e-17,-0.2688,462.73
195.04,252,527,0,9,-0.8660254037844385,-0.5000000000000004,4.8588,204.51
134.91,164,158,0,9,-0.8660254037844385,-0.5000000000000004,4.6752,141.22
162.49,153,1039,1,5,0.8660254037844387,-0.4999999999999998,3.7366,168.56
1285.14,112,868,0,6,0.49999999999999994,-0.8660254037844387,2.0779,1311.84
221.18,52,1008,0,4,1.0,6.123233995736766e-17,3.5932,229.12
1570.54,219,1356,0,10,-1.0,-1.8369701987210297e-16,1.413,1592.74
1781.65,207,1067,0,12,-0.5000000000000004,0.8660254037844384,0.9935,1799.35
1666.97,2,1376,1,12,-0.5000000000000004,0.8660254037844384,-1.6402,1639.63
3887.27,152,988,0,10,-1.0,-1.8369701987210297e-16,4.1163,4047.28
4497.19,101,1216,3,5,0.8660254037844387,-0.4999999999999998,2.1523,4593.98
112.05,62,1200,0,10,-1.0,-1.8369701987210297e-16,3.292,115.74
237.09,257,1008,0,3,0.8660254037844386,0.5000000000000001,4.9002,248.71
1961.11,192,776,0,11,-0.8660254037844386,0.5000000000000001,0.0404,1961.9
2174.08,231,1108,0,4,1.0,6.123233995736766e-17,5.7555,2299.21
82.32,261,1600,2,5,0.8660254037844387,-0.4999999999999998,0.2487,82.52
4594.88,359,945,1,2,0.49999999999999994,0.8660254037844387,3.9468,4776.23
2252.08,293,374,0,1,0.0,1.0,-0.3766,2243.6
3117.02,227,630,0,5,0.8660254037844387,-0.4999999999999998,4.3424,3252.37
89.03,321,166,1,7,1.2246467991473532e-16,-1.0,7.5316,95.73
445.5,174,491,0,1,0.0,1.0,1.6321,452.77
470.33,360,1336,0,11,-0.8660254037844386,0.5000000000000001,4.6662,492.28
196.3,278,190,0,2,0.49999999999999994,0.8660254037844387,3.0302,202.24
171.9,238,1337,0,12,-0.5000000000000004,0.8660254037844384,0.6778,173.06
95.25,330,863,0,4,1.0,6.123233995736766e-17,3.2153,98.31
2573.04,188,508,0,5,0.8660254037844387,-0.4999999999999998,3.6578,2667.16
566.48,263,914,2,2,0.49999999999999994,0.8660254037844387,0.8106,571.08
998.61,104,1324,0,10,-1.0,-1.8369701987210297e-16,2.0618,1019.2
143.69,352,670,2,9,-0.8660254037844385,-0.5000000000000004,6.6792,153.29
4211.95,228,1050,1,1,0.0,1.0,2.3427,4310.63
3390.36,286,435,0,2,0.49999999999999994,0.8660254037844387,-0.2347,3382.4
1159.42,168,832,0,8,-0.4999999999999997,-0.8660254037844388,5.1923,1219.62
253.68,317,1191,0,11,-0.8660254037844386,0.5000000000000001,1.7008,258.0
177.37,27,1476,1,2,0.49999999999999994,0.8660254037844387,-2.3564,173.19
671.01,41,417,0,3,0.8660254037844386,0.5000000000000001,-1.4147,661.52
2642.66,185,1211,2,7,1.2246467991473532e-16,-1.0,3.7162,2740.86
4391.16,268,776,1,2,0.49999999999999994,0.8660254037844387,-0.0355,4389.6
67.27,296,939,1,4,1.0,6.123233995736766e-17,5.1601,70.74
182.16,161,279,0,1,0.0,1.0,0.6353,183.31
374.87,237,1478,1,6,0.49999999999999994,-0.8660254037844387,7.1196,401.56
222.92,202,432,1,9,-0.8660254037844385,-0.5000000000000004,4.4783,232.9
834.36,351,255,1,5,0.8660254037844387,-0.4999999999999998,2.271,853.31
728.01,239,1146,0,4,1.0,6.123233995736766e-17,5.2294,766.08
3147.5,152,834,1,6,0.49999999999999994,-0.8660254037844387,2.2194,3217.36
99.67,354,142,0,7,1.2246467991473532e-16,-1.0,6.7538,106.4
345.33,39,1128,1,2,0.49999999999999994,0.8660254037844387,-0.9143,342.17
530.5,360,459,0,2,0.49999999999999994,0.8660254037844387,4.383,553.75
2903.87,56,1466,0,3,0.8660254037844386,0.5000000000000001,1.7607,2955.0
2980.7,105,1580,1,12,-0.5000000000000004,0.8660254037844384,-1.0962,2948.03
2832.63,300,846,0,9,-0.8660254037844385,-0.5000000000000004,4.0899,2948.48
539.44,268,820,1,2,0.49999999999999994,0.8660254037844387,6.5778,574.92
146.16,355,832,1,4,1.0,6.123233995736766e-17,2.7648,150.2
1633.96,274,1156,1,5,0.8660254037844387,-0.4999999999999998,3.1555,1685.52
5000.0,233,1440,1,3,0.8660254037844386,0.5000000000000001,0.7884,5039.42
198.31,126,977,0,11,-0.8660254037844386,0.5000000000000001,0.6321,199.56
91.32,1,189,0,12,-0.5000000000000004,0.8660254037844384,-2.9097,88.66
45.99,45,554,1,3,0.8660254037844386,0.5000000000000001,0.3743,46.16
1192.52,108,961,0,1,0.0,1.0,1.0243,1204.74
572.52,14,582,0,4,1.0,6.123233995736766e-17,-1.5566,563.61
88.5,185,742,0,7,1.2246467991473532e-16,-1.0,5.1501,93.06
114.34,284,628,0,10,-1.0,-1.8369701987210297e-16,3.2987,118.11
1254.71,352,1524,3,5,0.8660254037844387,-0.4999999999999998,2.0653,1280.62
310.48,179,380,0,4,1.0,6.123233995736766e-17,4.2968,323.82
105.43,320,152,0,3,0.8660254037844386,0.5000000000000001,1.7461,107.27
734.45,360,683,2,1,0.0,1.0,-0.9012,727.83
70.81,314,1401,2,1,0.0,1.0,3.565,73.34
54.62,170,930,0,6,0.49999999999999994,-0.8660254037844387,7.6515,58.8
197.77,119,1535,2,8,-0.4999999999999997,-0.8660254037844388,4.4122,206.49
141.46,357,202,0,1,0.0,1.0,0.772,142.55
64.62,88,456,1,3,0.8660254037844386,0.5000000000000001,0.4624,64.92
63.07,150,233,0,11,-0.8660254037844386,0.5000000000000001,0.716,63.52
108.86,27,864,0,12,-0.5000000000000004,0.8660254037844384,0.3677,109.26
1519.11,290,879,0,8,-0.4999999999999997,-0.8660254037844388,6.5853,1619.15
1783.03,237,462,1,7,1.2246467991473532e-16,-1.0,4.0334,1854.95
108.41,31,699,0,7,1.2246467991473532e-16,-1.0,4.0296,112.78
764.61,81,119,0,5,0.8660254037844387,-0.4999999999999998,1.0555,772.68
154.26,203,1065,1,3,0.8660254037844386,0.5000000000000001,3.6441,159.88
3159.11,197,874,0,5,0.8660254037844387,-0.4999999999999998,4.3911,3297.82
134.2,293,448,2,9,-0.8660254037844385,-0.5000000000000004,1.249,135.88
65.45,97,173,0,8,-0.4999999999999997,-0.8660254037844388,1.0881,66.16
425.07,338,1071,0,9,-0.8660254037844385,-0.5000000000000004,5.3887,447.97
122.39,162,1354,0,8,-0.4999999999999997,-0.8660254037844388,7.2505,131.27
147.1,301,1282,0,1,0.0,1.0,4.9109,154.32
245.02,87,870,0,8,-0.4999999999999997,-0.8660254037844388,5.6348,258.82
1091.25,13,808,0,11,-0.8660254037844386,0.5000000000000001,-0.3908,1086.99
96.19,20,1285,1,8,-0.4999999999999997,-0.8660254037844388,5.67,101.64
219.54,136,1269,0,7,1.2246467991473532e-16,-1.0,4.5109,229.44
3416.21,348,1364,0,3,0.8660254037844386,0.5000000000000001,2.7993,3511.84
165.38,17,764,1,10,-1.0,-1.8369701987210297e-16,-0.9797,163.76
103.61,135,738,0,6,0.49999999999999994,-0.8660254037844387,4.6044,108.38
451.36,39,291,1,4,1.0,6.123233995736766e-17,-1.0406,446.66
49.83,340,714,2,6,0.49999999999999994,-0.8660254037844387,8.0238,53.83
1955.66,247,594,0,2,0.49999999999999994,0.8660254037844387,3.2518,2019.25
164.0,279,1387,1,12,-0.5000000000000004,0.8660254037844384,2.751,168.51
83.53,261,824,2,9,-0.8660254037844385,-0.5000000000000004,5.1608,87.84
2273.62,240,900,0,4,1.0,6.123233995736766e-17,2.3866,2327.88
3030.98,283,1617,3,10,-1.0,-1.8369701987210297e-16,-1.7178,2978.91
1502.23,2,737,0,1,0.0,1.0,-2.8399,1459.56
137.8,316,770,1,5,0.8660254037844387,-0.4999999999999998,6.4333,146.66
652.55,270,1108,0,8,-0.4999999999999997,-0.8660254037844388,6.5537,695.32
4088.57,270,503,0,1,0.0,1.0,0.2723,4099.71
477.31,143,1240,3,9,-0.8660254037844385,-0.5000000000000004,3.5881,494.44
5000.0,293,1337,0,10,-1.0,-1.8369701987210297e-16,3.1434,5157.17
1141.74,139,1059,3,8,-0.4999999999999997,-0.8660254037844388,0.9418,1152.49
2334.1,17,647,1,3,0.8660254037844386,0.5000000000000001,-0.03,2333.4
143.53,332,1544,2,9,-0.8660254037844385,-0.5000000000000004,4.3431,149.76
4373.03,85,1386,2,5,0.8660254037844387,-0.4999999999999998,3.2993,4517.31
3228.65,37,1388,1,9,-0.8660254037844385,-0.5000000000000004,-1.2457,3188.43
1650.05,227,700,3,8,-0.4999999999999997,-0.8660254037844388,2.1014,1684.72
4868.33,85,1375,1,2,0.49999999999999994,0.8660254037844387,0.5097,4893.15
2515.26,314,1430,0,2,0.49999999999999994,0.8660254037844387,3.1364,2594.15
598.98,162,447,1,1,0.0,1.0,-0.4957,596.02
822.47,1,321,0,1,0.0,1.0,-1.8166,807.53
2381.24,348,866,0,4,1.0,6.123233995736766e-17,4.2907,2483.41
1857.25,188,1099,0,1,0.0,1.0,-1.1861,1835.22
538.33,96,45,0,12,-0.5000000000000004,0.8660254037844384,-1.2157,531.79
824.25,247,845,0,11,-0.8660254037844386,0.5000000000000001,2.9896,848.9
2339.24,194,230,0,3,0.8660254037844386,0.5000000000000001,1.537,2375.19
64.16,10,1589,1,4,1.0,6.123233995736766e-17,1.5518,65.16
1590.51,278,1190,1,9,-0.8660254037844385,-0.5000000000000004,3.4631,1645.6
904.8,146,1800,2,8,-0.4999999999999997,-0.8660254037844388,1.6149,919.41
2334.01,256,820,2,7,1.2246467991473532e-16,-1.0,5.2613,2456.8
154.59,327,1584,2,12,-0.5000000000000004,0.8660254037844384,3.4398,159.9
552.51,223,807,1,8,-0.4999999999999997,-0.8660254037844388,6.2221,586.88
65.6,245,195,0,9,-0.8660254037844385,-0.5000000000000004,2.8475,67.47
1082.93,93,1014,2,7,1.2246467991473532e-16,-1.0,3.2048,1117.64
1715.66,86,727,0,7,1.2246467991473532e-16,-1.0,2.6382,1760.92
902.17,151,773,0,4,1.0,6.123233995736766e-17,2.7402,926.89
793.78,312,1289,0,7,1.2246467991473532e-16,-1.0,10.8294,879.74
218.29,191,646,1,12,-0.5000000000000004,0.8660254037844384,2.5833,223.93
1097.54,127,1185,1,5,0.8660254037844387,-0.4999999999999998,1.9515,1118.96
2708.53,285,335,0,2,0.49999999999999994,0.8660254037844387,0.597,2724.7
1816.68,312,1535,1,8,-0.4999999999999997,-0.8660254037844388,4.7972,1903.83
51.51,330,711,0,10,-1.0,-1.8369701987210297e-16,5.29,54.24
620.72,109,1208,0,12,-0.5000000000000004,0.8660254037844384,-1.2432,613.0
1319.2,259,436,0,7,1.2246467991473532e-16,-1.0,5.3816,1390.2
454.32,216,500,0,10,-1.0,-1.8369701987210297e-16,-0.0061,454.29
1036.15,164,1705,1,4,1.0,6.123233995736766e-17,0.0815,1036.99
2858.65,145,329,0,6,0.49999999999999994,-0.8660254037844387,6.2103,3036.18
3054.38,41,862,0,6,0.49999999999999994,-0.8660254037844387,2.309,3124.91
62.08,100,514,0,4,1.0,6.123233995736766e-17,4.8716,65.1
489.11,201,685,1,9,-0.8660254037844385,-0.5000000000000004,2.5038,501.36
986.95,324,1367,3,11,-0.8660254037844386,0.5000000000000001,-1.4709,972.43
3064.8,317,1254,1,4,1.0,6.123233995736766e-17,1.8886,3122.68
173.11,68,973,1,2,0.49999999999999994,0.8660254037844387,4.4535,180.82
104.19,248,1325,2,10,-1.0,-1.8369701987210297e-16,1.527,105.78
573.29,31,108,0,11,-0.8660254037844386,0.5000000000000001,1.921,584.3
361.36,247,385,0,12,-0.5000000000000004,0.8660254037844384,2.1096,368.98
184.14,125,1126,0,4,1.0,6.123233995736766e-17,3.6656,190.89
4491.85,164,1014,0,9,-0.8660254037844385,-0.5000000000000004,2.4927,4603.82
153.24,262,110,0,9,-0.8660254037844385,-0.5000000000000004,2.9258,157.73
76.4,155,1342,0,10,-1.0,-1.8369701987210297e-16,4.9301,80.16
59.14,295,640,0,10,-1.0,-1.8369701987210297e-16,6.6967,63.1
107.9,195,487,0,12,-0.5000000000000004,0.8660254037844384,2.0906,110.15
80.46,365,718,0,6,0.49999999999999994,-0.8660254037844387,8.1542,87.02
286.26,233,619,0,1,0.0,1.0,1.1219,289.47
67.99,108,927,2,3,0.8660254037844386,0.5000000000000001,4.4526,71.02
552.41,283,432,1,11,-0.8660254037844386,0.5000000000000001,2.2384,564.77
254.2,149,247,0,11,-0.8660254037844386,0.5000000000000001,4.3989,265.38
1039.25,195,1485,0,1,0.0,1.0,-0.0036,1039.21
5000.0,50,1133,0,5,0.8660254037844387,-0.4999999999999998,2.3326,5116.63
4699.28,43,570,0,3,0.8660254037844386,0.5000000000000001,1.2838,4759.61
413.01,210,1281,0,4,1.0,6.123233995736766e-17,4.2006,430.36
317.35,68,1203,0,8,-0.4999999999999997,-0.8660254037844388,5.1495,333.69
1371.93,365,1258,1,7,1.2246467991473532e-16,-1.0,4.5493,1434.34
307.63,313,1222,1,6,0.49999999999999994,-0.8660254037844387,5.4655,324.44
2346.04,256,1495,1,6,0.49999999999999994,-0.8660254037844387,3.5227,2428.69
1005.17,268,1454,1,8,-0.4999999999999997,-0.8660254037844388,5.0674,1056.1
105.51,217,542,1,9,-0.8660254037844385,-0.5000000000000004,3.9448,109.67
386.27,22,1236,1,1,0.0,1.0,-1.5357,380.34
2429.91,143,635,2,2,0.49999999999999994,0.8660254037844387,0.0796,2431.84
665.5,181,940,1,5,0.8660254037844387,-0.4999999999999998,2.0837,679.37
1070.8,334,351,1,6,0.49999999999999994,-0.8660254037844387,1.2915,1084.63
1149.47,80,495,1,12,-0.5000000000000004,0.8660254037844384,-1.8359,1128.37
547.52,181,1325,1,11,-0.8660254037844386,0.5000000000000001,5.2232,576.12
176.51,125,586,0,8,-0.4999999999999997,-0.8660254037844388,5.4024,186.05
628.93,49,281,0,1,0.0,1.0,-2.4634,613.43
104.73,37,1470,0,2,0.49999999999999994,0.8660254037844387,1.604,106.41
1011.33,133,1410,0,6,0.49999999999999994,-0.8660254037844387,4.3854,1055.69
64.27,30,378,0,8,-0.4999999999999997,-0.8660254037844388,3.8403,66.74
3560.13,24,916,0,8,-0.4999999999999997,-0.8660254037844388,3.9187,3699.64
1390.64,128,472,0,2,0.49999999999999994,0.8660254037844387,0.3296,1395.22
131.33,73,1433,2,11,-0.8660254037844386,0.5000000000000001,1.0903,132.77
2153.17,203,1046,0,6,0.49999999999999994,-0.8660254037844387,7.072,2305.44
1403.55,6,677,0,8,-0.4999999999999997,-0.8660254037844388,2.922,1444.56
1871.99,110,1400,0,1,0.0,1.0,0.6887,1884.88
264.46,165,1114,0,10,-1.0,-1.8369701987210297e-16,3.7916,274.48
452.79,352,397,1,7,1.2246467991473532e-16,-1.0,4.5847,473.55
736.53,232,812,1,3,0.8660254037844386,0.5000000000000001,0.0736,737.07
338.39,322,1252,0,4,1.0,6.123233995736766e-17,5.9795,358.63
685.36,125,829,0,5,0.8660254037844387,-0.4999999999999998,5.5268,723.24
113.34,164,190,0,1,0.0,1.0,1.2943,114.81
3410.52,153,1251,1,12,-0.5000000000000004,0.8660254037844384,1.1876,3451.02
4368.2,324,945,2,10,-1.0,-1.8369701987210297e-16,1.3566,4427.46
205.17,351,783,2,11,-0.8660254037844386,0.5000000000000001,1.9605,209.2
285.39,352,1232,0,5,0.8660254037844387,-0.4999999999999998,4.3456,297.79
163.44,275,1466,1,7,1.2246467991473532e-16,-1.0,6.0006,173.25
2997.24,184,1028,1,6,0.49999999999999994,-0.8660254037844387,5.4704,3161.2
125.18,197,1545,2,6,0.49999999999999994,-0.8660254037844387,3.9015,130.06
1736.89,358,396,0,8,-0.4999999999999997,-0.8660254037844388,5.0975,1825.43
2783.46,104,1131,0,6,0.49999999999999994,-0.8660254037844387,4.931,2920.71
263.68,126,1361,0,10,-1.0,-1.8369701987210297e-16,5.2553,277.54
1561.06,328,391,0,1,0.0,1.0,-1.1895,1542.49
517.63,141,1574,1,3,0.8660254037844386,0.5000000000000001,0.9808,522.71
184.16,86,176,0,11,-0.8660254037844386,0.5000000000000001,-0.4354,183.36
3119.46,205,694,0,11,-0.8660254037844386,0.5000000000000001,0.3689,3130.96
300.54,119,238,1,10,-1.0,-1.8369701987210297e-16,0.7769,302.87
59.61,326,696,0,5,0.8660254037844387,-0.4999999999999998,3.1164,61.46
1026.84,332,1314,3,6,0.49999999999999994,-0.8660254037844387,3.889,1066.77
1285.93,111,1394,1,1,0.0,1.0,-0.0227,1285.63
756.05,193,451,2,4,1.0,6.123233995736766e-17,-0.1557,754.87
333.44,360,1567,1,9,-0.8660254037844385,-0.5000000000000004,5.0105,350.15
1528.25,271,1499,0,5,0.8660254037844387,-0.4999999999999998,4.9671,1604.16
137.69,78,141,0,6,0.49999999999999994,-0.8660254037844387,3.5161,142.53
560.76,216,1800,2,2,0.49999999999999994,0.8660254037844387,-1.4201,552.79
164.97,226,1364,0,6,0.49999999999999994,-0.8660254037844387,7.3329,177.07
610.97,239,87,0,9,-0.8660254037844385,-0.5000000000000004,4.5066,638.5
1706.94,9,334,1,7,1.2246467991473532e-16,-1.0,0.0554,1707.89
85.65,109,1100,0,7,1.2246467991473532e-16,-1.0,8.0136,92.51
51.26,312,656,0,11,-0.8660254037844386,0.5000000000000001,4.5709,53.6
1473.82,88,424,0,3,0.8660254037844386,0.5000000000000001,0.6872,1483.94
205.21,109,633,0,4,1.0,6.123233995736766e-17,3.7853,212.98
204.71,118,710,1,8,-0.4999999999999997,-0.8660254037844388,2.5596,209.94
882.44,64,1464,0,6,0.49999999999999994,-0.8660254037844387,3.3436,911.95
397.31,56,394,0,12,-0.5000000000000004,0.8660254037844384,0.5667,399.56
62.96,127,173,0,1,0.0,1.0,-0.8401,62.43
2074.19,319,1377,1,2,0.49999999999999994,0.8660254037844387,1.3344,2101.87
131.83,0,1267,0,5,0.8660254037844387,-0.4999999999999998,3.5588,136.52
2914.56,103,1346,0,6,0.49999999999999994,-0.8660254037844387,4.4072,3043.01
2223.59,22,1533,1,11,-0.8660254037844386,0.5000000000000001,-0.3789,2215.17
75.03,205,103,0,6,0.49999999999999994,-0.8660254037844387,4.7722,78.61
2021.52,91,1332,1,6,0.49999999999999994,-0.8660254037844387,3.0159,2082.48
924.53,289,438,0,3,0.8660254037844386,0.5000000000000001,3.5604,957.45
4662.48,214,658,0,6,0.49999999999999994,-0.8660254037844387,7.5232,5013.24
1325.71,286,698,0,7,1.2246467991473532e-16,-1.0,6.0077,1405.36
376.49,232,1640,2,8,-0.4999999999999997,-0.8660254037844388,6.7509,401.91
899.08,160,804,0,8,-0.4999999999999997,-0.8660254037844388,3.8742,933.91
897.17,315,369,0,6,0.49999999999999994,-0.8660254037844387,4.0655,933.65
1199.32,174,172,0,2,0.49999999999999994,0.8660254037844387,-1.2272,1184.6
457.66,347,902,0,2,0.49999999999999994,0.8660254037844387,1.6697,465.3
2802.85,364,1328,1,2,0.49999999999999994,0.8660254037844387,1.6749,2849.8
204.53,215,1397,3,8,-0.4999999999999997,-0.8660254037844388,5.6508,216.09
5000.0,246,1404,0,11,-0.8660254037844386,0.5000000000000001,3.9988,5199.94
147.74,93,105,0,11,-0.8660254037844386,0.5000000000000001,-0.0643,147.64
53.28,298,631,0,4,1.0,6.123233995736766e-17,4.2511,55.54
129.08,245,1250,3,1,0.0,1.0,0.9405,130.3
4620.62,330,1293,0,8,-0.4999999999999997,-0.8660254037844388,6.2055,4907.35
1752.93,97,500,0,1,0.0,1.0,0.2983,1758.16
406.72,288,1175,2,8,-0.4999999999999997,-0.8660254037844388,4.523,425.12
2813.18,172,527,2,5,0.8660254037844387,-0.4999999999999998,1.6232,2858.84
160.65,67,906,0,11,-0.8660254037844386,0.5000000000000001,3.7378,166.66
167.13,62,1173,0,8,-0.4999999999999997,-0.8660254037844388,4.1268,174.02
106.72,205,1423,1,9,-0.8660254037844385,-0.5000000000000004,4.0388,111.03
370.07,116,785,1,5,0.8660254037844387,-0.4999999999999998,3.0604,381.4
529.05,37,733,0,11,-0.8660254037844386,0.5000000000000001,0.6533,532.5
116.27,156,1329,0,7,1.2246467991473532e-16,-1.0,3.6992,120.57
83.92,238,842,0,8,-0.4999999999999997,-0.8660254037844388,5.5593,88.58
272.37,116,554,0,5,0.8660254037844387,-0.4999999999999998,4.2111,283.83
122.64,349,444,0,6,0.49999999999999994,-0.8660254037844387,9.3779,134.15
808.61,285,1196,1,11,-0.8660254037844386,0.5000000000000001,1.8252,823.37
638.0,187,1081,0,5,0.8660254037844387,-0.4999999999999998,5.6093,673.78
104.56,342,827,0,1,0.0,1.0,3.5085,108.23
40.0,158,348,1,5,0.8660254037844387,-0.4999999999999998,5.1838,42.07
790.22,51,280,0,5,0.8660254037844387,-0.4999999999999998,0.7888,796.46
1538.68,13,399,0,6,0.49999999999999994,-0.8660254037844387,3.4147,1591.22
383.69,343,478,2,1,0.0,1.0,3.1175,395.66
709.97,351,743,0,2,0.49999999999999994,0.8660254037844387,4.8273,744.25
4267.09,270,870,2,4,1.0,6.123233995736766e-17,4.3453,4452.51
1656.96,37,606,0,6,0.49999999999999994,-0.8660254037844387,2.8573,1704.31
290.88,107,1406,0,1,0.0,1.0,2.0848,296.94
2279.36,15,540,1,5,0.8660254037844387,-0.4999999999999998,0.0095,2279.58
752.71,18,1222,0,4,1.0,6.123233995736766e-17,-1.9101,738.33
452.69,90,324,0,1,0.0,1.0,-0.0252,452.58
1330.89,209,935,0,4,1.0,6.123233995736766e-17,2.9759,1370.5
442.7,23,1433,1,4,1.0,6.123233995736766e-17,2.7073,454.69
3669.46,360,1264,0,2,0.49999999999999994,0.8660254037844387,3.9177,3813.21
111.44,166,1034,1,10,-1.0,-1.8369701987210297e-16,1.7836,113.43
306.32,96,575,1,1,0.0,1.0,3.2526,316.28
59.61,188,594,0,7,1.2246467991473532e-16,-1.0,6.338,63.39
1266.44,289,663,0,8,-0.4999999999999997,-0.8660254037844388,3.3612,1309.01
206.17,114,1276,0,10,-1.0,-1.8369701987210297e-16,1.6773,209.63
328.91,17,697,1,7,1.2246467991473532e-16,-1.0,-0.4929,327.29
3743.94,18,1246,0,7,1.2246467991473532e-16,-1.0,4.0943,3897.23
150.69,311,1656,1,10,-1.0,-1.8369701987210297e-16,3.9139,156.59
40.0,40,206,0,11,-0.8660254037844386,0.5000000000000001,-0.8649,39.65
922.52,232,1407,0,3,0.8660254037844386,0.5000000000000001,1.8328,939.43
391.5,140,982,1,10,-1.0,-1.8369701987210297e-16,2.1559,399.94
65.31,284,919,0,6,0.49999999999999994,-0.8660254037844387,7.5718,70.26
169.28,22,489,0,2,0.49999999999999994,0.8660254037844387,-2.8057,164.53
137.56,328,716,1,8,-0.4999999999999997,-0.8660254037844388,4.4548,143.68
170.94,255,1000,1,12,-0.5000000000000004,0.8660254037844384,2.9709,176.02
1611.4,164,334,0,2,0.49999999999999994,0.8660254037844387,-0.8193,1598.2
226.92,75,1090,0,1,0.0,1.0,1.6962,230.77
528.2,357,1015,0,11,-0.8660254037844386,0.5000000000000001,3.1243,544.71
123.67,110,238,1,8,-0.4999999999999997,-0.8660254037844388,5.6729,130.69
3475.28,179,351,0,3,0.8660254037844386,0.5000000000000001,1.1244,3514.36
1834.43,144,867,1,10,-1.0,-1.8369701987210297e-16,3.6911,1902.14
411.78,84,1305,1,5,0.8660254037844387,-0.4999999999999998,3.9204,427.92
1318.7,152,713,2,4,1.0,6.123233995736766e-17,2.1098,1346.53
259.74,55,1336,0,4,1.0,6.123233995736766e-17,1.4797,263.58
71.43,0,822,0,8,-0.4999999999999997,-0.8660254037844388,4.9483,74.96
371.13,106,829,0,2,0.49999999999999994,0.8660254037844387,1.3236,376.04
519.18,41,204,0,5,0.8660254037844387,-0.4999999999999998,0.2099,520.27
266.49,151,959,0,4,1.0,6.123233995736766e-17,0.319,267.34
396.31,315,1633,2,1,0.0,1.0,1.9336,403.98
1140.02,59,352,0,10,-1.0,-1.8369701987210297e-16,3.0693,1175.01
3345.08,0,836,0,1,0.0,1.0,-3.2508,3236.34
2256.91,40,54,0,12,-0.5000000000000004,0.8660254037844384,-3.3677,2180.9
593.85,185,625,3,2,0.49999999999999994,0.8660254037844387,-1.028,587.74
683.52,100,148,0,5,0.8660254037844387,-0.4999999999999998,3.8044,709.53
687.43,179,1291,1,2,0.49999999999999994,0.8660254037844387,-1.6404,676.15
349.64,10,1554,1,5,0.8660254037844387,-0.4999999999999998,1.1539,353.68
1110.6,121,100,0,8,-0.4999999999999997,-0.8660254037844388,1.2957,1124.99
93.42,150,1277,1,2,0.49999999999999994,0.8660254037844387,2.4929,95.74
3420.72,157,908,0,7,1.2246467991473532e-16,-1.0,4.2791,3567.09
203.71,201,1067,0,10,-1.0,-1.8369701987210297e-16,3.6155,211.07
133.52,285,775,0,6,0.49999999999999994,-0.8660254037844387,6.1518,141.73
225.27,171,1488,0,2,0.49999999999999994,0.8660254037844387,3.4233,232.99
1631.56,307,238,1,9,-0.8660254037844385,-0.5000000000000004,4.8901,1711.34
137.01,193,404,1,3,0.8660254037844386,0.5000000000000001,3.2266,141.43
714.58,95,408,0,1,0.0,1.0,0.4396,717.72
282.82,83,1313,1,6,0.49999999999999994,-0.8660254037844387,6.1293,300.16
780.16,118,157,0,4,1.0,6.123233995736766e-17,-0.0992,779.39
596.45,218,224,0,1,0.0,1.0,1.0818,602.9
5000.0,88,1260,1,10,-1.0,-1.8369701987210297e-16,4.8667,5243.33
195.8,334,654,0,8,-0.4999999999999997,-0.8660254037844388,3.7415,203.12
282.13,175,1216,1,11,-0.8660254037844386,0.5000000000000001,1.4396,286.19
111.38,315,578,0,6,0.49999999999999994,-0.8660254037844387,4.8404,116.77
315.64,250,238,1,6,0.49999999999999994,-0.8660254037844387,4.6901,330.44
2623.91,122,914,0,11,-0.8660254037844386,0.5000000000000001,3.3498,2711.81
97.74,83,204,0,1,0.0,1.0,0.6656,98.39
4325.67,272,803,1,5,0.8660254037844387,-0.4999999999999998,3.4171,4473.48
62.27,121,1326,0,10,-1.0,-1.8369701987210297e-16,4.5842,65.13
1713.06,90,311,0,4,1.0,6.123233995736766e-17,0.5372,1722.27
1053.18,340,583,2,11,-0.8660254037844386,0.5000000000000001,1.9702,1073.93
4350.79,176,1425,0,4,1.0,6.123233995736766e-17,3.8353,4517.66
490.76,17,487,0,5,0.8660254037844387,-0.4999999999999998,4.4344,512.52
1090.54,181,587,0,11,-0.8660254037844386,0.5000000000000001,2.2611,1115.2
69.33,168,1259,1,3,0.8660254037844386,0.5000000000000001,2.9208,71.35
236.66,316,314,1,12,-0.5000000000000004,0.8660254037844384,4.6403,247.64
1340.56,260,233,1,1,0.0,1.0,-3.0371,1299.85
96.11,70,1272,0,4,1.0,6.123233995736766e-17,2.96,98.95
2434.6,55,1424,0,8,-0.4999999999999997,-0.8660254037844388,2.2948,2490.47
264.35,220,1482,0,8,-0.4999999999999997,-0.8660254037844388,5.7179,279.46
177.77,17,78,0,11,-0.8660254037844386,0.5000000000000001,0.4032,178.49
1038.75,116,943,1,12,-0.5000000000000004,0.8660254037844384,1.5753,1055.12
83.35,50,1281,0,9,-0.8660254037844385,-0.5000000000000004,3.0772,85.91
1114.9,7,1439,1,8,-0.4999999999999997,-0.8660254037844388,3.1867,1150.43
3372.88,336,747,1,4,1.0,6.123233995736766e-17,1.8423,3435.02
74.08,32,878,1,10,-1.0,-1.8369701987210297e-16,-0.1774,73.95
123.08,3,263,0,8,-0.4999999999999997,-0.8660254037844388,2.4086,126.04
40.0,341,247,0,1,0.0,1.0,2.0225,40.81
562.19,68,1046,2,10,-1.0,-1.8369701987210297e-16,3.2939,580.71
1315.44,298,570,1,5,0.8660254037844387,-0.4999999999999998,7.0477,1408.15
4864.94,11,1461,0,6,0.49999999999999994,-0.8660254037844387,1.6437,4944.91
209.76,56,321,1,6,0.49999999999999994,-0.8660254037844387,-0.0628,209.62
95.58,40,973,2,10,-1.0,-1.8369701987210297e-16,-0.7344,94.88
56.33,258,855,0,4,1.0,6.123233995736766e-17,3.4697,58.28
164.05,226,321,2,5,0.8660254037844387,-0.4999999999999998,3.4669,169.74
513.76,174,686,0,1,0.0,1.0,0.6596,517.15
4100.46,88,1709,3,5,0.8660254037844387,-0.4999999999999998,-0.6363,4074.37
100.29,32,204,0,2,0.49999999999999994,0.8660254037844387,2.096,102.39
1484.92,208,254,0,7,1.2246467991473532e-16,-1.0,5.0634,1560.11
365.41,84,285,0,11,-0.8660254037844386,0.5000000000000001,3.1936,377.08
2077.48,216,198,1,6,0.49999999999999994,-0.8660254037844387,0.3666,2085.1
3446.05,251,1723,3,11,-0.8660254037844386,0.5000000000000001,2.733,3540.23
1965.81,310,111,0,12,-0.5000000000000004,0.8660254037844384,0.5923,1977.46
273.43,180,454,0,1,0.0,1.0,0.4307,274.61
292.21,1,1248,0,7,1.2246467991473532e-16,-1.0,3.4795,302.38
164.71,102,1494,0,7,1.2246467991473532e-16,-1.0,4.3471,171.87
114.75,312,432,1,5,0.8660254037844387,-0.4999999999999998,4.5439,119.97
796.65,195,569,0,10,-1.0,-1.8369701987210297e-16,4.2421,830.45
3612.8,226,489,2,5,0.8660254037844387,-0.4999999999999998,-0.6544,3589.16
761.96,167,767,2,1,0.0,1.0,1.9418,776.75
423.27,59,1419,0,7,1.2246467991473532e-16,-1.0,5.0323,444.57
134.24,328,536,0,3,0.8660254037844386,0.5000000000000001,3.4722,138.9
1177.8,282,1478,3,5,0.8660254037844387,-0.4999999999999998,4.7165,1233.35
110.57,364,619,2,7,1.2246467991473532e-16,-1.0,6.4379,117.69
63.35,313,523,1,9,-0.8660254037844385,-0.5000000000000004,4.3223,66.09
67.51,106,570,0,4,1.0,6.123233995736766e-17,1.7314,68.68
2773.6,93,898,0,5,0.8660254037844387,-0.4999999999999998,5.0995,2915.04
353.49,90,1427,1,1,0.0,1.0,-1.8934,346.8
3391.61,336,398,0,5,0.8660254037844387,-0.4999999999999998,3.8866,3523.43
555.69,203,1171,1,7,1.2246467991473532e-16,-1.0,3.0092,572.41
1267.9,166,920,1,8,-0.4999999999999997,-0.8660254037844388,4.6981,1327.47
2784.21,354,1202,0,4,1.0,6.123233995736766e-17,4.1861,2900.76
2651.72,220,532,0,1,0.0,1.0,-1.3049,2617.12
97.44,332,661,0,7,1.2246467991473532e-16,-1.0,5.6512,102.95
143.92,360,1211,2,8,-0.4999999999999997,-0.8660254037844388,6.1746,152.8
93.05,29,690,0,2,0.49999999999999994,0.8660254037844387,0.7136,93.72
450.92,132,1149,0,7,1.2246467991473532e-16,-1.0,2.253,461.08
78.71,268,457,2,2,0.49999999999999994,0.8660254037844387,0.1491,78.83
933.1,297,647,1,6,0.49999999999999994,-0.8660254037844387,5.0902,980.6
210.64,54,298,0,8,-0.4999999999999997,-0.8660254037844388,4.9943,221.16
3771.55,116,469,1,9,-0.8660254037844385,-0.5000000000000004,3.0746,3887.51
1629.33,200,122,0,9,-0.8660254037844385,-0.5000000000000004,2.0449,1662.64
1524.27,292,1231,3,10,-1.0,-1.8369701987210297e-16,3.729,1581.11
1081.61,41,673,2,3,0.8660254037844386,0.5000000000000001,-1.5107,1065.27
66.26,219,1148,0,11,-0.8660254037844386,0.5000000000000001,-1.0769,65.55
70.53,108,775,0,5,0.8660254037844387,-0.4999999999999998,6.3833,75.03
429.5,79,1190,0,5,0.8660254037844387,-0.4999999999999998,4.3045,447.98
4501.6,188,1518,1,10,-1.0,-1.8369701987210297e-16,2.7125,4623.7
87.47,151,1322,1,4,1.0,6.123233995736766e-17,3.4301,90.47
328.35,232,657,0,1,0.0,1.0,2.2019,335.58
2659.12,116,1800,2,9,-0.8660254037844385,-0.5000000000000004,2.2457,2718.83
199.7,301,605,0,8,-0.4999999999999997,-0.8660254037844388,5.7281,211.14
4496.78,28,1306,1,7,1.2246467991473532e-16,-1.0,1.557,4566.8
3362.36,315,519,1,2,0.49999999999999994,0.8660254037844387,1.0457,3397.52
79.97,10,1455,0,8,-0.4999999999999997,-0.8660254037844388,2.6075,82.05
766.8,269,486,0,3,0.8660254037844386,0.5000000000000001,0.5928,771.34
103.82,126,1119,1,7,1.2246467991473532e-16,-1.0,5.456,109.49
345.4,140,641,1,7,1.2246467991473532e-16,-1.0,5.7332,365.2
2746.57,6,378,0,10,-1.0,-1.8369701987210297e-16,-1.5317,2704.5
59.71,256,599,1,12,-0.5000000000000004,0.8660254037844384,1.0763,60.35
4234.67,60,930,0,3,0.8660254037844386,0.5000000000000001,-2.1314,4144.41
3960.75,241,207,0,2,0.49999999999999994,0.8660254037844387,-1.6565,3895.14
954.28,265,497,1,7,1.2246467991473532e-16,-1.0,2.6754,979.81
321.07,309,1384,0,12,-0.5000000000000004,0.8660254037844384,4.672,336.07
124.59,259,383,1,2,0.49999999999999994,0.8660254037844387,-1.107,123.21
432.25,110,1318,1,6,0.49999999999999994,-0.8660254037844387,4.838,453.16
97.4,270,483,0,5,0.8660254037844387,-0.4999999999999998,4.7706,102.05
46.37,302,509,0,4,1.0,6.123233995736766e-17,5.472,48.91
58.45,116,573,0,8,-0.4999999999999997,-0.8660254037844388,6.5025,62.25
1011.4,45,602,0,4,1.0,6.123233995736766e-17,1.0901,1022.42
58.39,325,1157,1,6,0.49999999999999994,-0.8660254037844387,8.2982,63.23
233.89,54,1216,0,11,-0.8660254037844386,0.5000000000000001,3.9229,243.06
1106.66,217,865,2,5,0.8660254037844387,-0.4999999999999998,5.1082,1163.19
86.48,86,294,0,1,0.0,1.0,-0.9173,85.68
158.42,46,49,0,11,-0.8660254037844386,0.5000000000000001,-2.9693,153.71
63.55,284,1377,2,4,1.0,6.123233995736766e-17,3.8364,65.98
101.35,52,1380,0,10,-1.0,-1.8369701987210297e-16,3.1469,104.54
104.42,245,271,1,10,-1.0,-1.8369701987210297e-16,0.0037,104.42
92.99,253,1069,1,7,1.2246467991473532e-16,-1.0,6.2837,98.84
412.54,22,812,2,2,0.49999999999999994,0.8660254037844387,-5.2802,390.75
71.07,63,351,0,12,-0.5000000000000004,0.8660254037844384,2.535,72.87
240.99,290,1251,0,9,-0.8660254037844385,-0.5000000000000004,6.6047,256.91
1454.76,185,1111,3,6,0.49999999999999994,-0.8660254037844387,1.8058,1481.03
915.6,44,487,0,11,-0.8660254037844386,0.5000000000000001,0.1452,916.93
232.62,362,385,1,10,-1.0,-1.8369701987210297e-16,4.1799,242.35
4720.35,96,1426,1,10,-1.0,-1.8369701987210297e-16,2.2129,4824.8
2504.16,1,1567,1,3,0.8660254037844386,0.5000000000000001,-0.8845,2482.02
1032.78,338,1457,1,8,-0.4999999999999997,-0.8660254037844388,7.1349,1106.47
341.1,6,863,3,4,1.0,6.123233995736766e-17,-2.4033,332.9
50.94,202,318,0,1,0.0,1.0,1.1727,51.53
430.04,363,1587,1,5,0.8660254037844387,-0.4999999999999998,8.3063,465.76
657.46,211,1007,1,2,0.49999999999999994,0.8660254037844387,0.7483,662.38
4375.63,213,429,0,2,0.49999999999999994,0.8660254037844387,0.87,4413.69
3483.52,142,515,2,9,-0.8660254037844385,-0.5000000000000004,0.0877,3486.57
95.41,46,1208,0,7,1.2246467991473532e-16,-1.0,7.9835,103.03
5000.0,209,1213,0,5,0.8660254037844387,-0.4999999999999998,4.5508,5227.54
1347.29,328,474,2,3,0.8660254037844386,0.5000000000000001,-0.5944,1339.29
1184.88,33,971,2,10,-1.0,-1.8369701987210297e-16,1.7819,1205.99
3350.19,322,748,0,8,-0.4999999999999997,-0.8660254037844388,3.8099,3477.83
214.81,151,810,1,8,-0.4999999999999997,-0.8660254037844388,5.582,226.8
287.68,196,582,0,3,0.8660254037844386,0.5000000000000001,3.922,298.97
2596.72,60,523,0,2,0.49999999999999994,0.8660254037844387,2.2233,2654.45
69.68,227,532,0,2,0.49999999999999994,0.8660254037844387,2.5683,71.47
1781.93,66,1800,2,1,0.0,1.0,-1.182,1760.87
2830.85,99,1489,0,12,-0.5000000000000004,0.8660254037844384,-2.5697,2758.11
2362.58,264,207,0,5,0.8660254037844387,-0.4999999999999998,2.6351,2424.84
158.01,18,1323,1,8,-0.4999999999999997,-0.8660254037844388,2.2497,161.57
1226.15,163,879,0,12,-0.5000000000000004,0.8660254037844384,0.7755,1235.66
60.47,217,417,0,12,-0.5000000000000004,0.8660254037844384,1.164,61.18
2234.41,48,315,0,4,1.0,6.123233995736766e-17,1.5508,2269.07
547.91,107,1332,1,6,0.49999999999999994,-0.8660254037844387,3.1552,565.2
823.28,125,649,1,6,0.49999999999999994,-0.8660254037844387,4.1191,857.19
2167.84,242,425,1,1,0.0,1.0,-0.1832,2163.87
666.98,357,1456,0,10,-1.0,-1.8369701987210297e-16,3.9963,693.64
661.41,306,1393,0,7,1.2246467991473532e-16,-1.0,5.4747,697.62
405.0,69,750,1,5,0.8660254037844387,-0.4999999999999998,2.9018,416.75
773.06,6,665,0,7,1.2246467991473532e-16,-1.0,4.6693,809.15
1336.29,18,657,0,9,-0.8660254037844385,-0.5000000000000004,0.5589,1343.76
1723.08,218,322,0,1,0.0,1.0,0.3146,1728.5
41.4,57,198,0,8,-0.4999999999999997,-0.8660254037844388,4.0822,43.09
211.37,84,442,0,11,-0.8660254037844386,0.5000000000000001,1.0873,213.67
344.83,310,830,2,9,-0.8660254037844385,-0.5000000000000004,1.7366,350.82
59.61,319,270,0,8,-0.4999999999999997,-0.8660254037844388,6.6479,63.57
1276.51,307,310,1,2,0.49999999999999994,0.8660254037844387,-1.5606,1256.59
708.77,92,1399,0,9,-0.8660254037844385,-0.5000000000000004,1.3386,718.26
60.75,226,1536,1,10,-1.0,-1.8369701987210297e-16,2.2346,62.11
847.24,223,637,1,6,0.49999999999999994,-0.8660254037844387,4.0407,881.48
266.34,67,1319,2,7,1.2246467991473532e-16,-1.0,2.1067,271.95
1146.99,202,252,0,8,-0.4999999999999997,-0.8660254037844388,1.6857,1166.33
142.17,192,1569,1,2,0.49999999999999994,0.8660254037844387,2.5786,145.84
56.88,144,1228,0,4,1.0,6.123233995736766e-17,3.9353,59.12
60.06,275,476,1,10,-1.0,-1.8369701987210297e-16,4.8037,62.95
342.43,248,725,2,12,-0.5000000000000004,0.8660254037844384,-0.0656,342.2
1543.36,194,749,1,4,1.0,6.123233995736766e-17,2.1329,1576.28
659.7,265,383,1,5,0.8660254037844387,-0.4999999999999998,4.7488,691.02
45.06,279,682,2,11,-0.8660254037844386,0.5000000000000001,0.5154,45.3
900.03,207,1392,2,2,0.49999999999999994,0.8660254037844387,-0.3308,897.06
526.9,97,1102,0,4,1.0,6.123233995736766e-17,4.165,548.84
1424.5,277,55,0,1,0.0,1.0,0.3278,1429.17
150.29,262,729,1,3,0.8660254037844386,0.5000000000000001,2.5877,154.18
1616.44,359,1479,3,8,-0.4999999999999997,-0.8660254037844388,4.4519,1688.4
1151.04,54,1312,0,5,0.8660254037844387,-0.4999999999999998,4.6893,1205.02
934.37,153,864,0,12,-0.5000000000000004,0.8660254037844384,1.0125,943.83
368.69,338,1115,0,11,-0.8660254037844386,0.5000000000000001,4.0545,383.63
42.59,188,404,0,11,-0.8660254037844386,0.5000000000000001,2.4037,43.61
141.14,344,1309,0,9,-0.8660254037844385,-0.5000000000000004,4.0776,146.9
2516.61,4,734,0,9,-0.8660254037844385,-0.5000000000000004,1.997,2566.86
976.89,12,1052,0,7,1.2246467991473532e-16,-1.0,1.8502,994.96
616.49,291,493,1,12,-0.5000000000000004,0.8660254037844384,-0.6224,612.65
454.09,131,296,0,2,0.49999999999999994,0.8660254037844387,-2.373,443.31
69.61,190,820,0,9,-0.8660254037844385,-0.5000000000000004,2.7749,71.54
248.47,156,805,0,2,0.49999999999999994,0.8660254037844387,-1.7298,244.17
922.42,149,877,0,5,0.8660254037844387,-0.4999999999999998,2.2236,942.93
102.08,343,1221,0,4,1.0,6.123233995736766e-17,4.8891,107.07
4288.4,34,1168,0,8,-0.4999999999999997,-0.8660254037844388,4.5132,4481.95
58.74,282,484,0,10,-1.0,-1.8369701987210297e-16,4.431,61.34
1139.65,325,794,1,1,0.0,1.0,1.8324,1160.53
146.77,240,169,0,8,-0.4999999999999997,-0.8660254037844388,6.8662,156.85
3297.33,144,1190,0,3,0.8660254037844386,0.5000000000000001,-2.7138,3207.85
1829.31,58,242,0,1,0.0,1.0,-0.9944,1811.12
168.38,249,145,0,6,0.49999999999999994,-0.8660254037844387,5.4078,177.49
426.06,171,802,0,7,1.2246467991473532e-16,-1.0,6.5166,453.82
5000.0,54,1386,0,3,0.8660254037844386,0.5000000000000001,-2.1444,4892.78
774.05,131,592,0,5,0.8660254037844387,-0.4999999999999998,2.4094,792.7
40.0,351,315,0,12,-0.5000000000000004,0.8660254037844384,1.4279,40.57
1617.05,97,637,2,5,0.8660254037844387,-0.4999999999999998,-0.4471,1609.82
315.47,65,1263,0,12,-0.5000000000000004,0.8660254037844384,4.3654,329.24
191.78,249,1006,0,11,-0.8660254037844386,0.5000000000000001,2.6722,196.9
2408.29,73,765,0,5,0.8660254037844387,-0.4999999999999998,3.8771,2501.66
5000.0,336,1395,0,7,1.2246467991473532e-16,-1.0,7.2461,5362.31
51.89,314,416,1,9,-0.8660254037844385,-0.5000000000000004,2.7042,53.29
321.28,359,942,0,6,0.49999999999999994,-0.8660254037844387,6.0292,340.65
162.49,334,568,0,5,0.8660254037844387,-0.4999999999999998,5.7741,171.87
2929.82,89,694,2,4,1.0,6.123233995736766e-17,0.9365,2957.26
3591.8,77,1382,0,2,0.49999999999999994,0.8660254037844387,0.6494,3615.13
4284.96,125,1438,0,1,0.0,1.0,3.045,4415.43
71.82,171,1458,1,5,0.8660254037844387,-0.4999999999999998,6.037,76.15
46.85,322,501,3,10,-1.0,-1.8369701987210297e-16,3.884,48.67
729.05,268,1096,0,3,0.8660254037844386,0.5000000000000001,4.5377,762.13
95.32,235,657,1,3,0.8660254037844386,0.5000000000000001,4.6252,99.73
74.84,321,598,0,4,1.0,6.123233995736766e-17,3.8798,77.74
138.23,236,505,1,8,-0.4999999999999997,-0.8660254037844388,2.6158,141.84
1426.94,138,902,0,3,0.8660254037844386,0.5000000000000001,0.5941,1435.42
1388.98,151,1432,1,3,0.8660254037844386,0.5000000000000001,-0.746,1378.62
1616.9,189,382,0,2,0.49999999999999994,0.8660254037844387,-1.078,1599.47
65.29,32,827,0,4,1.0,6.123233995736766e-17,2.4545,66.89
1932.08,271,988,0,3,0.8660254037844386,0.5000000000000001,1.829,1967.42
525.62,238,1098,1,10,-1.0,-1.8369701987210297e-16,4.3859,548.68
182.88,267,572,1,11,-0.8660254037844386,0.5000000000000001,2.9953,188.36
616.08,195,197,1,5,0.8660254037844387,-0.4999999999999998,3.1796,635.67
2506.62,286,1663,3,2,0.49999999999999994,0.8660254037844387,-1.4797,2469.53
82.09,347,913,0,2,0.49999999999999994,0.8660254037844387,2.3623,84.03
2490.61,208,1265,1,4,1.0,6.123233995736766e-17,-0.2334,2484.8
712.32,162,819,0,6,0.49999999999999994,-0.8660254037844387,5.5307,751.71
833.67,38,823,2,7,1.2246467991473532e-16,-1.0,5.1174,876.34
2668.17,284,588,1,4,1.0,6.123233995736766e-17,2.8564,2744.38
1489.81,330,1005,0,5,0.8660254037844387,-0.4999999999999998,5.6001,1573.24
898.53,256,1255,0,4,1.0,6.123233995736766e-17,3.1657,926.98
209.8,316,635,1,7,1.2246467991473532e-16,-1.0,5.6494,221.66
409.44,315,315,1,9,-0.8660254037844385,-0.5000000000000004,5.9628,433.86
2013.41,292,417,1,1,0.0,1.0,0.5258,2024.0
5000.0,184,888,0,6,0.49999999999999994,-0.8660254037844387,5.3724,5268.62
1413.22,36,387,0,8,-0.4999999999999997,-0.8660254037844388,4.145,1471.8
2523.28,1,1684,2,9,-0.8660254037844385,-0.5000000000000004,2.0741,2575.61
1161.06,74,623,1,7,1.2246467991473532e-16,-1.0,2.9535,1195.35
1768.59,157,763,0,7,1.2246467991473532e-16,-1.0,4.624,1850.37
126.79,272,494,1,9,-0.8660254037844385,-0.5000000000000004,3.9669,131.82
349.18,166,857,1,5,0.8660254037844387,-0.4999999999999998,4.5486,365.07
734.34,8,1168,1,7,1.2246467991473532e-16,-1.0,1.9612,748.75
773.52,76,1407,1,4,1.0,6.123233995736766e-17,2.2702,791.08
939.55,358,1441,2,6,0.49999999999999994,-0.8660254037844387,6.8579,1003.99
4937.79,361,1103,2,2,0.49999999999999994,0.8660254037844387,-1.2037,4878.35
2623.81,138,710,0,5,0.8660254037844387,-0.4999999999999998,0.3276,2632.41
2114.33,294,519,0,2,0.49999999999999994,0.8660254037844387,1.3912,2143.75
3169.07,263,1669,1,3,0.8660254037844386,0.5000000000000001,3.1313,3268.3
2359.37,340,1299,1,6,0.49999999999999994,-0.8660254037844387,5.861,2497.66
1454.86,324,1342,0,7,1.2246467991473532e-16,-1.0,4.5084,1520.46
190.42,230,1481,2,12,-0.5000000000000004,0.8660254037844384,2.9782,196.09
2016.31,144,171,0,1,0.0,1.0,2.0974,2058.6
152.23,229,431,0,11,-0.8660254037844386,0.5000000000000001,1.3207,154.24
1480.72,116,1023,2,4,1.0,6.123233995736766e-17,0.0786,1481.88
70.52,127,669,2,9,-0.8660254037844385,-0.5000000000000004,3.1115,72.71
786.86,222,1367,0,9,-0.8660254037844385,-0.5000000000000004,4.5911,822.99
212.83,209,761,0,12,-0.5000000000000004,0.8660254037844384,3.9691,221.28
1094.82,212,365,0,2,0.49999999999999994,0.8660254037844387,1.1295,1107.18
2856.88,140,915,0,12,-0.5000000000000004,0.8660254037844384,0.1927,2862.38
47.24,149,595,0,1,0.0,1.0,0.5311,47.49
62.84,3,231,0,11,-0.8660254037844386,0.5000000000000001,-2.6637,61.16
4784.59,220,1423,0,8,-0.4999999999999997,-0.8660254037844388,7.0723,5122.96
187.0,210,1546,1,6,0.49999999999999994,-0.8660254037844387,6.4813,199.12
1729.29,342,1255,1,5,0.8660254037844387,-0.4999999999999998,4.6397,1809.52
2054.14,184,705,1,2,0.49999999999999994,0.8660254037844387,0.4277,2062.92
1886.99,171,1256,0,10,-1.0,-1.8369701987210297e-16,2.7995,1939.82
48.04,24,464,0,9,-0.8660254037844385,-0.5000000000000004,-0.0279,48.03
1886.35,72,1325,0,12,-0.5000000000000004,0.8660254037844384,-1.931,1849.92
5000.0,123,1544,2,9,-0.8660254037844385,-0.5000000000000004,1.8916,5094.58
216.2,138,294,0,12,-0.5000000000000004,0.8660254037844384,0.3361,216.93
1281.4,132,731,1,11,-0.8660254037844386,0.5000000000000001,0.6619,1289.88
196.55,144,1063,0,6,0.49999999999999994,-0.8660254037844387,7.8957,212.07
4595.72,281,647,2,9,-0.8660254037844385,-0.5000000000000004,2.558,4713.28
150.5,47,1213,0,4,1.0,6.123233995736766e-17,1.5107,152.77
222.97,121,1033,0,10,-1.0,-1.8369701987210297e-16,3.3943,230.54
93.06,59,593,1,8,-0.4999999999999997,-0.8660254037844388,1.3506,94.31
5000.0,112,1174,0,6,0.49999999999999994,-0.8660254037844387,4.143,5207.15
541.89,250,299,1,8,-0.4999999999999997,-0.8660254037844388,3.0081,558.19
141.53,17,604,0,4,1.0,6.123233995736766e-17,1.8945,144.21
83.18,124,904,3,8,-0.4999999999999997,-0.8660254037844388,3.1738,85.82
2148.88,8,197,1,6,0.49999999999999994,-0.8660254037844387,0.3358,2156.09
73.24,349,1124,0,4,1.0,6.123233995736766e-17,6.5358,78.03
788.82,266,369,1,12,-0.5000000000000004,0.8660254037844384,1.808,803.08
948.96,89,1170,1,1,0.0,1.0,2.7746,975.29
1432.79,72,349,1,10,-1.0,-1.8369701987210297e-16,1.3277,1451.81
1473.64,36,1343,0,3,0.8660254037844386,0.5000000000000001,0.1389,1475.69
3188.77,173,1468,0,3,0.8660254037844386,0.5000000000000001,0.9796,3220.01
53.03,275,708,1,2,0.49999999999999994,0.8660254037844387,2.8666,54.55
358.97,213,752,0,2,0.49999999999999994,0.8660254037844387,4.1412,373.84
73.58,322,1128,2,2,0.49999999999999994,0.8660254037844387,3.7518,76.34
339.35,125,903,0,10,-1.0,-1.8369701987210297e-16,1.9895,346.11
484.21,101,184,1,12,-0.5000000000000004,0.8660254037844384,-0.243,483.04
1014.12,174,1470,0,8,-0.4999999999999997,-0.8660254037844388,5.327,1068.15
4717.8,73,1516,1,1,0.0,1.0,0.8054,4755.8
3658.01,357,753,0,11,-0.8660254037844386,0.5000000000000001,3.3902,3782.02
211.82,67,852,0,8,-0.4999999999999997,-0.8660254037844388,4.6809,221.74
1027.66,175,292,0,7,1.2246467991473532e-16,-1.0,2.216,1050.43
1582.73,191,1246,1,12,-0.5000000000000004,0.8660254037844384,2.046,1615.12
4399.66,20,794,0,5,0.8660254037844387,-0.4999999999999998,-0.454,4379.68
62.65,171,595,1,5,0.8660254037844387,-0.4999999999999998,4.1309,65.23
771.73,166,492,0,10,-1.0,-1.8369701987210297e-16,1.6053,784.12
257.45,94,359,1,7,1.2246467991473532e-16,-1.0,2.4721,263.82
291.22,46,1341,1,9,-0.8660254037844385,-0.5000000000000004,3.7032,302.0
641.44,16,136,0,9,-0.8660254037844385,-0.5000000000000004,0.9591,647.59
184.59,3,865,0,11,-0.8660254037844386,0.5000000000000001,-3.1246,178.83
67.07,176,1231,0,4,1.0,6.123233995736766e-17,3.9654,69.73
1479.25,32,356,1,1,0.0,1.0,-2.8635,1436.89
60.38,351,578,2,6,0.49999999999999994,-0.8660254037844387,7.4454,64.88
259.62,89,1155,0,8,-0.4999999999999997,-0.8660254037844388,2.8373,266.99
925.94,238,1304,1,10,-1.0,-1.8369701987210297e-16,6.0945,982.37
676.95,246,253,1,4,1.0,6.123233995736766e-17,3.409,700.02
946.33,181,519,1,9,-0.8660254037844385,-0.5000000000000004,2.5081,970.07
5000.0,323,927,0,10,-1.0,-1.8369701987210297e-16,3.2221,5161.11
323.76,40,1043,2,10,-1.0,-1.8369701987210297e-16,-0.0049,323.74
91.77,85,797,0,10,-1.0,-1.8369701987210297e-16,3.4257,94.92
79.56,92,560,1,12,-0.5000000000000004,0.8660254037844384,-0.8219,78.91
540.82,49,829,0,8,-0.4999999999999997,-0.8660254037844388,3.383,559.12
216.62,107,242,1,5,0.8660254037844387,-0.4999999999999998,0.7437,218.23
4467.14,114,1800,3,6,0.49999999999999994,-0.8660254037844387,3.3409,4616.38
563.08,279,1140,2,9,-0.8660254037844385,-0.5000000000000004,4.3841,587.76
369.75,110,587,0,3,0.8660254037844386,0.5000000000000001,0.7247,372.43
2607.97,320,713,1,8,-0.4999999999999997,-0.8660254037844388,4.4353,2723.64
1875.1,282,583,0,7,1.2246467991473532e-16,-1.0,4.204,1953.93
1380.69,330,869,1,8,-0.4999999999999997,-0.8660254037844388,5.7048,1459.46
464.67,38,325,0,6,0.49999999999999994,-0.8660254037844387,0.7378,468.1
150.58,360,989,1,9,-0.8660254037844385,-0.5000000000000004,7.1859,161.41
557.82,224,312,0,1,0.0,1.0,1.0182,563.5
72.6,359,501,0,9,-0.8660254037844385,-0.5000000000000004,5.2476,76.4
735.03,129,1312,0,10,-1.0,-1.8369701987210297e-16,3.8185,763.1
2749.68,348,865,0,11,-0.8660254037844386,0.5000000000000001,3.6343,2849.61
673.82,215,1359,0,12,-0.5000000000000004,0.8660254037844384,0.4952,677.16
72.22,26,1122,1,5,0.8660254037844387,-0.4999999999999998,4.7912,75.68
63.38,150,1247,1,1,0.0,1.0,-2.3152,61.91
2130.19,50,306,1,8,-0.4999999999999997,-0.8660254037844388,3.1598,2197.5
141.16,344,949,1,2,0.49999999999999994,0.8660254037844387,2.7266,145.01
515.9,111,554,0,4,1.0,6.123233995736766e-17,3.6893,534.93
1308.58,81,69,0,9,-0.8660254037844385,-0.5000000000000004,3.6711,1356.62
117.38,202,175,0,8,-0.4999999999999997,-0.8660254037844388,4.0527,122.14
1250.75,155,321,0,8,-0.4999999999999997,-0.8660254037844388,2.9398,1287.52
48.93,35,186,1,10,-1.0,-1.8369701987210297e-16,1.1357,49.49
1650.55,298,905,1,2,0.49999999999999994,0.8660254037844387,-0.1916,1647.39
46.47,309,189,1,10,-1.0,-1.8369701987210297e-16,2.8944,47.81
216.94,271,1452,1,8,-0.4999999999999997,-0.8660254037844388,5.3463,228.54
168.55,225,907,0,6,0.49999999999999994,-0.8660254037844387,4.2358,175.69
4023.73,147,1511,1,6,0.49999999999999994,-0.8660254037844387,3.0858,4147.9
441.13,198,167,0,7,1.2246467991473532e-16,-1.0,5.5108,465.44
2167.33,190,597,2,7,1.2246467991473532e-16,-1.0,4.2872,2260.24
910.16,60,1309,0,5,0.8660254037844387,-0.4999999999999998,2.7703,935.37
2002.12,29,615,0,3,0.8660254037844386,0.5000000000000001,-0.2365,1997.38
743.44,92,1150,0,3,0.8660254037844386,0.5000000000000001,1.0093,750.95
321.66,166,321,0,5,0.8660254037844387,-0.4999999999999998,0.9056,324.57
741.25,58,57,0,4,1.0,6.123233995736766e-17,-1.0796,733.25
183.29,39,769,0,7,1.2246467991473532e-16,-1.0,5.552,193.47
3883.39,311,1039,1,11,-0.8660254037844386,0.5000000000000001,4.0721,4041.52
3048.91,137,673,2,2,0.49999999999999994,0.8660254037844387,-2.1973,2981.91
46.78,213,59,0,4,1.0,6.123233995736766e-17,4.6758,48.97
2966.22,191,353,0,1,0.0,1.0,-1.8531,2911.26
95.17,269,591,2,12,-0.5000000000000004,0.8660254037844384,0.6551,95.79
1545.56,270,1495,0,9,-0.8660254037844385,-0.5000000000000004,4.7474,1618.93
3006.9,108,1610,1,3,0.8660254037844386,0.5000000000000001,0.3002,3015.93
104.24,310,68,0,5,0.8660254037844387,-0.4999999999999998,3.6409,108.04
78.65,135,710,0,9,-0.8660254037844385,-0.5000000000000004,4.5905,82.26
1567.76,305,604,0,12,-0.5000000000000004,0.8660254037844384,2.941,1613.87
272.18,148,84,0,7,1.2246467991473532e-16,-1.0,1.8355,277.18
525.7,40,1149,1,4,1.0,6.123233995736766e-17,1.5517,533.86
2145.02,278,1458,1,9,-0.8660254037844385,-0.5000000000000004,5.7391,2268.13
168.11,11,935,0,9,-0.8660254037844385,-0.5000000000000004,2.1806,171.77
98.99,282,1800,2,8,-0.4999999999999997,-0.8660254037844388,4.9091,103.84
4741.77,15,973,0,1,0.0,1.0,-2.5733,4619.75
1330.64,75,843,0,9,-0.8660254037844385,-0.5000000000000004,5.7721,1407.45
1284.74,220,1609,2,1,0.0,1.0,2.6354,1318.6
257.83,344,1308,2,11,-0.8660254037844386,0.5000000000000001,2.6408,264.64
5000.0,149,1158,0,11,-0.8660254037844386,0.5000000000000001,3.3188,5165.94
159.05,44,1180,0,7,1.2246467991473532e-16,-1.0,3.7901,165.08
78.43,85,91,0,8,-0.4999999999999997,-0.8660254037844388,3.2205,80.96
244.06,327,1114,0,1,0.0,1.0,1.5102,247.74
1871.56,265,1373,1,11,-0.8660254037844386,0.5000000000000001,-0.5606,1861.07
144.88,36,765,0,4,1.0,6.123233995736766e-17,1.2657,146.71
223.3,140,1055,1,4,1.0,6.123233995736766e-17,2.2855,228.4
697.09,96,1257,0,9,-0.8660254037844385,-0.5000000000000004,4.2296,726.57
797.22,65,251,0,12,-0.5000000000000004,0.8660254037844384,0.0967,797.99
97.61,309,812,0,6,0.49999999999999994,-0.8660254037844387,6.5394,103.99
1218.0,226,1166,0,7,1.2246467991473532e-16,-1.0,4.0634,1267.49
249.08,65,545,1,7,1.2246467991473532e-16,-1.0,2.4219,255.11
233.52,238,987,3,4,1.0,6.123233995736766e-17,4.9262,245.02
49.12,151,238,2,8,-0.4999999999999997,-0.8660254037844388,4.2194,51.19
4351.09,22,678,1,12,-0.5000000000000004,0.8660254037844384,0.3137,4364.74
1144.42,164,567,0,5,0.8660254037844387,-0.4999999999999998,6.0402,1213.54
100.27,67,1800,2,10,-1.0,-1.8369701987210297e-16,0.9551,101.23
196.83,89,297,2,10,-1.0,-1.8369701987210297e-16,1.9448,200.66
74.39,321,1170,2,11,-0.8660254037844386,0.5000000000000001,1.8582,75.77
448.33,259,137,0,9,-0.8660254037844385,-0.5000000000000004,5.382,472.46
1532.97,49,1208,0,12,-0.5000000000000004,0.8660254037844384,1.1533,1550.65
61.17,311,839,1,9,-0.8660254037844385,-0.5000000000000004,2.3377,62.6
3527.07,210,664,0,12,-0.5000000000000004,0.8660254037844384,1.5357,3581.24
353.31,320,1418,0,9,-0.8660254037844385,-0.5000000000000004,4.7007,369.92
165.8,273,1135,0,11,-0.8660254037844386,0.5000000000000001,3.3341,171.33
69.24,124,353,1,11,-0.8660254037844386,0.5000000000000001,0.0724,69.29
80.85,195,432,0,12,-0.5000000000000004,0.8660254037844384,3.1049,83.36
2384.44,194,644,1,8,-0.4999999999999997,-0.8660254037844388,2.6655,2448.0
487.06,263,1028,1,9,-0.8660254037844385,-0.5000000000000004,2.6942,500.18
2477.83,90,1253,0,12,-0.5000000000000004,0.8660254037844384,-0.8804,2456.02
150.4,121,973,0,5,0.8660254037844387,-0.4999999999999998,4.086,156.54
220.38,89,1068,2,2,0.49999999999999994,0.8660254037844387,0.6727,221.86
383.43,108,1131,0,11,-0.8660254037844386,0.5000000000000001,3.7759,397.91
470.43,59,1149,0,8,-0.4999999999999997,-0.8660254037844388,4.7971,492.99
55.9,13,162,0,6,0.49999999999999994,-0.8660254037844387,3.4015,57.8
60.21,344,834,0,9,-0.8660254037844385,-0.5000000000000004,7.4569,64.7
5000.0,27,1235,1,1,0.0,1.0,-0.2901,4985.5
1175.71,325,924,0,6,0.49999999999999994,-0.8660254037844387,7.4614,1263.44
52.22,1,591,2,4,1.0,6.123233995736766e-17,3.8095,54.2
1444.13,284,279,0,4,1.0,6.123233995736766e-17,3.9512,1501.19
269.8,120,1185,3,12,-0.5000000000000004,0.8660254037844384,0.2062,270.35
1911.29,189,714,1,7,1.2246467991473532e-16,-1.0,3.3752,1975.8
5000.0,103,1386,0,2,0.49999999999999994,0.8660254037844387,0.8854,5044.27
59.21,179,1120,1,5,0.8660254037844387,-0.4999999999999998,6.3836,62.99
5000.0,165,1261,0,3,0.8660254037844386,0.5000000000000001,-0.0824,4995.88
82.4,193,447,2,11,-0.8660254037844386,0.5000000000000001,3.1716,85.02
233.77,143,1391,1,4,1.0,6.123233995736766e-17,2.4345,239.46
741.42,196,319,0,5,0.8660254037844387,-0.4999999999999998,3.035,763.92
1451.62,302,868,0,5,0.8660254037844387,-0.4999999999999998,5.6576,1533.75
97.41,159,877,3,3,0.8660254037844386,0.5000000000000001,0.2148,97.62
113.77,132,1505,1,10,-1.0,-1.8369701987210297e-16,3.9065,118.21
203.35,48,1027,0,7,1.2246467991473532e-16,-1.0,2.7368,208.91
215.49,131,715,0,6,0.49999999999999994,-0.8660254037844387,6.1453,228.74
214.5,45,786,0,5,0.8660254037844387,-0.4999999999999998,3.4617,221.92
122.03,66,1230,1,9,-0.8660254037844385,-0.5000000000000004,3.3736,126.15
5000.0,348,1298,1,2,0.49999999999999994,0.8660254037844387,2.328,5116.4
2136.46,32,967,1,12,-0.5000000000000004,0.8660254037844384,-1.2188,2110.42
5000.0,176,1288,1,7,1.2246467991473532e-16,-1.0,4.9189,5245.95
94.11,305,1404,1,3,0.8660254037844386,0.5000000000000001,3.4209,97.33
48.3,348,90,0,7,1.2246467991473532e-16,-1.0,5.6674,51.04
571.3,53,767,1,11,-0.8660254037844386,0.5000000000000001,-2.4732,557.17
1077.08,59,1357,0,3,0.8660254037844386,0.5000000000000001,3.0104,1109.51
846.17,136,690,2,7,1.2246467991473532e-16,-1.0,1.492,858.79
88.39,202,1245,0,8,-0.4999999999999997,-0.8660254037844388,8.6145,96.0
2772.28,351,1084,1,10,-1.0,-1.8369701987210297e-16,3.2869,2863.41
426.28,76,693,2,7,1.2246467991473532e-16,-1.0,4.7586,446.57
250.29,60,691,1,9,-0.8660254037844385,-0.5000000000000004,4.1474,260.67
509.07,92,750,0,10,-1.0,-1.8369701987210297e-16,3.7529,528.17
47.18,320,430,1,11,-0.8660254037844386,0.5000000000000001,3.0152,48.61
115.6,10,493,0,5,0.8660254037844387,-0.4999999999999998,0.4569,116.13
5000.0,139,1036,0,9,-0.8660254037844385,-0.5000000000000004,3.1054,5155.27
830.59,43,1582,1,3,0.8660254037844386,0.5000000000000001,-0.1765,829.12
87.22,57,1535,1,11,-0.8660254037844386,0.5000000000000001,1.2542,88.32
175.59,335,602,0,12,-0.5000000000000004,0.8660254037844384,1.1512,177.61
140.26,0,1585,2,4,1.0,6.123233995736766e-17,0.0826,140.37
3501.71,117,621,0,7,1.2246467991473532e-16,-1.0,-0.6721,3478.18
2641.56,335,1587,2,10,-1.0,-1.8369701987210297e-16,2.65,2711.56
793.7,222,1523,1,1,0.0,1.0,1.3964,804.78
4069.94,26,869,2,9,-0.8660254037844385,-0.5000000000000004,-0.5342,4048.2
292.47,170,1018,1,10,-1.0,-1.8369701987210297e-16,2.6626,300.26
3557.72,355,1800,3,11,-0.8660254037844386,0.5000000000000001,1.8616,3623.96
334.56,146,315,1,3,0.8660254037844386,0.5000000000000001,2.2436,342.06
2205.98,193,404,0,10,-1.0,-1.8369701987210297e-16,3.7076,2287.77
3597.82,194,956,0,10,-1.0,-1.8369701987210297e-16,3.3285,3717.58
347.75,241,434,1,1,0.0,1.0,0.7472,350.35
129.85,68,1201,0,9,-0.8660254037844385,-0.5000000000000004,4.51,135.71
114.21,307,902,2,8,-0.4999999999999997,-0.8660254037844388,8.2719,123.65
167.16,361,536,0,12,-0.5000000000000004,0.8660254037844384,3.8325,173.57
173.97,52,1699,2,1,0.0,1.0,-0.0239,173.93
301.84,299,812,0,12,-0.5000000000000004,0.8660254037844384,4.4149,315.16
635.15,298,1422,1,7,1.2246467991473532e-16,-1.0,5.9839,673.16
80.77,271,1309,2,4,1.0,6.123233995736766e-17,2.5893,82.86
3513.9,135,793,0,5,0.8660254037844387,-0.4999999999999998,3.8364,3648.71
47.8,171,861,1,10,-1.0,-1.8369701987210297e-16,3.6518,49.54
108.11,307,1213,0,12,-0.5000000000000004,0.8660254037844384,3.1987,111.57
65.67,55,1687,1,4,1.0,6.123233995736766e-17,3.256,67.81
3867.23,303,308,1,12,-0.5000000000000004,0.8660254037844384,-2.3123,3777.8
331.34,336,782,0,8,-0.4999999999999997,-0.8660254037844388,5.6534,350.08
140.58,249,1185,0,3,0.8660254037844386,0.5000000000000001,2.4085,143.97
90.41,124,981,0,8,-0.4999999999999997,-0.8660254037844388,4.1353,94.15
270.2,204,749,0,10,-1.0,-1.8369701987210297e-16,3.5052,279.67
5000.0,18,1372,1,1,0.0,1.0,-3.008,4849.6
621.1,341,726,0,1,0.0,1.0,4.8805,651.41
210.08,125,543,2,1,0.0,1.0,0.2428,210.59
255.0,20,990,3,7,1.2246467991473532e-16,-1.0,0.8891,257.27
67.19,290,498,2,1,0.0,1.0,-1.3979,66.25
628.05,240,1246,1,12,-0.5000000000000004,0.8660254037844384,0.799,633.07
453.92,227,1461,0,2,0.49999999999999994,0.8660254037844387,1.9028,462.55
1459.05,19,831,1,1,0.0,1.0,-2.6705,1420.09
133.53,274,1209,1,4,1.0,6.123233995736766e-17,8.165,144.43
114.47,233,1800,3,10,-1.0,-1.8369701987210297e-16,0.4904,115.03
690.97,290,617,0,11,-0.8660254037844386,0.5000000000000001,2.8359,710.57
1948.59,302,1329,0,4,1.0,6.123233995736766e-17,3.8746,2024.09
375.06,77,433,3,7,1.2246467991473532e-16,-1.0,1.5778,380.98
2290.03,77,1258,1,10,-1.0,-1.8369701987210297e-16,-1.583,2253.78
2004.47,338,287,0,10,-1.0,-1.8369701987210297e-16,3.0128,2064.86
4274.73,194,1334,1,2,0.49999999999999994,0.8660254037844387,0.9877,4316.95
197.96,160,59,0,11,-0.8660254037844386,0.5000000000000001,2.2882,202.49
4031.02,105,1332,1,11,-0.8660254037844386,0.5000000000000001,1.3073,4083.72
1265.18,233,622,0,9,-0.8660254037844385,-0.5000000000000004,5.8679,1339.42
761.12,275,389,0,7,1.2246467991473532e-16,-1.0,2.0979,777.09
670.54,0,852,0,5,0.8660254037844387,-0.4999999999999998,1.3031,679.28
67.72,202,1485,0,11,-0.8660254037844386,0.5000000000000001,7.3206,72.68
529.72,363,278,0,11,-0.8660254037844386,0.5000000000000001,4.3821,552.94
1660.55,102,496,0,7,1.2246467991473532e-16,-1.0,1.3024,1682.17
5000.0,102,976,0,9,-0.8660254037844385,-0.5000000000000004,3.0767,5153.84
283.16,321,307,1,5,0.8660254037844387,-0.4999999999999998,2.6922,290.79
5000.0,22,1648,1,9,-0.8660254037844385,-0.5000000000000004,0.8357,5041.79
114.02,145,1047,1,2,0.49999999999999994,0.8660254037844387,4.4462,119.09
5000.0,167,1487,0,11,-0.8660254037844386,0.5000000000000001,3.2601,5163.01
728.6,292,649,0,7,1.2246467991473532e-16,-1.0,3.5204,754.25
1351.27,47,1479,1,8,-0.4999999999999997,-0.8660254037844388,1.7192,1374.5
702.03,158,940,2,3,0.8660254037844386,0.5000000000000001,0.841,707.94
5000.0,55,1171,3,7,1.2246467991473532e-16,-1.0,1.2928,5064.64
54.23,288,791,2,1,0.0,1.0,2.1593,55.4
350.9,231,1030,1,11,-0.8660254037844386,0.5000000000000001,1.3627,355.68
2654.85,181,712,2,9,-0.8660254037844385,-0.5000000000000004,1.775,2701.98
104.66,143,777,0,6,0.49999999999999994,-0.8660254037844387,4.073,108.93
861.13,56,1444,1,11,-0.8660254037844386,0.5000000000000001,-0.1096,860.19
499.35,337,689,2,10,-1.0,-1.8369701987210297e-16,4.2535,520.58
2639.24,237,1434,1,2,0.49999999999999994,0.8660254037844387,1.626,2682.16
4418.29,116,1289,0,1,0.0,1.0,-0.774,4384.1
115.11,151,95,0,4,1.0,6.123233995736766e-17,4.0563,119.78
1388.03,265,1028,0,1,0.0,1.0,3.3368,1434.35
624.7,263,751,0,7,1.2246467991473532e-16,-1.0,5.8003,660.94
1194.06,168,1118,1,7,1.2246467991473532e-16,-1.0,4.0325,1242.21
106.06,110,544,1,7,1.2246467991473532e-16,-1.0,6.8553,113.33
142.46,241,365,0,1,0.0,1.0,4.0219,148.19
571.84,240,619,1,12,-0.5000000000000004,0.8660254037844384,-1.142,565.31
40.0,219,267,0,12,-0.5000000000000004,0.8660254037844384,3.4914,41.4
1360.61,26,804,1,8,-0.4999999999999997,-0.8660254037844388,4.7244,1424.89
125.09,173,1316,0,1,0.0,1.0,3.1339,129.01
4518.61,224,1178,0,5,0.8660254037844387,-0.4999999999999998,3.5452,4678.8
2234.26,347,398,1,9,-0.8660254037844385,-0.5000000000000004,3.2194,2306.19
934.63,192,963,1,9,-0.8660254037844385,-0.5000000000000004,6.2014,992.59
2470.08,125,313,1,3,0.8660254037844386,0.5000000000000001,0.9225,2492.87
3667.05,203,131,0,10,-1.0,-1.8369701987210297e-16,2.4206,3755.82
1952.81,64,1017,1,12,-0.5000000000000004,0.8660254037844384,2.8393,2008.25
804.37,33,485,0,7,1.2246467991473532e-16,-1.0,1.3282,815.05
445.75,248,1070,0,5,0.8660254037844387,-0.4999999999999998,5.0307,468.17
1884.03,360,504,1,7,1.2246467991473532e-16,-1.0,5.365,1985.11
1040.76,309,346,1,1,0.0,1.0,0.2816,1043.69
511.43,213,1382,2,7,1.2246467991473532e-16,-1.0,1.9689,521.49
412.88,14,346,0,1,0.0,1.0,0.0597,413.12
102.86,361,217,1,1,0.0,1.0,0.5907,103.47
2315.36,164,1193,0,7,1.2246467991473532e-16,-1.0,3.6672,2400.27
3532.14,106,1305,1,7,1.2246467991473532e-16,-1.0,3.0634,3640.34
65.63,326,1562,1,12,-0.5000000000000004,0.8660254037844384,2.8964,67.53
85.27,273,1018,1,7,1.2246467991473532e-16,-1.0,6.1505,90.51
5000.0,274,1098,2,12,-0.5000000000000004,0.8660254037844384,2.1153,5105.77
126.55,101,1242,1,10,-1.0,-1.8369701987210297e-16,4.5473,132.3
1813.89,363,1198,0,5,0.8660254037844387,-0.4999999999999998,5.1017,1906.42
504.25,165,1357,3,12,-0.5000000000000004,0.8660254037844384,-0.9298,499.56
532.76,194,868,2,6,0.49999999999999994,-0.8660254037844387,3.7852,552.93
98.1,274,1340,0,8,-0.4999999999999997,-0.8660254037844388,5.4594,103.46
102.32,241,1068,0,2,0.49999999999999994,0.8660254037844387,2.9002,105.29
895.56,63,1322,0,3,0.8660254037844386,0.5000000000000001,-0.3318,892.58
308.03,110,1096,1,7,1.2246467991473532e-16,-1.0,7.6848,331.7
2023.26,132,944,2,4,1.0,6.123233995736766e-17,1.372,2051.02
5000.0,346,1492,1,8,-0.4999999999999997,-0.8660254037844388,4.6058,5230.29
2350.68,261,935,0,1,0.0,1.0,2.5478,2410.57
377.34,134,1174,0,4,1.0,6.123233995736766e-17,1.4364,382.76
573.33,268,1340,0,8,-0.4999999999999997,-0.8660254037844388,4.9761,601.86
86.27,270,458,0,8,-0.4999999999999997,-0.8660254037844388,6.51,91.89
1029.57,144,326,0,12,-0.5000000000000004,0.8660254037844384,0.2304,1031.94
308.04,147,262,0,11,-0.8660254037844386,0.5000000000000001,2.8433,316.8
2888.75,327,918,0,10,-1.0,-1.8369701987210297e-16,-0.1528,2884.34
1226.57,205,1220,0,1,0.0,1.0,2.6186,1258.69
136.2,54,1570,1,8,-0.4999999999999997,-0.8660254037844388,3.1902,140.54
235.73,263,92,0,3,0.8660254037844386,0.5000000000000001,0.3446,236.54
805.84,215,47,0,4,1.0,6.123233995736766e-17,-0.5701,801.25
3152.37,186,1255,1,3,0.8660254037844386,0.5000000000000001,0.5581,3169.96
208.27,265,559,2,6,0.49999999999999994,-0.8660254037844387,6.9699,222.79
1166.29,331,972,1,2,0.49999999999999994,0.8660254037844387,3.39,1205.83
79.29,120,219,1,7,1.2246467991473532e-16,-1.0,6.1892,84.19
2675.95,153,343,1,2,0.49999999999999994,0.8660254037844387,-0.9093,2651.62
757.77,69,1009,1,7,1.2246467991473532e-16,-1.0,3.6512,785.44
1981.22,236,1136,1,8,-0.4999999999999997,-0.8660254037844388,2.2279,2025.36
382.51,147,1335,0,3,0.8660254037844386,0.5000000000000001,0.0973,382.88
3937.6,125,814,1,2,0.49999999999999994,0.8660254037844387,-0.4957,3918.08
1550.14,254,984,0,10,-1.0,-1.8369701987210297e-16,1.5192,1573.69
119.72,149,1297,0,9,-0.8660254037844385,-0.5000000000000004,3.6402,124.07
611.14,169,673,0,4,1.0,6.123233995736766e-17,2.9582,629.22
140.61,161,348,0,11,-0.8660254037844386,0.5000000000000001,3.7852,145.93
2914.82,94,1246,0,3,0.8660254037844386,0.5000000000000001,1.0912,2946.63
1331.28,46,119,1,12,-0.5000000000000004,0.8660254037844384,-4.2483,1274.72
422.98,302,446,0,2,0.49999999999999994,0.8660254037844387,-0.6686,420.16
152.66,33,234,0,8,-0.4999999999999997,-0.8660254037844388,3.0294,157.29
2896.07,118,981,0,1,0.0,1.0,-0.7522,2874.28
2262.01,244,437,0,3,0.8660254037844386,0.5000000000000001,1.7948,2302.61
468.22,48,643,1,5,0.8660254037844387,-0.4999999999999998,1.7262,476.3
1535.34,239,994,0,2,0.49999999999999994,0.8660254037844387,1.634,1560.42
159.91,268,476,0,6,0.49999999999999994,-0.8660254037844387,7.5488,171.98
225.75,242,573,0,3,0.8660254037844386,0.5000000000000001,4.4401,235.78
4096.04,111,771,0,2,0.49999999999999994,0.8660254037844387,0.6714,4123.54
1176.52,7,217,0,12,-0.5000000000000004,0.8660254037844384,-3.462,1135.79
84.52,324,1406,0,12,-0.5000000000000004,0.8660254037844384,2.9349,87.0
527.24,119,1561,1,12,-0.5000000000000004,0.8660254037844384,1.872,537.11
336.71,294,1223,2,2,0.49999999999999994,0.8660254037844387,3.7735,349.42
106.6,72,265,1,5,0.8660254037844387,-0.4999999999999998,0.3128,106.94
5000.0,59,732,0,4,1.0,6.123233995736766e-17,3.4472,5172.36
82.11,284,562,0,4,1.0,6.123233995736766e-17,3.2858,84.81
165.09,343,349,1,5,0.8660254037844387,-0.4999999999999998,5.7255,174.54
3216.72,314,1321,0,7,1.2246467991473532e-16,-1.0,10.2585,3546.7
87.32,274,941,2,6,0.49999999999999994,-0.8660254037844387,3.0225,89.96
306.68,90,995,0,4,1.0,6.123233995736766e-17,3.5617,317.6
1059.9,334,1051,0,12,-0.5000000000000004,0.8660254037844384,2.1845,1083.05
207.17,244,510,0,12,-0.5000000000000004,0.8660254037844384,2.7339,212.84
308.05,63,828,2,4,1.0,6.123233995736766e-17,0.1813,308.61
804.19,47,1800,3,3,0.8660254037844386,0.5000000000000001,-4.5286,767.77
5000.0,318,1725,2,7,1.2246467991473532e-16,-1.0,3.7723,5188.62
2903.18,100,774,0,5,0.8660254037844387,-0.4999999999999998,3.3021,2999.04
82.1,280,920,1,12,-0.5000000000000004,0.8660254037844384,4.6052,85.88
487.62,50,56,0,6,0.49999999999999994,-0.8660254037844387,2.8917,501.72
849.75,102,342,0,1,0.0,1.0,1.648,863.75
163.75,103,231,1,2,0.49999999999999994,0.8660254037844387,-1.0634,162.01
194.04,102,1428,2,1,0.0,1.0,-0.7351,192.61
1014.75,246,1415,0,5,0.8660254037844387,-0.4999999999999998,5.3888,1069.43
267.06,334,281,0,4,1.0,6.123233995736766e-17,3.3724,276.06
2951.59,333,454,0,11,-0.8660254037844386,0.5000000000000001,3.9758,3068.94
93.4,271,557,0,11,-0.8660254037844386,0.5000000000000001,1.2138,94.54
68.65,74,1227,0,2,0.49999999999999994,0.8660254037844387,2.7475,70.53
3348.69,351,999,2,12,-0.5000000000000004,0.8660254037844384,3.0421,3450.56
2352.92,198,108,0,8,-0.4999999999999997,-0.8660254037844388,3.8713,2444.0
358.62,199,1009,1,4,1.0,6.123233995736766e-17,4.5927,375.09
1307.43,256,258,0,5,0.8660254037844387,-0.4999999999999998,2.5481,1340.74
2805.52,281,984,0,6,0.49999999999999994,-0.8660254037844387,4.1389,2921.64
192.77,348,1292,0,3,0.8660254037844386,0.5000000000000001,4.9528,202.32
766.82,213,143,0,11,-0.8660254037844386,0.5000000000000001,0.097,767.56
2010.37,223,1492,0,1,0.0,1.0,1.9171,2048.91
284.24,272,1136,1,1,0.0,1.0,2.4761,291.28
3361.93,93,496,2,4,1.0,6.123233995736766e-17,-0.0721,3359.51
3785.91,112,365,0,2,0.49999999999999994,0.8660254037844387,-0.1418,3780.54
373.56,228,353,1,1,0.0,1.0,1.4376,378.93
88.97,23,1777,2,5,0.8660254037844387,-0.4999999999999998,2.1465,90.88
4138.62,117,1097,0,5,0.8660254037844387,-0.4999999999999998,2.4948,4241.87
552.96,262,942,2,2,0.49999999999999994,0.8660254037844387,2.3713,566.07
93.47,357,1037,2,10,-1.0,-1.8369701987210297e-16,4.7707,97.93
1377.38,190,660,1,11,-0.8660254037844386,0.5000000000000001,1.777,1401.85
1210.56,146,856,1,9,-0.8660254037844385,-0.5000000000000004,3.8696,1257.4
102.58,161,1160,1,7,1.2246467991473532e-16,-1.0,5.6439,108.37
141.22,250,328,0,12,-0.5000000000000004,0.8660254037844384,1.3653,143.15
3201.53,199,1214,1,5,0.8660254037844387,-0.4999999999999998,2.5639,3283.61
5000.0,8,1748,3,6,0.49999999999999994,-0.8660254037844387,0.581,5029.05
415.35,197,1463,0,1,0.0,1.0,2.6408,426.32
73.96,146,440,1,9,-0.8660254037844385,-0.5000000000000004,4.2405,77.09
236.6,256,644,0,2,0.49999999999999994,0.8660254037844387,2.5582,242.65
446.62,320,431,0,8,-0.4999999999999997,-0.8660254037844388,6.1339,474.02
211.85,352,1070,1,10,-1.0,-1.8369701987210297e-16,3.0578,218.33
791.28,223,697,1,3,0.8660254037844386,0.5000000000000001,0.9808,799.04
48.99,132,858,1,8,-0.4999999999999997,-0.8660254037844388,5.7509,51.81
1741.28,162,318,1,4,1.0,6.123233995736766e-17,-0.1201,1739.18
2657.56,64,860,0,5,0.8660254037844387,-0.4999999999999998,2.6763,2728.69
1999.17,342,1085,2,7,1.2246467991473532e-16,-1.0,5.1329,2101.79
202.17,310,912,1,3,0.8660254037844386,0.5000000000000001,3.1291,208.49
866.47,312,677,1,10,-1.0,-1.8369701987210297e-16,4.3305,904.0
308.09,120,1145,0,5,0.8660254037844387,-0.4999999999999998,4.5681,322.17
318.14,117,930,0,6,0.49999999999999994,-0.8660254037844387,2.9671,327.57
1099.25,313,498,2,10,-1.0,-1.8369701987210297e-16,3.0798,1133.1
2342.7,199,580,0,3,0.8660254037844386,0.5000000000000001,0.7383,2360.0
2639.34,257,1006,0,6,0.49999999999999994,-0.8660254037844387,3.178,2723.22
114.77,179,407,1,12,-0.5000000000000004,0.8660254037844384,1.9952,117.06
979.38,162,680,1,5,0.8660254037844387,-0.4999999999999998,1.2296,991.43
213.38,231,1685,2,2,0.49999999999999994,0.8660254037844387,1.0893,215.7
912.54,297,843,1,4,1.0,6.123233995736766e-17,3.8341,947.53
274.45,122,1033,2,12,-0.5000000000000004,0.8660254037844384,0.1937,274.98
2200.22,296,1037,0,10,-1.0,-1.8369701987210297e-16,2.9216,2264.5
3707.24,89,706,1,10,-1.0,-1.8369701987210297e-16,-0.5644,3686.32
226.8,147,1403,1,4,1.0,6.123233995736766e-17,1.9891,231.32
2120.3,334,224,1,11,-0.8660254037844386,0.5000000000000001,-0.3044,2113.84
1537.44,349,733,0,5,0.8660254037844387,-0.4999999999999998,4.8506,1612.02
728.73,338,915,0,10,-1.0,-1.8369701987210297e-16,3.6642,755.43
499.75,115,581,1,11,-0.8660254037844386,0.5000000000000001,-1.3567,492.97
248.44,308,1264,1,3,0.8660254037844386,0.5000000000000001,2.984,255.85
91.94,342,160,0,12,-0.5000000000000004,0.8660254037844384,1.4001,93.23
77.54,358,1124,1,8,-0.4999999999999997,-0.8660254037844388,7.1868,83.12
1516.93,7,1131,1,9,-0.8660254037844385,-0.5000000000000004,1.7754,1543.86
159.61,272,1191,0,10,-1.0,-1.8369701987210297e-16,6.8889,170.6
429.4,364,555,1,3,0.8660254037844386,0.5000000000000001,3.8223,445.82
2558.32,279,393,1,9,-0.8660254037844385,-0.5000000000000004,1.5556,2598.11
1185.14,85,890,0,3,0.8660254037844386,0.5000000000000001,-2.274,1158.19
136.06,279,1459,0,4,1.0,6.123233995736766e-17,2.781,139.85
1789.14,38,1187,0,2,0.49999999999999994,0.8660254037844387,-1.0627,1770.12
111.85,175,512,1,3,0.8660254037844386,0.5000000000000001,-0.6251,111.16
1780.75,229,638,0,12,-0.5000000000000004,0.8660254037844384,0.266,1785.49
58.69,167,433,0,4,1.0,6.123233995736766e-17,3.3129,60.63
108.58,256,1180,0,5,0.8660254037844387,-0.4999999999999998,5.0004,114.01
4031.78,87,947,1,6,0.49999999999999994,-0.8660254037844387,3.3211,4165.68
179.14,221,883,1,9,-0.8660254037844385,-0.5000000000000004,3.6922,185.75
67.3,236,52,0,7,1.2246467991473532e-16,-1.0,3.9995,69.99
151.35,231,1381,2,7,1.2246467991473532e-16,-1.0,7.9856,163.44
251.97,105,689,0,11,-0.8660254037844386,0.5000000000000001,1.6713,256.18
1778.56,111,102,0,6,0.49999999999999994,-0.8660254037844387,2.7077,1826.71
79.29,94,329,0,10,-1.0,-1.8369701987210297e-16,3.5341,82.09
58.86,169,1246,1,11,-0.8660254037844386,0.5000000000000001,3.9342,61.18
3366.71,214,1349,1,9,-0.8660254037844385,-0.5000000000000004,3.109,3471.38
194.6,132,763,0,1,0.0,1.0,2.7833,200.01
81.2,150,1341,1,4,1.0,6.123233995736766e-17,2.7526,83.44
61.67,104,1217,1,8,-0.4999999999999997,-0.8660254037844388,6.2021,65.49
3510.38,80,1125,2,6,0.49999999999999994,-0.8660254037844387,0.5096,3528.27
494.61,240,672,2,4,1.0,6.123233995736766e-17,1.9647,504.33
848.01,298,871,1,5,0.8660254037844387,-0.4999999999999998,4.7996,888.71
1039.68,106,1233,0,1,0.0,1.0,1.0458,1050.56
493.77,314,496,0,3,0.8660254037844386,0.5000000000000001,1.6359,501.84
2112.06,208,1434,2,10,-1.0,-1.8369701987210297e-16,-0.3585,2104.48
4198.76,61,1429,1,1,0.0,1.0,-0.2368,4188.82
999.94,133,821,0,11,-0.8660254037844386,0.5000000000000001,1.195,1011.88
2833.16,2,1261,2,5,0.8660254037844387,-0.4999999999999998,-0.2199,2826.93
44.67,14,720,2,10,-1.0,-1.8369701987210297e-16,3.145,46.08
459.93,123,880,1,4,1.0,6.123233995736766e-17,1.8171,468.29
589.22,166,247,2,10,-1.0,-1.8369701987210297e-16,0.1109,589.87
93.64,291,210,0,7,1.2246467991473532e-16,-1.0,3.1033,96.55
103.36,49,925,1,11,-0.8660254037844386,0.5000000000000001,-0.6309,102.71
75.15,307,546,2,1,0.0,1.0,2.7303,77.2
165.07,85,550,0,10,-1.0,-1.8369701987210297e-16,1.3337,167.28
2119.49,50,569,0,4,1.0,6.123233995736766e-17,1.8469,2158.64
54.94,256,911,1,5,0.8660254037844387,-0.4999999999999998,3.2277,56.71
916.03,283,1062,0,1,0.0,1.0,0.7691,923.07
63.3,221,694,0,12,-0.5000000000000004,0.8660254037844384,1.1237,64.01
947.12,42,1275,0,8,-0.4999999999999997,-0.8660254037844388,4.1982,986.88
154.48,42,747,0,12,-0.5000000000000004,0.8660254037844384,0.1366,154.69
129.93,142,1490,0,7,1.2246467991473532e-16,-1.0,4.2177,135.41
562.67,164,1788,2,2,0.49999999999999994,0.8660254037844387,1.6345,571.87
134.92,365,759,1,5,0.8660254037844387,-0.4999999999999998,6.4019,143.55
333.37,104,1309,1,6,0.49999999999999994,-0.8660254037844387,4.7251,349.12
916.21,70,704,0,2,0.49999999999999994,0.8660254037844387,0.393,919.81
4859.76,346,1319,0,12,-0.5000000000000004,0.8660254037844384,1.2297,4919.52
1021.37,56,1160,0,12,-0.5000000000000004,0.8660254037844384,2.0281,1042.09
467.54,9,717,2,7,1.2246467991473532e-16,-1.0,1.6848,475.42
579.88,154,670,2,8,-0.4999999999999997,-0.8660254037844388,3.7082,601.38
544.24,146,1327,0,9,-0.8660254037844385,-0.5000000000000004,4.8423,570.59
781.56,226,1512,3,9,-0.8660254037844385,-0.5000000000000004,1.6299,794.3
784.84,321,1056,0,1,0.0,1.0,5.2759,826.24
537.72,341,1030,0,7,1.2246467991473532e-16,-1.0,6.7153,573.83
1659.19,106,487,1,10,-1.0,-1.8369701987210297e-16,0.96,1675.11
251.72,358,388,0,10,-1.0,-1.8369701987210297e-16,3.7296,261.11
97.73,231,1581,2,8,-0.4999999999999997,-0.8660254037844388,7.0248,104.6
855.47,25,452,0,11,-0.8660254037844386,0.5000000000000001,1.3963,867.42
2452.21,343,1374,1,8,-0.4999999999999997,-0.8660254037844388,5.7035,2592.07
1721.96,50,563,0,5,0.8660254037844387,-0.4999999999999998,-0.2508,1717.64
189.29,215,1277,0,6,0.49999999999999994,-0.8660254037844387,5.8692,200.4
1056.01,289,886,0,9,-0.8660254037844385,-0.5000000000000004,4.8163,1106.88
4451.76,91,565,2,11,-0.8660254037844386,0.5000000000000001,-1.5789,4381.47
68.65,99,582,1,3,0.8660254037844386,0.5000000000000001,-0.2431,68.48
740.57,174,1666,1,4,1.0,6.123233995736766e-17,0.5046,744.31
164.82,323,348,0,8,-0.4999999999999997,-0.8660254037844388,8.1125,178.19
1658.58,81,376,0,10,-1.0,-1.8369701987210297e-16,2.1169,1693.69
172.61,242,262,0,5,0.8660254037844387,-0.4999999999999998,4.4078,180.22
1652.83,165,1093,1,8,-0.4999999999999997,-0.8660254037844388,3.0231,1702.8
120.46,40,1223,0,1,0.0,1.0,1.154,121.85
82.54,260,1408,0,4,1.0,6.123233995736766e-17,5.311,86.92
93.99,304,1394,1,12,-0.5000000000000004,0.8660254037844384,2.3883,96.24
206.91,210,1552,1,7,1.2246467991473532e-16,-1.0,6.3557,220.06
3274.15,64,1362,0,11,-0.8660254037844386,0.5000000000000001,1.4972,3323.17
100.57,56,871,0,3,0.8660254037844386,0.5000000000000001,2.6754,103.26
66.53,154,1241,0,4,1.0,6.123233995736766e-17,2.7279,68.34
2935.28,185,1115,1,12,-0.5000000000000004,0.8660254037844384,1.2454,2971.83
216.64,202,244,0,12,-0.5000000000000004,0.8660254037844384,2.9331,222.99
577.21,89,264,1,11,-0.8660254037844386,0.5000000000000001,0.1762,578.22
53.09,183,187,0,4,1.0,6.123233995736766e-17,6.2527,56.41
3116.37,107,732,2,10,-1.0,-1.8369701987210297e-16,0.3207,3126.36
567.41,251,1247,2,6,0.49999999999999994,-0.8660254037844387,2.1054,579.35
78.59,291,974,0,11,-0.8660254037844386,0.5000000000000001,2.7792,80.77
959.42,238,804,0,11,-0.8660254037844386,0.5000000000000001,1.4531,973.36
244.86,0,578,0,6,0.49999999999999994,-0.8660254037844387,3.3421,253.04
292.77,363,1273,1,4,1.0,6.123233995736766e-17,5.9982,310.33
398.52,8,1298,0,12,-0.5000000000000004,0.8660254037844384,0.0252,398.62
433.59,365,449,1,6,0.49999999999999994,-0.8660254037844387,5.8234,458.84
754.72,11,425,0,6,0.49999999999999994,-0.8660254037844387,4.9306,791.93
119.8,189,1400,0,8,-0.4999999999999997,-0.8660254037844388,4.8133,125.57
2178.75,38,1618,1,12,-0.5000000000000004,0.8660254037844384,-0.9607,2157.82
48.98,34,644,1,2,0.49999999999999994,0.8660254037844387,-0.8956,48.54
1362.65,250,1012,1,12,-0.5000000000000004,0.8660254037844384,-0.4775,1356.14
122.8,266,1091,1,6,0.49999999999999994,-0.8660254037844387,2.9448,126.41
429.95,43,1114,1,1,0.0,1.0,1.4413,436.14
823.58,357,1303,0,4,1.0,6.123233995736766e-17,3.6405,853.56
848.3,117,567,2,6,0.49999999999999994,-0.8660254037844387,2.1933,866.91
2028.78,116,920,1,9,-0.8660254037844385,-0.5000000000000004,3.2373,2094.46
483.71,108,696,2,7,1.2246467991473532e-16,-1.0,1.4548,490.75
3294.61,168,1331,3,2,0.49999999999999994,0.8660254037844387,-1.939,3230.72
4572.76,65,913,0,6,0.49999999999999994,-0.8660254037844387,3.154,4716.98
5000.0,155,1365,1,3,0.8660254037844386,0.5000000000000001,0.4246,5021.23
276.53,76,1584,1,4,1.0,6.123233995736766e-17,0.3891,277.61
65.07,18,1195,0,9,-0.8660254037844385,-0.5000000000000004,4.2376,67.83
1743.69,134,1490,1,10,-1.0,-1.8369701987210297e-16,1.3892,1767.91
185.66,246,1225,0,2,0.49999999999999994,0.8660254037844387,3.104,191.43
1918.95,279,955,0,8,-0.4999999999999997,-0.8660254037844388,5.5144,2024.77
45.38,129,616,0,6,0.49999999999999994,-0.8660254037844387,6.4413,48.3
1708.01,118,665,1,5,0.8660254037844387,-0.4999999999999998,2.8723,1757.07
60.19,288,651,1,9,-0.8660254037844385,-0.5000000000000004,3.7857,62.47
3218.5,249,929,0,3,0.8660254037844386,0.5000000000000001,4.0731,3349.59
1219.82,304,1214,0,10,-1.0,-1.8369701987210297e-16,3.4836,1262.31
92.56,331,646,1,5,0.8660254037844387,-0.4999999999999998,4.1125,96.36
547.87,300,889,0,2,0.49999999999999994,0.8660254037844387,1.1462,554.15
488.52,342,647,0,10,-1.0,-1.8369701987210297e-16,0.8653,492.74
3213.82,152,929,0,11,-0.8660254037844386,0.5000000000000001,0.5611,3231.85
680.96,144,1395,2,7,1.2246467991473532e-16,-1.0,4.544,711.9
604.18,117,644,0,9,-0.8660254037844385,-0.5000000000000004,1.2952,612.0
204.34,86,759,1,2,0.49999999999999994,0.8660254037844387,2.9197,210.3
1348.31,274,748,2,5,0.8660254037844387,-0.4999999999999998,-0.0213,1348.02
60.14,261,771,0,5,0.8660254037844387,-0.4999999999999998,4.4658,62.82
4398.31,293,872,2,10,-1.0,-1.8369701987210297e-16,0.1512,4404.96
658.02,61,278,0,5,0.8660254037844387,-0.4999999999999998,3.3196,679.86
3317.2,179,1456,0,9,-0.8660254037844385,-0.5000000000000004,4.9542,3481.54
2316.95,81,1296,0,4,1.0,6.123233995736766e-17,1.5863,2353.7
118.62,326,605,1,8,-0.4999999999999997,-0.8660254037844388,3.7757,123.1
237.4,97,1694,2,3,0.8660254037844386,0.5000000000000001,-0.7676,235.58
152.88,52,542,1,7,1.2246467991473532e-16,-1.0,3.782,158.67
130.9,208,750,1,1,0.0,1.0,0.4176,131.45
40.0,321,235,0,9,-0.8660254037844385,-0.5000000000000004,4.3368,41.73
2705.91,335,1360,2,1,0.0,1.0,0.9422,2731.4
594.83,35,745,0,12,-0.5000000000000004,0.8660254037844384,-0.8925,589.52
663.73,119,434,0,11,-0.8660254037844386,0.5000000000000001,-1.696,652.47
404.6,56,654,3,7,1.2246467991473532e-16,-1.0,0.0436,404.78
108.17,112,1406,0,11,-0.8660254037844386,0.5000000000000001,0.6407,108.86
414.92,195,1045,0,10,-1.0,-1.8369701987210297e-16,2.6469,425.91
149.44,102,267,0,2,0.49999999999999994,0.8660254037844387,0.4986,150.18
2487.89,24,241,0,9,-0.8660254037844385,-0.5000000000000004,0.8888,2510.01
982.87,186,266,1,5,0.8660254037844387,-0.4999999999999998,4.2363,1024.51
86.45,19,405,0,11,-0.8660254037844386,0.5000000000000001,-1.7755,84.92
1450.04,82,1263,2,11,-0.8660254037844386,0.5000000000000001,0.3739,1455.46
462.5,0,135,0,12,-0.5000000000000004,0.8660254037844384,-3.3005,447.24
60.71,31,550,1,6,0.49999999999999994,-0.8660254037844387,5.9777,64.34
49.2,159,245,1,3,0.8660254037844386,0.5000000000000001,1.075,49.73
105.78,311,1146,1,2,0.49999999999999994,0.8660254037844387,2.0882,107.99
2601.78,283,1230,0,2,0.49999999999999994,0.8660254037844387,2.5042,2666.93
2436.18,36,918,1,12,-0.5000000000000004,0.8660254037844384,-0.8995,2414.27
1056.7,12,1513,1,8,-0.4999999999999997,-0.8660254037844388,1.7774,1075.48
59.41,123,1399,2,5,0.8660254037844387,-0.4999999999999998,4.5022,62.08
246.57,238,1157,0,6,0.49999999999999994,-0.8660254037844387,8.421,267.33
279.11,273,501,0,3,0.8660254037844386,0.5000000000000001,4.2622,291.01
231.19,301,1543,1,7,1.2246467991473532e-16,-1.0,6.2385,245.61
797.55,125,963,0,6,0.49999999999999994,-0.8660254037844387,7.0654,853.9
47.52,61,171,0,10,-1.0,-1.8369701987210297e-16,2.341,48.63
40.74,9,415,2,1,0.0,1.0,-3.631,39.26
948.31,53,1352,0,12,-0.5000000000000004,0.8660254037844384,0.2846,951.01
142.66,23,445,0,1,0.0,1.0,-0.946,141.31
1244.35,315,932,1,6,0.49999999999999994,-0.8660254037844387,4.4101,1299.22
2165.91,98,1152,0,5,0.8660254037844387,-0.4999999999999998,3.6118,2244.14
990.69,301,1164,0,9,-0.8660254037844385,-0.5000000000000004,2.415,1014.62
3609.01,202,84,0,8,-0.4999999999999997,-0.8660254037844388,5.6507,3812.95
1058.71,197,941,0,3,0.8660254037844386,0.5000000000000001,3.1247,1091.79
2287.7,166,1374,0,6,0.49999999999999994,-0.8660254037844387,1.8739,2330.57
940.24,299,772,1,7,1.2246467991473532e-16,-1.0,6.2105,998.64
2185.81,15,835,0,6,0.49999999999999994,-0.8660254037844387,3.0869,2253.29
256.87,33,430,0,1,0.0,1.0,1.5096,260.75
415.52,154,1182,1,3,0.8660254037844386,0.5000000000000001,4.4215,433.89
176.88,144,216,0,7,1.2246467991473532e-16,-1.0,7.2213,189.65
730.91,199,801,0,4,1.0,6.123233995736766e-17,2.833,751.62
263.45,270,645,0,7,1.2246467991473532e-16,-1.0,6.9524,281.76
5000.0,215,978,0,2,0.49999999999999994,0.8660254037844387,0.5827,5029.14
815.7,94,764,0,9,-0.8660254037844385,-0.5000000000000004,4.5763,853.03
300.13,119,1474,0,3,0.8660254037844386,0.5000000000000001,-0.9066,297.41
666.92,275,1688,2,8,-0.4999999999999997,-0.8660254037844388,2.9665,686.71
1915.82,73,1127,3,11,-0.8660254037844386,0.5000000000000001,-1.5897,1885.36
1734.03,184,493,2,5,0.8660254037844387,-0.4999999999999998,1.9902,1768.54
957.42,197,762,0,2,0.49999999999999994,0.8660254037844387,1.5678,972.43
51.11,274,1033,1,1,0.0,1.0,4.3281,53.33
3367.88,261,1300,1,5,0.8660254037844387,-0.4999999999999998,3.0578,3470.87
3540.05,170,809,0,2,0.49999999999999994,0.8660254037844387,-1.1654,3498.79
3048.36,113,1100,2,11,-0.8660254037844386,0.5000000000000001,-0.5706,3030.97
870.93,134,306,1,12,-0.5000000000000004,0.8660254037844384,-1.5466,857.46
62.62,150,1155,0,12,-0.5000000000000004,0.8660254037844384,3.0891,64.56
4267.3,80,1001,2,12,-0.5000000000000004,0.8660254037844384,1.0802,4313.4
60.72,228,604,0,8,-0.4999999999999997,-0.8660254037844388,8.0025,65.58
91.57,76,660,0,4,1.0,6.123233995736766e-17,4.2804,95.49
678.8,237,149,0,6,0.49999999999999994,-0.8660254037844387,3.3325,701.42
418.72,275,764,0,4,1.0,6.123233995736766e-17,3.8838,434.98
1700.51,352,1016,2,11,-0.8660254037844386,0.5000000000000001,2.7631,1747.5
828.77,43,570,1,6,0.49999999999999994,-0.8660254037844387,1.1162,838.03
40.84,278,402,0,5,0.8660254037844387,-0.4999999999999998,4.1641,42.54
757.57,31,295,1,9,-0.8660254037844385,-0.5000000000000004,1.4214,768.34
3561.45,123,1761,2,5,0.8660254037844387,-0.4999999999999998,0.2123,3569.01
2598.9,64,924,2,5,0.8660254037844387,-0.4999999999999998,2.9711,2676.12
122.59,59,1568,2,3,0.8660254037844386,0.5000000000000001,0.1663,122.8
307.89,64,1644,2,1,0.0,1.0,0.318,308.87
81.75,16,821,1,1,0.0,1.0,-0.322,81.48
1962.63,301,1221,0,5,0.8660254037844387,-0.4999999999999998,6.9039,2098.13
745.76,22,492,2,12,-0.5000000000000004,0.8660254037844384,-5.4284,705.28
376.06,145,308,0,4,1.0,6.123233995736766e-17,4.1322,391.6
243.3,255,1353,0,8,-0.4999999999999997,-0.8660254037844388,8.23,263.33
2128.71,362,986,0,4,1.0,6.123233995736766e-17,4.738,2229.57
2224.84,312,1048,0,4,1.0,6.123233995736766e-17,4.7665,2330.89
616.68,50,1557,1,2,0.49999999999999994,0.8660254037844387,0.7065,621.04
65.8,361,387,2,7,1.2246467991473532e-16,-1.0,4.1734,68.55
341.32,239,295,0,8,-0.4999999999999997,-0.8660254037844388,4.9207,358.12
4316.72,65,1665,1,5,0.8660254037844387,-0.4999999999999998,3.493,4467.51
578.1,164,232,0,7,1.2246467991473532e-16,-1.0,1.3673,586.01
1683.63,335,891,1,6,0.49999999999999994,-0.8660254037844387,5.937,1783.58
134.89,143,77,0,4,1.0,6.123233995736766e-17,2.341,138.05
214.31,67,519,0,9,-0.8660254037844385,-0.5000000000000004,3.99,222.86
68.24,320,444,1,7,1.2246467991473532e-16,-1.0,4.0261,70.98
203.65,348,417,0,1,0.0,1.0,1.305,206.31
126.1,357,1230,0,6,0.49999999999999994,-0.8660254037844387,5.2356,132.7
521.75,349,446,0,5,0.8660254037844387,-0.4999999999999998,2.9229,537.0
363.56,319,1230,0,10,-1.0,-1.8369701987210297e-16,6.1533,385.93
3056.75,166,1474,1,4,1.0,6.123233995736766e-17,1.3877,3099.17
296.38,70,831,0,12,-0.5000000000000004,0.8660254037844384,-0.3034,295.48
132.43,225,829,0,8,-0.4999999999999997,-0.8660254037844388,7.6405,142.55
67.6,80,868,2,2,0.49999999999999994,0.8660254037844387,-0.4326,67.31
178.17,173,1215,1,5,0.8660254037844387,-0.4999999999999998,5.8537,188.6
1518.88,240,1219,0,11,-0.8660254037844386,0.5000000000000001,1.0385,1534.65
1151.84,346,1516,1,4,1.0,6.123233995736766e-17,3.4899,1192.04
720.68,105,328,0,9,-0.8660254037844385,-0.5000000000000004,1.166,729.08
3044.6,92,1044,0,10,-1.0,-1.8369701987210297e-16,2.7643,3128.76
127.05,268,405,1,9,-0.8660254037844385,-0.5000000000000004,4.03,132.17
435.75,2,758,0,2,0.49999999999999994,0.8660254037844387,0.2701,436.93
78.52,207,174,0,5,0.8660254037844387,-0.4999999999999998,4.3104,81.9
148.26,273,1267,2,5,0.8660254037844387,-0.4999999999999998,1.8175,150.96
328.31,201,1366,1,5,0.8660254037844387,-0.4999999999999998,4.0557,341.62
1578.72,140,1442,2,11,-0.8660254037844386,0.5000000000000001,-1.7369,1551.3
2956.95,303,1533,2,1,0.0,1.0,1.3535,2996.97
212.08,135,885,0,7,1.2246467991473532e-16,-1.0,6.1863,225.2
346.05,260,1154,1,12,-0.5000000000000004,0.8660254037844384,3.0984,356.77
2369.25,169,190,0,11,-0.8660254037844386,0.5000000000000001,0.288,2376.07
2162.81,9,1227,1,8,-0.4999999999999997,-0.8660254037844388,-0.4832,2152.36
1374.43,194,1037,0,12,-0.5000000000000004,0.8660254037844384,1.7371,1398.31
253.52,18,253,0,5,0.8660254037844387,-0.4999999999999998,2.3039,259.36
256.85,340,965,0,8,-0.4999999999999997,-0.8660254037844388,6.5296,273.62
1336.17,220,684,1,7,1.2246467991473532e-16,-1.0,4.538,1396.81
74.15,136,786,0,1,0.0,1.0,-1.31,73.18
729.16,177,1316,1,1,0.0,1.0,0.906,735.76
58.24,226,775,2,11,-0.8660254037844386,0.5000000000000001,1.9993,59.4
1114.7,95,1457,1,3,0.8660254037844386,0.5000000000000001,-1.0029,1103.52
659.64,105,651,0,5,0.8660254037844387,-0.4999999999999998,3.9663,685.8
63.45,153,792,0,8,-0.4999999999999997,-0.8660254037844388,4.7081,66.44
271.75,94,433,2,7,1.2246467991473532e-16,-1.0,3.2535,280.59
97.92,277,455,1,7,1.2246467991473532e-16,-1.0,6.3005,104.09
1782.02,37,455,0,12,-0.5000000000000004,0.8660254037844384,-0.6987,1769.57
4672.82,302,1800,2,10,-1.0,-1.8369701987210297e-16,0.7831,4709.41
178.85,127,423,0,12,-0.5000000000000004,0.8660254037844384,0.3073,179.4
50.99,205,620,0,8,-0.4999999999999997,-0.8660254037844388,8.8924,55.53
4007.32,57,1288,0,12,-0.5000000000000004,0.8660254037844384,1.9475,4085.36
2276.93,141,509,0,8,-0.4999999999999997,-0.8660254037844388,4.8186,2386.65
2437.63,276,1228,0,7,1.2246467991473532e-16,-1.0,6.1937,2588.61
205.76,99,391,1,10,-1.0,-1.8369701987210297e-16,0.1178,206.0
53.56,48,238,0,11,-0.8660254037844386,0.5000000000000001,0.3084,53.73
3610.19,191,282,1,1,0.0,1.0,-1.4561,3557.62
403.89,59,446,1,11,-0.8660254037844386,0.5000000000000001,-0.2196,403.01
271.37,115,1137,2,9,-0.8660254037844385,-0.5000000000000004,0.8599,273.7
1396.03,164,177,0,11,-0.8660254037844386,0.5000000000000001,1.9792,1423.66
1240.91,206,1121,1,9,-0.8660254037844385,-0.5000000000000004,-0.2808,1237.42
61.35,234,917,0,12,-0.5000000000000004,0.8660254037844384,4.1336,63.88
3918.5,247,608,1,4,1.0,6.123233995736766e-17,3.5838,4058.93
469.67,309,99,0,3,0.8660254037844386,0.5000000000000001,5.6218,496.08
98.51,24,509,1,3,0.8660254037844386,0.5000000000000001,-0.3653,98.15
40.0,132,253,0,4,1.0,6.123233995736766e-17,1.8201,40.73
665.39,0,953,1,3,0.8660254037844386,0.5000000000000001,-0.6621,660.98
992.24,3,1400,0,6,0.49999999999999994,-0.8660254037844387,3.5336,1027.31
72.93,77,678,0,3,0.8660254037844386,0.5000000000000001,1.5878,74.09
674.03,218,1077,1,2,0.49999999999999994,0.8660254037844387,-0.404,671.31
320.69,327,487,0,7,1.2246467991473532e-16,-1.0,7.0424,343.27
283.19,283,267,1,10,-1.0,-1.8369701987210297e-16,2.8942,291.39
3974.31,236,468,1,2,0.49999999999999994,0.8660254037844387,-1.323,3921.73
196.02,284,924,1,7,1.2246467991473532e-16,-1.0,3.6863,203.24
3750.73,62,1401,1,8,-0.4999999999999997,-0.8660254037844388,6.5287,3995.6
210.97,307,559,1,9,-0.8660254037844385,-0.5000000000000004,6.0219,223.67
144.28,325,1759,2,2,0.49999999999999994,0.8660254037844387,3.3377,149.1
105.71,34,975,0,9,-0.8660254037844385,-0.5000000000000004,3.23,109.13
3701.15,172,668,1,1,0.0,1.0,0.7586,3729.22
57.83,303,1098,1,3,0.8660254037844386,0.5000000000000001,2.0914,59.03
149.83,174,1061,0,4,1.0,6.123233995736766e-17,4.2916,156.26
263.93,307,1043,0,11,-0.8660254037844386,0.5000000000000001,4.2371,275.11
1292.33,342,1305,0,3,0.8660254037844386,0.5000000000000001,1.9463,1317.48
317.05,173,1199,1,10,-1.0,-1.8369701987210297e-16,3.0031,326.57
40.0,21,84,0,12,-0.5000000000000004,0.8660254037844384,-1.4954,39.4
513.19,124,726,1,12,-0.5000000000000004,0.8660254037844384,-0.856,508.79
3987.69,78,1586,1,4,1.0,6.123233995736766e-17,0.5136,4008.17
2625.61,173,477,1,2,0.49999999999999994,0.8660254037844387,-2.8412,2551.01
5000.0,214,771,0,3,0.8660254037844386,0.5000000000000001,3.406,5170.3
244.46,169,927,1,10,-1.0,-1.8369701987210297e-16,5.4085,257.68
89.53,71,1015,1,3,0.8660254037844386,0.5000000000000001,0.0008,89.53
80.83,110,1310,0,8,-0.4999999999999997,-0.8660254037844388,7.0048,86.49
2919.79,248,831,0,5,0.8660254037844387,-0.4999999999999998,4.1891,3042.11
1126.93,9,45,0,10,-1.0,-1.8369701987210297e-16,-0.6282,1119.85
819.25,78,698,2,8,-0.4999999999999997,-0.8660254037844388,0.4144,822.65
535.44,326,963,0,8,-0.4999999999999997,-0.8660254037844388,5.4921,564.85
482.63,36,1183,0,10,-1.0,-1.8369701987210297e-16,2.7604,495.96
533.13,151,986,0,12,-0.5000000000000004,0.8660254037844384,-0.0405,532.91
302.32,75,1111,0,5,0.8660254037844387,-0.4999999999999998,2.5948,310.16
375.5,38,395,0,7,1.2246467991473532e-16,-1.0,2.3779,384.43
97.94,154,289,1,8,-0.4999999999999997,-0.8660254037844388,-1.2009,96.76
105.52,190,1425,0,10,-1.0,-1.8369701987210297e-16,4.8635,110.65
137.24,64,1035,1,6,0.49999999999999994,-0.8660254037844387,4.9065,143.97
5000.0,28,1120,0,5,0.8660254037844387,-0.4999999999999998,2.5951,5129.75
5000.0,49,1438,0,11,-0.8660254037844386,0.5000000000000001,1.9054,5095.27
1315.93,238,370,1,12,-0.5000000000000004,0.8660254037844384,-0.4035,1310.62
3152.69,314,1549,1,7,1.2246467991473532e-16,-1.0,8.2257,3412.02
71.3,65,776,2,2,0.49999999999999994,0.8660254037844387,-1.487,70.24
91.4,117,956,0,4,1.0,6.123233995736766e-17,3.1328,94.26
68.37,125,607,0,6,0.49999999999999994,-0.8660254037844387,4.403,71.38
51.94,132,407,1,9,-0.8660254037844385,-0.5000000000000004,3.5639,53.79
1995.57,89,1325,0,9,-0.8660254037844385,-0.5000000000000004,2.7647,2050.74
56.96,20,673,1,10,-1.0,-1.8369701987210297e-16,1.1423,57.61
2973.2,192,81,0,1,0.0,1.0,-1.5682,2926.58
818.04,130,263,0,6,0.49999999999999994,-0.8660254037844387,2.6732,839.9
139.04,125,1631,1,9,-0.8660254037844385,-0.5000000000000004,0.7618,140.1
2810.06,96,1480,1,12,-0.5000000000000004,0.8660254037844384,1.0401,2839.29
2623.18,340,1314,2,2,0.49999999999999994,0.8660254037844387,-0.183,2618.39
818.09,223,1500,2,11,-0.8660254037844386,0.5000000000000001,0.8618,825.14
79.58,153,989,0,1,0.0,1.0,0.2938,79.81
394.47,75,1495,1,3,0.8660254037844386,0.5000000000000001,1.9566,402.19
532.23,293,667,3,11,-0.8660254037844386,0.5000000000000001,0.3848,534.28
1165.38,325,137,0,10,-1.0,-1.8369701987210297e-16,-0.7909,1156.17
217.54,11,1056,0,12,-0.5000000000000004,0.8660254037844384,0.4883,218.6
3789.93,340,1733,2,8,-0.4999999999999997,-0.8660254037844388,3.7072,3930.43
162.82,255,891,0,8,-0.4999999999999997,-0.8660254037844388,6.2231,172.95
5000.0,36,1646,2,7,1.2246467991473532e-16,-1.0,3.3742,5168.71
76.73,275,628,0,7,1.2246467991473532e-16,-1.0,5.0278,80.58
2715.95,39,1288,2,7,1.2246467991473532e-16,-1.0,2.1061,2773.15
91.28,18,946,1,4,1.0,6.123233995736766e-17,0.3599,91.6
2106.2,42,1439,1,11,-0.8660254037844386,0.5000000000000001,1.402,2135.73
3166.39,168,1209,1,5,0.8660254037844387,-0.4999999999999998,3.3261,3271.71
200.16,226,683,0,8,-0.4999999999999997,-0.8660254037844388,5.6521,211.47
67.36,149,574,1,9,-0.8660254037844385,-0.5000000000000004,1.8803,68.63
5000.0,44,915,2,7,1.2246467991473532e-16,-1.0,3.0813,5154.07
3392.51,72,279,2,8,-0.4999999999999997,-0.8660254037844388,2.3949,3473.75
1367.3,311,483,2,1,0.0,1.0,-0.9703,1354.03
295.11,352,877,1,4,1.0,6.123233995736766e-17,4.6443,308.81
67.45,276,262,1,6,0.49999999999999994,-0.8660254037844387,5.8517,71.39
339.08,37,852,1,5,0.8660254037844387,-0.4999999999999998,5.6431,358.22
1091.98,300,294,1,11,-0.8660254037844386,0.5000000000000001,1.9939,1113.75
83.2,253,510,1,11,-0.8660254037844386,0.5000000000000001,2.5112,85.29
57.4,192,1051,0,9,-0.8660254037844385,-0.5000000000000004,5.0985,60.32
2411.03,52,86,0,5,0.8660254037844387,-0.4999999999999998,0.8449,2431.4
1195.62,364,683,1,1,0.0,1.0,2.7151,1228.08
1018.49,161,322,0,10,-1.0,-1.8369701987210297e-16,0.5974,1024.57
3020.91,16,123,0,11,-0.8660254037844386,0.5000000000000001,-0.1946,3015.03
455.69,76,348,0,6,0.49999999999999994,-0.8660254037844387,0.8881,459.73
166.88,146,335,1,10,-1.0,-1.8369701987210297e-16,3.0537,171.98
2777.37,22,458,2,12,-0.5000000000000004,0.8660254037844384,-1.3285,2740.47
5000.0,118,1153,1,7,1.2246467991473532e-16,-1.0,4.8408,5242.04
42.76,171,510,2,3,0.8660254037844386,0.5000000000000001,1.6849,43.48
283.94,347,1637,2,1,0.0,1.0,2.7177,291.65
260.62,31,753,0,10,-1.0,-1.8369701987210297e-16,1.2222,263.8
75.72,211,639,0,7,1.2246467991473532e-16,-1.0,4.3153,78.99
166.3,335,1320,0,2,0.49999999999999994,0.8660254037844387,4.032,173.01
62.34,295,1177,0,1,0.0,1.0,3.3448,64.43
1274.99,338,876,1,12,-0.5000000000000004,0.8660254037844384,3.2509,1316.44
101.46,62,1462,0,4,1.0,6.123233995736766e-17,2.8218,104.33
3317.75,293,1125,2,4,1.0,6.123233995736766e-17,2.851,3412.34
880.17,358,1307,1,8,-0.4999999999999997,-0.8660254037844388,6.3271,935.86
328.64,119,1456,0,5,0.8660254037844387,-0.4999999999999998,5.1467,345.55
2403.89,182,1394,3,11,-0.8660254037844386,0.5000000000000001,1.6689,2444.01
1092.99,194,1149,2,9,-0.8660254037844385,-0.5000000000000004,1.6774,1111.33
1804.37,180,1082,1,5,0.8660254037844387,-0.4999999999999998,4.4254,1884.22
3319.17,106,1137,1,4,1.0,6.123233995736766e-17,1.2711,3361.36
2714.16,355,1800,3,11,-0.8660254037844386,0.5000000000000001,2.6246,2785.4
2112.05,350,1175,1,8,-0.4999999999999997,-0.8660254037844388,7.6977,2274.63
1385.18,139,797,2,12,-0.5000000000000004,0.8660254037844384,-3.6854,1334.13
199.46,294,77,0,5,0.8660254037844387,-0.4999999999999998,6.2064,211.84
1258.17,145,1416,1,1,0.0,1.0,0.1103,1259.55
681.33,290,755,0,11,-0.8660254037844386,0.5000000000000001,1.6913,692.85
4257.88,214,649,0,3,0.8660254037844386,0.5000000000000001,0.9949,4300.25
640.49,172,1406,0,11,-0.8660254037844386,0.5000000000000001,0.9035,646.28
106.68,46,271,0,9,-0.8660254037844385,-0.5000000000000004,3.2444,110.14
295.18,239,99,0,3,0.8660254037844386,0.5000000000000001,0.264,295.96
385.72,117,1121,0,10,-1.0,-1.8369701987210297e-16,4.8769,404.53
546.64,79,1390,0,1,0.0,1.0,1.5945,555.35
901.46,70,1419,1,5,0.8660254037844387,-0.4999999999999998,2.9407,927.97
5000.0,359,1433,1,5,0.8660254037844387,-0.4999999999999998,1.7086,5085.43
224.78,37,1504,1,8,-0.4999999999999997,-0.8660254037844388,1.59,228.36
5000.0,292,1043,0,7,1.2246467991473532e-16,-1.0,5.5873,5279.37
2432.96,317,1590,1,8,-0.4999999999999997,-0.8660254037844388,5.2772,2561.35
101.59,11,541,0,6,0.49999999999999994,-0.8660254037844387,4.5331,106.19
205.24,215,1129,0,9,-0.8660254037844385,-0.5000000000000004,0.9212,207.13
2608.38,211,179,0,2,0.49999999999999994,0.8660254037844387,-1.0617,2580.69
2275.34,131,1209,2,9,-0.8660254037844385,-0.5000000000000004,3.5641,2356.44
80.05,244,711,3,1,0.0,1.0,0.0765,80.11
971.61,149,1600,1,2,0.49999999999999994,0.8660254037844387,0.0306,971.9
169.34,160,784,1,9,-0.8660254037844385,-0.5000000000000004,1.5465,171.96
763.45,157,350,0,2,0.49999999999999994,0.8660254037844387,1.9274,778.16
115.55,293,1051,1,10,-1.0,-1.8369701987210297e-16,3.7234,119.85
185.19,231,157,0,2,0.49999999999999994,0.8660254037844387,2.9522,190.66
229.18,138,229,0,2,0.49999999999999994,0.8660254037844387,2.7165,235.4
656.93,339,1345,3,12,-0.5000000000000004,0.8660254037844384,3.2253,678.12
155.87,293,1260,3,3,0.8660254037844386,0.5000000000000001,2.226,159.34
1549.88,341,892,0,11,-0.8660254037844386,0.5000000000000001,2.4423,1587.73
1576.7,267,125,0,5,0.8660254037844387,-0.4999999999999998,2.4731,1615.69
1082.75,143,1035,0,10,-1.0,-1.8369701987210297e-16,5.7199,1144.68
2459.98,282,128,0,12,-0.5000000000000004,0.8660254037844384,0.2612,2466.41
2368.91,120,1232,0,2,0.49999999999999994,0.8660254037844387,2.243,2422.05
42.71,99,207,1,4,1.0,6.123233995736766e-17,2.279,43.68
50.22,165,83,0,7,1.2246467991473532e-16,-1.0,3.9811,52.22
1082.87,354,798,0,11,-0.8660254037844386,0.5000000000000001,2.9102,1114.38
1701.07,207,1212,0,3,0.8660254037844386,0.5000000000000001,4.0708,1770.32
5000.0,140,1287,1,3,0.8660254037844386,0.5000000000000001,0.959,5047.95
51.16,169,918,0,5,0.8660254037844387,-0.4999999999999998,4.3478,53.38
116.61,106,304,0,3,0.8660254037844386,0.5000000000000001,0.0678,116.69
3172.24,241,1651,1,4,1.0,6.123233995736766e-17,3.4277,3280.98
2423.88,128,273,1,2,0.49999999999999994,0.8660254037844387,-1.8815,2378.27
385.74,202,551,0,10,-1.0,-1.8369701987210297e-16,4.1204,401.63
553.94,135,1337,1,10,-1.0,-1.8369701987210297e-16,6.3682,589.21
2866.02,117,943,0,2,0.49999999999999994,0.8660254037844387,1.1959,2900.3
496.93,355,1348,1,7,1.2246467991473532e-16,-1.0,9.1519,542.41
2276.31,126,1161,0,8,-0.4999999999999997,-0.8660254037844388,3.0952,2346.77
5000.0,25,1731,2,8,-0.4999999999999997,-0.8660254037844388,2.7046,5135.23
157.79,138,1003,3,12,-0.5000000000000004,0.8660254037844384,1.9422,160.85
204.05,194,1308,1,8,-0.4999999999999997,-0.8660254037844388,7.3847,219.12
3162.94,34,442,2,9,-0.8660254037844385,-0.5000000000000004,2.063,3228.19
281.6,111,298,0,1,0.0,1.0,0.0385,281.71
40.0,60,308,1,1,0.0,1.0,0.6148,40.25
416.83,183,342,0,8,-0.4999999999999997,-0.8660254037844388,2.8199,428.59
665.36,264,207,0,11,-0.8660254037844386,0.5000000000000001,4.2011,693.31
180.76,354,1245,0,5,0.8660254037844387,-0.4999999999999998,5.046,189.88
1464.06,142,856,1,8,-0.4999999999999997,-0.8660254037844388,5.5015,1544.61
144.69,315,908,1,3,0.8660254037844386,0.5000000000000001,5.0103,151.94
88.32,78,1128,2,6,0.49999999999999994,-0.8660254037844387,5.2383,92.95
141.02,285,662,1,10,-1.0,-1.8369701987210297e-16,7.0121,150.91
612.73,205,1075,2,8,-0.4999999999999997,-0.8660254037844388,5.7494,647.96
1885.57,277,200,2,2,0.49999999999999994,0.8660254037844387,-2.4583,1839.22
652.13,276,1188,1,11,-0.8660254037844386,0.5000000000000001,3.5372,675.2
3211.95,194,1313,0,12,-0.5000000000000004,0.8660254037844384,-1.4862,3164.22
46.07,94,101,0,6,0.49999999999999994,-0.8660254037844387,3.4995,47.68
206.29,192,249,1,5,0.8660254037844387,-0.4999999999999998,2.6055,211.66
347.74,302,930,3,7,1.2246467991473532e-16,-1.0,5.771,367.8
2231.58,355,930,0,10,-1.0,-1.8369701987210297e-16,2.9733,2297.93
984.84,339,1153,0,6,0.49999999999999994,-0.8660254037844387,5.0568,1034.64
2317.59,66,1243,0,1,0.0,1.0,0.531,2329.9
275.31,218,1182,0,1,0.0,1.0,3.9804,286.27
4294.52,38,1115,1,10,-1.0,-1.8369701987210297e-16,0.63,4321.58
2488.78,244,1067,0,10,-1.0,-1.8369701987210297e-16,6.9241,2661.11
3097.48,363,452,0,10,-1.0,-1.8369701987210297e-16,2.9827,3189.86
187.59,19,1224,1,2,0.49999999999999994,0.8660254037844387,0.8051,189.1
40.0,240,311,0,3,0.8660254037844386,0.5000000000000001,3.2066,41.28
1115.19,346,1447,0,5,0.8660254037844387,-0.4999999999999998,5.0956,1172.01
369.47,310,279,1,3,0.8660254037844386,0.5000000000000001,3.9624,384.11
2391.37,143,1419,0,5,0.8660254037844387,-0.4999999999999998,2.3482,2447.53
71.01,38,946,3,7,1.2246467991473532e-16,-1.0,-0.403,70.73
891.46,338,1189,1,4,1.0,6.123233995736766e-17,3.7795,925.15
110.05,337,844,3,2,0.49999999999999994,0.8660254037844387,1.294,111.47
479.32,211,509,0,5,0.8660254037844387,-0.4999999999999998,5.7101,506.69
122.48,358,1420,1,9,-0.8660254037844385,-0.5000000000000004,4.1946,127.61
2611.37,1,229,1,8,-0.4999999999999997,-0.8660254037844388,1.1051,2640.23
96.78,225,521,1,4,1.0,6.123233995736766e-17,3.8781,100.53
775.39,14,964,0,4,1.0,6.123233995736766e-17,1.6543,788.21
57.81,342,1215,0,8,-0.4999999999999997,-0.8660254037844388,8.9159,62.97
95.13,249,672,0,3,0.8660254037844386,0.5000000000000001,3.2998,98.27
397.08,334,356,1,11,-0.8660254037844386,0.5000000000000001,2.368,406.49
48.18,205,468,1,11,-0.8660254037844386,0.5000000000000001,2.7706,49.52
763.58,30,1341,0,1,0.0,1.0,-0.4725,759.97
95.29,9,478,1,12,-0.5000000000000004,0.8660254037844384,-3.1267,92.31
1561.35,122,1030,1,1,0.0,1.0,-0.7985,1548.88
3654.99,272,1552,1,6,0.49999999999999994,-0.8660254037844387,4.5087,3819.78
1576.04,55,591,0,9,-0.8660254037844385,-0.5000000000000004,1.2504,1595.74
47.39,311,309,2,4,1.0,6.123233995736766e-17,2.5619,48.6
584.68,87,1321,1,3,0.8660254037844386,0.5000000000000001,1.2675,592.09
96.27,181,1366,1,1,0.0,1.0,1.2834,97.51
356.79,74,1092,1,9,-0.8660254037844385,-0.5000000000000004,4.2832,372.07
3200.11,170,1561,1,1,0.0,1.0,1.6198,3251.94
67.38,165,1174,0,6,0.49999999999999994,-0.8660254037844387,2.2987,68.93
176.05,2,1315,2,5,0.8660254037844387,-0.4999999999999998,-0.6282,174.94
2112.67,207,530,0,12,-0.5000000000000004,0.8660254037844384,-2.837,2052.73
257.4,287,371,1,12,-0.5000000000000004,0.8660254037844384,1.0332,260.06
157.97,342,1225,2,10,-1.0,-1.8369701987210297e-16,3.7198,163.85
5000.0,121,1382,1,9,-0.8660254037844385,-0.5000000000000004,2.972,5148.6
113.85,322,1242,1,7,1.2246467991473532e-16,-1.0,8.035,123.0
2152.24,321,996,0,5,0.8660254037844387,-0.4999999999999998,4.9582,2258.95
124.75,361,1090,0,2,0.49999999999999994,0.8660254037844387,2.9243,128.4
4060.02,136,638,1,12,-0.5000000000000004,0.8660254037844384,-0.4212,4042.92
1486.82,311,215,0,5,0.8660254037844387,-0.4999999999999998,3.0826,1532.65
188.99,206,961,0,6,0.49999999999999994,-0.8660254037844387,3.6453,195.88
5000.0,21,1800,3,2,0.49999999999999994,0.8660254037844387,-1.0188,4949.06
63.29,98,243,0,4,1.0,6.123233995736766e-17,2.8118,65.07
2026.45,245,148,0,8,-0.4999999999999997,-0.8660254037844388,5.9996,2148.03
1455.43,58,1075,0,6,0.49999999999999994,-0.8660254037844387,1.5942,1478.63
106.98,159,851,1,8,-0.4999999999999997,-0.8660254037844388,2.468,109.62
781.39,283,1359,0,3,0.8660254037844386,0.5000000000000001,1.872,796.01
52.08,54,964,1,1,0.0,1.0,0.7959,52.5
720.34,181,804,0,11,-0.8660254037844386,0.5000000000000001,3.3879,744.74
542.33,78,134,0,6,0.49999999999999994,-0.8660254037844387,3.1534,559.44
417.41,196,1431,0,5,0.8660254037844387,-0.4999999999999998,5.1157,438.77
2087.35,88,526,0,4,1.0,6.123233995736766e-17,2.5994,2141.61
3812.56,353,848,1,8,-0.4999999999999997,-0.8660254037844388,4.4626,3982.7
637.19,28,961,0,7,1.2246467991473532e-16,-1.0,5.125,669.84
1395.6,352,1293,0,5,0.8660254037844387,-0.4999999999999998,8.5064,1514.31
111.6,289,1202,0,12,-0.5000000000000004,0.8660254037844384,1.7831,113.59
5000.0,313,1171,0,11,-0.8660254037844386,0.5000000000000001,2.5589,5127.95
2067.93,311,198,0,3,0.8660254037844386,0.5000000000000001,-0.387,2059.93
3135.74,68,173,0,8,-0.4999999999999997,-0.8660254037844388,0.5911,3154.27
2270.66,340,1529,2,12,-0.5000000000000004,0.8660254037844384,2.0165,2316.45
273.26,217,1373,0,6,0.49999999999999994,-0.8660254037844387,3.483,282.77
143.48,352,1023,1,1,0.0,1.0,1.6455,145.84
675.42,321,1548,1,2,0.49999999999999994,0.8660254037844387,3.9248,701.93
62.25,212,507,0,9,-0.8660254037844385,-0.5000000000000004,5.1397,65.45
607.89,137,737,1,11,-0.8660254037844386,0.5000000000000001,2.2323,621.46
241.36,42,686,2,2,0.49999999999999994,0.8660254037844387,-2.9362,234.27
1780.82,37,1380,1,7,1.2246467991473532e-16,-1.0,2.976,1833.82
1021.54,142,1291,2,6,0.49999999999999994,-0.8660254037844387,6.2699,1085.59
131.2,296,533,1,4,1.0,6.123233995736766e-17,2.8044,134.88
1979.94,184,1499,0,8,-0.4999999999999997,-0.8660254037844388,4.1303,2061.72
154.43,176,331,2,11,-0.8660254037844386,0.5000000000000001,1.628,156.95
178.97,89,1166,0,3,0.8660254037844386,0.5000000000000001,0.7713,180.35
284.17,206,450,1,1,0.0,1.0,1.7003,289.0
116.62,233,1282,1,5,0.8660254037844387,-0.4999999999999998,2.3858,119.4
212.88,359,891,2,4,1.0,6.123233995736766e-17,0.3812,213.7
133.65,266,529,2,9,-0.8660254037844385,-0.5000000000000004,4.4224,139.56
40.0,222,129,0,7,1.2246467991473532e-16,-1.0,3.7318,41.49
218.5,333,1148,1,1,0.0,1.0,1.7595,222.35
340.44,155,277,0,5,0.8660254037844387,-0.4999999999999998,4.643,356.25
2294.57,342,774,1,9,-0.8660254037844385,-0.5000000000000004,5.2737,2415.58
145.31,135,1627,1,6,0.49999999999999994,-0.8660254037844387,3.0937,149.8
275.71,46,1337,0,7,1.2246467991473532e-16,-1.0,5.2332,290.14
57.08,152,988,1,4,1.0,6.123233995736766e-17,2.8658,58.72
77.28,47,1110,0,4,1.0,6.123233995736766e-17,3.3765,79.89
305.67,43,1243,0,2,0.49999999999999994,0.8660254037844387,0.5672,307.4
557.97,322,1390,3,1,0.0,1.0,-1.3016,550.71
1415.61,290,552,1,1,0.0,1.0,-0.3341,1410.88
2067.38,80,1329,1,8,-0.4999999999999997,-0.8660254037844388,-0.4766,2057.52
2657.35,306,173,0,2,0.49999999999999994,0.8660254037844387,1.106,2686.74
3500.85,25,805,0,7,1.2246467991473532e-16,-1.0,3.3629,3618.58
89.83,104,1181,0,12,-0.5000000000000004,0.8660254037844384,0.6867,90.45
84.03,258,875,0,9,-0.8660254037844385,-0.5000000000000004,5.5176,88.67
449.64,111,552,0,7,1.2246467991473532e-16,-1.0,2.812,462.29
728.63,267,651,0,2,0.49999999999999994,0.8660254037844387,3.7605,756.03
825.5,320,953,1,6,0.49999999999999994,-0.8660254037844387,3.5254,854.6
542.38,24,1128,0,11,-0.8660254037844386,0.5000000000000001,0.1998,543.46
5000.0,8,1617,1,5,0.8660254037844387,-0.4999999999999998,-0.7784,4961.08
622.59,344,1458,2,10,-1.0,-1.8369701987210297e-16,4.0248,647.65
3489.37,190,505,0,9,-0.8660254037844385,-0.5000000000000004,4.7701,3655.82
3907.94,185,313,1,4,1.0,6.123233995736766e-17,-1.9391,3832.16
379.93,169,733,0,2,0.49999999999999994,0.8660254037844387,2.4815,389.36
108.87,158,1294,0,1,0.0,1.0,4.481,113.75
238.6,252,1066,1,4,1.0,6.123233995736766e-17,4.0945,248.37
229.8,212,513,0,4,1.0,6.123233995736766e-17,2.4784,235.49
2355.48,59,174,0,8,-0.4999999999999997,-0.8660254037844388,1.9178,2400.66
3886.76,229,650,2,7,1.2246467991473532e-16,-1.0,2.7722,3994.51
119.8,244,1088,0,6,0.49999999999999994,-0.8660254037844387,9.3552,131.0
56.7,41,1086,1,9,-0.8660254037844385,-0.5000000000000004,4.339,59.16
2420.14,137,893,1,10,-1.0,-1.8369701987210297e-16,3.0931,2495.0
596.32,289,531,0,9,-0.8660254037844385,-0.5000000000000004,7.9089,643.49
1323.83,226,385,1,11,-0.8660254037844386,0.5000000000000001,2.9391,1362.73
293.13,49,1460,0,5,0.8660254037844387,-0.4999999999999998,3.3159,302.85
96.03,14,671,0,10,-1.0,-1.8369701987210297e-16,1.7305,97.69
203.71,212,1572,2,6,0.49999999999999994,-0.8660254037844387,8.469,220.96
58.21,168,715,0,3,0.8660254037844386,0.5000000000000001,1.6579,59.18
305.49,351,972,1,2,0.49999999999999994,0.8660254037844387,2.4876,313.09
82.35,191,977,0,2,0.49999999999999994,0.8660254037844387,0.9697,83.15
386.68,340,563,0,12,-0.5000000000000004,0.8660254037844384,-0.1128,386.24
2613.39,78,1523,1,3,0.8660254037844386,0.5000000000000001,-0.9425,2588.76
59.48,163,874,1,11,-0.8660254037844386,0.5000000000000001,1.0234,60.09
3809.94,51,1158,0,10,-1.0,-1.8369701987210297e-16,0.5185,3829.69
107.24,210,1522,1,6,0.49999999999999994,-0.8660254037844387,6.6122,114.33
975.36,68,601,0,11,-0.8660254037844386,0.5000000000000001,0.4471,979.73
123.64,180,385,0,11,-0.8660254037844386,0.5000000000000001,3.6779,128.19
3268.83,125,1548,1,12,-0.5000000000000004,0.8660254037844384,0.3637,3280.72
57.66,67,1260,1,6,0.49999999999999994,-0.8660254037844387,4.5308,60.28
409.16,35,1196,0,4,1.0,6.123233995736766e-17,1.6013,415.72
5000.0,187,1660,1,1,0.0,1.0,3.3501,5167.51
57.44,346,85,0,11,-0.8660254037844386,0.5000000000000001,2.4292,58.83
2231.01,72,1738,2,11,-0.8660254037844386,0.5000000000000001,1.1353,2256.34
1181.84,148,390,1,7,1.2246467991473532e-16,-1.0,1.4969,1199.53
167.6,82,256,0,1,0.0,1.0,-0.5579,166.67
52.21,296,362,0,10,-1.0,-1.8369701987210297e-16,7.231,55.98
2150.35,151,685,2,4,1.0,6.123233995736766e-17,2.0746,2194.96
2599.48,356,368,2,7,1.2246467991473532e-16,-1.0,2.0119,2651.78
66.83,89,227,0,8,-0.4999999999999997,-0.8660254037844388,2.2185,68.31
2578.14,29,751,0,2,0.49999999999999994,0.8660254037844387,1.4911,2616.58
2238.45,213,587,0,1,0.0,1.0,0.7755,2255.81
730.89,238,1003,2,1,0.0,1.0,0.1663,732.11
1548.16,362,479,2,12,-0.5000000000000004,0.8660254037844384,-0.3968,1542.01
74.89,318,1637,1,12,-0.5000000000000004,0.8660254037844384,2.6976,76.91
443.55,323,529,0,6,0.49999999999999994,-0.8660254037844387,7.9404,478.77
4698.97,232,1053,2,6,0.49999999999999994,-0.8660254037844387,2.7216,4826.86
1441.31,131,252,0,5,0.8660254037844387,-0.4999999999999998,1.4518,1462.23
138.59,157,353,0,5,0.8660254037844387,-0.4999999999999998,4.752,145.17
755.03,48,386,0,7,1.2246467991473532e-16,-1.0,1.348,765.21
166.89,157,1458,0,5,0.8660254037844387,-0.4999999999999998,3.5481,172.82
116.05,133,517,1,8,-0.4999999999999997,-0.8660254037844388,4.1241,120.83
117.04,13,793,0,5,0.8660254037844387,-0.4999999999999998,2.8446,120.37
119.55,74,837,0,8,-0.4999999999999997,-0.8660254037844388,3.3226,123.53
375.08,195,248,1,12,-0.5000000000000004,0.8660254037844384,0.969,378.72
186.17,135,555,0,3,0.8660254037844386,0.5000000000000001,2.2625,190.39
1389.15,363,162,0,1,0.0,1.0,-1.8306,1363.72
2591.28,175,299,0,7,1.2246467991473532e-16,-1.0,4.8902,2718.0
525.75,350,1028,0,2,0.49999999999999994,0.8660254037844387,2.2455,537.55
122.04,241,872,0,3,0.8660254037844386,0.5000000000000001,4.6828,127.75
5000.0,14,952,1,10,-1.0,-1.8369701987210297e-16,3.178,5158.9
48.83,74,355,0,6,0.49999999999999994,-0.8660254037844387,3.7702,50.67
684.68,258,953,0,7,1.2246467991473532e-16,-1.0,4.9679,718.69
171.1,199,1558,1,10,-1.0,-1.8369701987210297e-16,5.8124,181.04
4830.62,110,1282,0,2,0.49999999999999994,0.8660254037844387,-0.7884,4792.53
185.85,191,486,1,6,0.49999999999999994,-0.8660254037844387,7.3073,199.43
4866.68,330,1037,0,1,0.0,1.0,1.297,4929.8
4117.88,142,662,2,6,0.49999999999999994,-0.8660254037844387,1.6056,4184.0
4982.68,16,1299,0,3,0.8660254037844386,0.5000000000000001,3.4435,5154.26
1957.39,113,812,1,11,-0.8660254037844386,0.5000000000000001,0.9989,1976.95
1841.39,342,1294,1,4,1.0,6.123233995736766e-17,6.2044,1955.64
4311.72,278,895,1,3,0.8660254037844386,0.5000000000000001,1.8521,4391.58
155.49,306,1216,1,1,0.0,1.0,2.4116,159.24
2755.83,333,1406,0,2,0.49999999999999994,0.8660254037844387,-1.8737,2704.19
62.93,43,241,0,3,0.8660254037844386,0.5000000000000001,1.9838,64.18
324.04,103,1588,2,3,0.8660254037844386,0.5000000000000001,1.5212,328.97
325.18,21,1049,2,9,-0.8660254037844385,-0.5000000000000004,1.4615,329.93
4073.83,1,251,0,11,-0.8660254037844386,0.5000000000000001,-0.9494,4035.15
214.91,305,858,1,11,-0.8660254037844386,0.5000000000000001,3.2414,221.88
515.05,342,353,1,12,-0.5000000000000004,0.8660254037844384,0.0574,515.34
964.79,57,922,1,11,-0.8660254037844386,0.5000000000000001,0.6911,971.46
1114.71,264,866,2,6,0.49999999999999994,-0.8660254037844387,3.9205,1158.41
81.0,195,792,1,5,0.8660254037844387,-0.4999999999999998,5.5833,85.53
642.55,25,691,0,8,-0.4999999999999997,-0.8660254037844388,2.4814,658.5
1013.51,335,1034,1,4,1.0,6.123233995736766e-17,3.0994,1044.92
4059.53,318,1248,0,8,-0.4999999999999997,-0.8660254037844388,4.9471,4260.36
4075.25,207,616,0,12,-0.5000000000000004,0.8660254037844384,-0.5164,4054.21
101.37,259,140,1,3,0.8660254037844386,0.5000000000000001,1.0251,102.41
134.19,145,986,1,10,-1.0,-1.8369701987210297e-16,3.7419,139.22
1525.83,290,1420,0,12,-0.5000000000000004,0.8660254037844384,1.2147,1544.36
470.88,162,830,1,7,1.2246467991473532e-16,-1.0,2.8135,484.13
1221.76,362,223,0,5,0.8660254037844387,-0.4999999999999998,5.4662,1288.54
3252.57,23,1357,0,4,1.0,6.123233995736766e-17,0.8943,3281.66
47.74,63,764,1,3,0.8660254037844386,0.5000000000000001,2.2666,48.82
2839.58,354,731,1,4,1.0,6.123233995736766e-17,2.9945,2924.61
145.38,105,475,0,9,-0.8660254037844385,-0.5000000000000004,2.6909,149.29
5000.0,113,1109,0,7,1.2246467991473532e-16,-1.0,1.5402,5077.01
293.14,289,401,1,3,0.8660254037844386,0.5000000000000001,0.4971,294.6
2844.6,69,938,0,7,1.2246467991473532e-16,-1.0,2.284,2909.57
111.17,187,750,2,10,-1.0,-1.8369701987210297e-16,3.1073,114.62
527.0,104,606,0,1,0.0,1.0,0.0433,527.23
55.0,72,617,2,1,0.0,1.0,-2.141,53.83
1813.65,352,1220,0,12,-0.5000000000000004,0.8660254037844384,-1.4821,1786.77
3945.4,73,705,0,9,-0.8660254037844385,-0.5000000000000004,3.0177,4064.46
3212.19,34,1395,0,7,1.2246467991473532e-16,-1.0,4.621,3360.62
1396.16,246,1325,1,11,-0.8660254037844386,0.5000000000000001,3.5741,1446.06
101.97,317,1560,2,8,-0.4999999999999997,-0.8660254037844388,4.5199,106.58
4797.44,46,700,0,7,1.2246467991473532e-16,-1.0,4.4713,5011.95
307.2,259,1426,0,3,0.8660254037844386,0.5000000000000001,4.4337,320.82
991.26,197,896,0,10,-1.0,-1.8369701987210297e-16,4.0349,1031.26
170.55,303,847,1,10,-1.0,-1.8369701987210297e-16,3.3267,176.23
2140.09,46,550,0,4,1.0,6.123233995736766e-17,0.6107,2153.16
346.75,357,1555,2,9,-0.8660254037844385,-0.5000000000000004,7.8376,373.93
255.06,226,415,0,9,-0.8660254037844385,-0.5000000000000004,6.8915,272.64
59.67,308,1443,1,2,0.49999999999999994,0.8660254037844387,3.0255,61.48
643.84,132,615,1,2,0.49999999999999994,0.8660254037844387,0.3684,646.21
180.07,345,1155,0,8,-0.4999999999999997,-0.8660254037844388,3.811,186.93
3196.66,229,455,0,8,-0.4999999999999997,-0.8660254037844388,6.0051,3388.62
2363.02,46,1579,2,8,-0.4999999999999997,-0.8660254037844388,3.2299,2439.35
5000.0,337,1261,0,5,0.8660254037844387,-0.4999999999999998,5.6729,5283.64
334.88,291,1168,1,11,-0.8660254037844386,0.5000000000000001,2.2054,342.27
1424.31,109,1800,2,6,0.49999999999999994,-0.8660254037844387,3.1531,1469.23
403.78,199,790,0,3,0.8660254037844386,0.5000000000000001,4.7463,422.94
4230.42,142,1536,2,2,0.49999999999999994,0.8660254037844387,0.2174,4239.62
226.53,198,849,0,11,-0.8660254037844386,0.5000000000000001,6.8291,242.0
175.78,353,340,1,9,-0.8660254037844385,-0.5000000000000004,5.9732,186.28
253.74,329,653,0,6,0.49999999999999994,-0.8660254037844387,4.9752,266.37
355.2,78,92,0,3,0.8660254037844386,0.5000000000000001,-0.4729,353.52
3458.21,355,1012,0,2,0.49999999999999994,0.8660254037844387,1.3993,3506.6
99.42,160,266,0,2,0.49999999999999994,0.8660254037844387,2.3418,101.75
917.66,257,517,0,2,0.49999999999999994,0.8660254037844387,3.1824,946.87
247.14,279,1313,0,7,1.2246467991473532e-16,-1.0,9.3877,270.34
83.24,176,1334,1,3,0.8660254037844386,0.5000000000000001,2.1671,85.04
3857.63,167,534,0,2,0.49999999999999994,0.8660254037844387,1.0132,3896.71
1946.97,167,780,0,4,1.0,6.123233995736766e-17,4.4766,2034.13
4468.27,315,891,0,9,-0.8660254037844385,-0.5000000000000004,7.092,4785.16
285.95,141,559,0,6,0.49999999999999994,-0.8660254037844387,2.7108,293.71
1953.57,102,1136,0,2,0.49999999999999994,0.8660254037844387,1.4002,1980.92
805.21,132,259,0,9,-0.8660254037844385,-0.5000000000000004,0.8295,811.88
869.24,71,833,1,6,0.49999999999999994,-0.8660254037844387,2.1161,887.64
48.95,143,508,1,3,0.8660254037844386,0.5000000000000001,-0.3637,48.77
73.09,41,1113,1,9,-0.8660254037844385,-0.5000000000000004,2.1396,74.66
129.62,32,977,0,12,-0.5000000000000004,0.8660254037844384,-1.5836,127.56
1889.72,264,1378,2,7,1.2246467991473532e-16,-1.0,2.8219,1943.04
1937.52,28,725,1,2,0.49999999999999994,0.8660254037844387,-2.8578,1882.15
905.34,207,618,1,4,1.0,6.123233995736766e-17,2.8066,930.75
83.88,285,93,0,8,-0.4999999999999997,-0.8660254037844388,5.3519,88.37
2281.08,265,1298,0,12,-0.5000000000000004,0.8660254037844384,-0.4637,2270.5
72.63,163,525,0,12,-0.5000000000000004,0.8660254037844384,5.7571,76.81
3741.4,70,1143,0,12,-0.5000000000000004,0.8660254037844384,-0.7595,3712.98
270.51,340,689,1,10,-1.0,-1.8369701987210297e-16,2.1354,276.28
1319.38,305,528,0,7,1.2246467991473532e-16,-1.0,6.305,1402.56
88.44,224,386,0,8,-0.4999999999999997,-0.8660254037844388,5.3449,93.17
245.49,31,1182,0,9,-0.8660254037844385,-0.5000000000000004,1.9941,250.38
427.55,12,461,0,9,-0.8660254037844385,-0.5000000000000004,2.3038,437.4
432.87,115,476,0,8,-0.4999999999999997,-0.8660254037844388,2.9173,445.5
84.54,57,1071,0,2,0.49999999999999994,0.8660254037844387,0.6789,85.12
639.36,314,799,0,11,-0.8660254037844386,0.5000000000000001,5.4446,674.17
77.88,75,1131,0,1,0.0,1.0,1.321,78.91
2962.88,103,367,1,6,0.49999999999999994,-0.8660254037844387,3.1613,3056.55
456.55,357,1785,2,6,0.49999999999999994,-0.8660254037844387,4.9195,479.01
342.05,299,737,2,12,-0.5000000000000004,0.8660254037844384,1.6779,347.79
567.46,80,337,1,2,0.49999999999999994,0.8660254037844387,-2.1102,555.48
1447.44,140,204,0,6,0.49999999999999994,-0.8660254037844387,1.862,1474.39
59.06,188,615,1,5,0.8660254037844387,-0.4999999999999998,3.5739,61.17
1389.11,243,1129,2,2,0.49999999999999994,0.8660254037844387,-0.3488,1384.26
2590.83,342,157,0,3,0.8660254037844386,0.5000000000000001,3.3607,2677.9
406.07,318,951,0,6,0.49999999999999994,-0.8660254037844387,7.2745,435.61
56.46,357,1162,1,11,-0.8660254037844386,0.5000000000000001,0.6666,56.84
178.58,14,1176,0,5,0.8660254037844387,-0.4999999999999998,5.5948,188.57
2983.96,86,225,1,11,-0.8660254037844386,0.5000000000000001,-0.0054,2983.8
62.34,206,185,0,9,-0.8660254037844385,-0.5000000000000004,5.8406,65.98
41.44,17,343,0,10,-1.0,-1.8369701987210297e-16,0.9987,41.85
3899.37,130,844,1,11,-0.8660254037844386,0.5000000000000001,-1.6979,3833.16
2914.83,56,977,1,9,-0.8660254037844385,-0.5000000000000004,-0.1362,2910.86
350.47,341,475,1,9,-0.8660254037844385,-0.5000000000000004,7.2012,375.71
44.67,23,668,1,2,0.49999999999999994,0.8660254037844387,-2.8041,43.42
801.23,54,1164,2,9,-0.8660254037844385,-0.5000000000000004,-0.4108,797.94
2307.75,71,837,0,1,0.0,1.0,-1.0915,2282.56
193.23,54,1243,3,9,-0.8660254037844385,-0.5000000000000004,-0.1936,192.85
116.53,208,977,0,8,-0.4999999999999997,-0.8660254037844388,6.8343,124.5
3937.0,133,1145,0,10,-1.0,-1.8369701987210297e-16,3.3241,4067.87
2193.64,333,1439,1,8,-0.4999999999999997,-0.8660254037844388,6.0525,2326.41
506.31,95,1450,0,5,0.8660254037844387,-0.4999999999999998,2.8779,520.88
3184.04,196,809,2,5,0.8660254037844387,-0.4999999999999998,2.9892,3279.21
750.23,241,522,0,8,-0.4999999999999997,-0.8660254037844388,7.5666,807.0
3543.77,229,451,0,6,0.49999999999999994,-0.8660254037844387,2.0255,3615.55
70.13,291,554,0,5,0.8660254037844387,-0.4999999999999998,7.1936,75.17
393.94,73,1012,1,6,0.49999999999999994,-0.8660254037844387,4.8301,412.97
1260.5,185,1055,1,7,1.2246467991473532e-16,-1.0,4.3596,1315.45
239.74,293,146,0,3,0.8660254037844386,0.5000000000000001,2.6699,246.14
323.35,315,1499,0,8,-0.4999999999999997,-0.8660254037844388,7.2753,346.88
910.81,226,106,0,4,1.0,6.123233995736766e-17,0.6808,917.01
778.58,238,628,0,4,1.0,6.123233995736766e-17,0.8543,785.23
180.25,316,872,1,6,0.49999999999999994,-0.8660254037844387,7.4387,193.66
355.63,228,675,1,2,0.49999999999999994,0.8660254037844387,-0.4969,353.86
1105.84,347,362,0,8,-0.4999999999999997,-0.8660254037844388,3.5792,1145.42
933.65,46,817,0,9,-0.8660254037844385,-0.5000000000000004,1.7228,949.74
300.81,127,244,1,12,-0.5000000000000004,0.8660254037844384,0.1406,301.23
186.22,41,1127,0,4,1.0,6.123233995736766e-17,1.7059,189.4
90.51,33,1034,0,7,1.2246467991473532e-16,-1.0,3.3746,93.56
3043.09,172,1397,1,7,1.2246467991473532e-16,-1.0,5.7407,3217.79
2728.13,82,1233,0,9,-0.8660254037844385,-0.5000000000000004,2.4425,2794.76
1063.93,149,1337,0,8,-0.4999999999999997,-0.8660254037844388,3.5077,1101.25
552.65,160,260,0,10,-1.0,-1.8369701987210297e-16,2.6806,567.47
111.16,227,1441,1,11,-0.8660254037844386,0.5000000000000001,3.1719,114.69
406.76,346,866,0,2,0.49999999999999994,0.8660254037844387,3.1089,419.41
386.84,310,450,1,5,0.8660254037844387,-0.4999999999999998,4.9765,406.1
543.99,138,1477,0,8,-0.4999999999999997,-0.8660254037844388,4.75,569.83
177.32,119,1226,0,7,1.2246467991473532e-16,-1.0,6.7498,189.29
74.6,282,565,1,6,0.49999999999999994,-0.8660254037844387,3.4493,77.17
4785.46,45,1341,0,3,0.8660254037844386,0.5000000000000001,2.2751,4894.33
749.87,197,1109,0,7,1.2246467991473532e-16,-1.0,4.1155,780.73
2698.2,154,695,0,9,-0.8660254037844385,-0.5000000000000004,0.7888,2719.48
937.38,66,443,1,1,0.0,1.0,-2.6183,912.83
2608.66,225,1109,0,8,-0.4999999999999997,-0.8660254037844388,4.5051,2726.18
165.08,117,1500,1,11,-0.8660254037844386,0.5000000000000001,0.8571,166.5
63.53,67,325,0,7,1.2246467991473532e-16,-1.0,2.5153,65.12
597.5,239,45,0,12,-0.5000000000000004,0.8660254037844384,2.149,610.34
529.99,63,379,0,5,0.8660254037844387,-0.4999999999999998,0.9778,535.17
65.42,246,474,0,1,0.0,1.0,-1.3659,64.52
778.52,59,660,1,9,-0.8660254037844385,-0.5000000000000004,1.4229,789.6
144.78,159,1466,0,3,0.8660254037844386,0.5000000000000001,6.0828,153.59
104.27,295,1800,2,1,0.0,1.0,0.4913,104.78
5000.0,83,1021,0,3,0.8660254037844386,0.5000000000000001,-0.5897,4970.51
541.21,280,361,0,12,-0.5000000000000004,0.8660254037844384,0.9891,546.56
185.41,264,353,0,10,-1.0,-1.8369701987210297e-16,6.0062,196.55
56.9,330,265,1,4,1.0,6.123233995736766e-17,3.135,58.68
4246.78,61,1197,0,8,-0.4999999999999997,-0.8660254037844388,1.7958,4323.05
3468.43,261,506,1,5,0.8660254037844387,-0.4999999999999998,3.7599,3598.84
192.71,342,1512,2,3,0.8660254037844386,0.5000000000000001,3.6663,199.78
391.81,279,1015,1,12,-0.5000000000000004,0.8660254037844384,2.8428,402.95
993.01,68,754,0,10,-1.0,-1.8369701987210297e-16,0.0973,993.98
103.73,300,1596,1,5,0.8660254037844387,-0.4999999999999998,4.8612,108.77
472.84,39,272,0,5,0.8660254037844387,-0.4999999999999998,3.4784,489.29
130.31,215,720,0,10,-1.0,-1.8369701987210297e-16,4.6653,136.39
117.12,182,421,0,6,0.49999999999999994,-0.8660254037844387,6.2093,124.4
684.55,194,466,1,5,0.8660254037844387,-0.4999999999999998,3.0159,705.19
261.07,190,1418,0,5,0.8660254037844387,-0.4999999999999998,6.6591,278.46
688.17,11,1064,1,6,0.49999999999999994,-0.8660254037844387,2.805,707.47
130.43,185,368,1,7,1.2246467991473532e-16,-1.0,3.7739,135.35
360.47,342,201,0,1,0.0,1.0,2.8135,370.61
3429.19,159,499,0,6,0.49999999999999994,-0.8660254037844387,2.3373,3509.34
577.32,101,1447,1,6,0.49999999999999994,-0.8660254037844387,6.2438,613.37
396.24,364,256,0,4,1.0,6.123233995736766e-17,5.4222,417.72
558.63,36,1124,0,5,0.8660254037844387,-0.4999999999999998,2.415,572.13
2054.75,177,198,0,6,0.49999999999999994,-0.8660254037844387,3.0482,2117.39
1149.71,187,897,2,5,0.8660254037844387,-0.4999999999999998,3.0415,1184.68
55.59,174,805,0,11,-0.8660254037844386,0.5000000000000001,2.687,57.08
63.96,337,232,0,7,1.2246467991473532e-16,-1.0,8.2272,69.22
680.94,154,622,0,7,1.2246467991473532e-16,-1.0,3.8052,706.85
1474.44,356,434,0,4,1.0,6.123233995736766e-17,1.3351,1494.13
62.64,24,448,3,11,-0.8660254037844386,0.5000000000000001,-1.6257,61.62
353.79,268,46,0,1,0.0,1.0,2.0061,360.89
835.06,217,492,1,7,1.2246467991473532e-16,-1.0,5.7712,883.26
373.49,88,1330,1,3,0.8660254037844386,0.5000000000000001,1.42,378.79
898.9,83,99,0,10,-1.0,-1.8369701987210297e-16,-0.2125,896.99
247.44,263,955,1,5,0.8660254037844387,-0.4999999999999998,4.826,259.38
743.2,233,530,2,4,1.0,6.123233995736766e-17,0.9296,750.11
1526.49,223,537,1,1,0.0,1.0,-3.3153,1475.88
3690.45,18,505,1,10,-1.0,-1.8369701987210297e-16,-1.7239,3626.83
874.4,218,539,0,5,0.8660254037844387,-0.4999999999999998,4.6896,915.41
288.23,359,1253,1,4,1.0,6.123233995736766e-17,4.316,300.67
1361.85,6,658,0,11,-0.8660254037844386,0.5000000000000001,-1.1014,1346.85
1533.84,171,188,1,1,0.0,1.0,0.6621,1543.99
262.94,180,255,0,6,0.49999999999999994,-0.8660254037844387,2.9278,270.64
241.55,328,670,1,2,0.49999999999999994,0.8660254037844387,1.0305,244.04
88.62,103,744,2,2,0.49999999999999994,0.8660254037844387,0.6549,89.2
1266.5,174,1097,1,1,0.0,1.0,-0.6266,1258.57
352.35,262,555,0,3,0.8660254037844386,0.5000000000000001,1.7094,358.37
104.6,22,1308,1,12,-0.5000000000000004,0.8660254037844384,2.3618,107.07
645.43,293,874,2,6,0.49999999999999994,-0.8660254037844387,3.0902,665.38
5000.0,300,1247,1,12,-0.5000000000000004,0.8660254037844384,0.4428,5022.14
45.04,263,321,2,4,1.0,6.123233995736766e-17,3.3509,46.55
727.08,237,1718,1,10,-1.0,-1.8369701987210297e-16,3.3263,751.27
5000.0,273,1800,2,2,0.49999999999999994,0.8660254037844387,-1.229,4938.55
3795.35,286,446,0,2,0.49999999999999994,0.8660254037844387,3.8289,3940.67
199.4,330,385,0,1,0.0,1.0,1.0418,201.47
77.81,156,202,1,11,-0.8660254037844386,0.5000000000000001,0.7012,78.36
456.32,166,1800,2,9,-0.8660254037844385,-0.5000000000000004,4.0812,474.95
153.05,233,100,0,9,-0.8660254037844385,-0.5000000000000004,7.268,164.17
321.99,70,48,0,12,-0.5000000000000004,0.8660254037844384,-1.3243,317.73
596.1,313,186,0,4,1.0,6.123233995736766e-17,1.8087,606.88
1659.78,282,696,1,9,-0.8660254037844385,-0.5000000000000004,4.6074,1736.26
1250.4,230,1800,2,7,1.2246467991473532e-16,-1.0,7.6394,1345.93
2538.82,110,357,1,7,1.2246467991473532e-16,-1.0,2.7967,2609.82
1597.66,127,874,0,8,-0.4999999999999997,-0.8660254037844388,3.6316,1655.68
600.47,159,992,0,6,0.49999999999999994,-0.8660254037844387,5.4922,633.45
102.85,242,1582,2,1,0.0,1.0,-1.4642,101.35
2371.49,284,1063,0,1,0.0,1.0,0.8437,2391.49
1795.99,245,1479,0,7,1.2246467991473532e-16,-1.0,2.9389,1848.77
255.19,340,1008,0,7,1.2246467991473532e-16,-1.0,6.568,271.96
177.15,351,1485,1,9,-0.8660254037844385,-0.5000000000000004,5.1543,186.28
944.35,257,510,0,7,1.2246467991473532e-16,-1.0,1.2018,955.7
66.63,135,638,0,3,0.8660254037844386,0.5000000000000001,2.5818,68.35
2238.99,219,1118,0,5,0.8660254037844387,-0.4999999999999998,5.2103,2355.64
174.72,155,1652,2,6,0.49999999999999994,-0.8660254037844387,4.1864,182.03
544.94,230,52,0,12,-0.5000000000000004,0.8660254037844384,-1.6748,535.81
190.92,297,676,0,7,1.2246467991473532e-16,-1.0,8.4285,207.01
535.91,135,1213,0,8,-0.4999999999999997,-0.8660254037844388,7.7043,577.2
1588.26,185,210,0,9,-0.8660254037844385,-0.5000000000000004,3.3604,1641.63
165.87,16,627,1,5,0.8660254037844387,-0.4999999999999998,1.3952,168.18
57.8,269,975,1,12,-0.5000000000000004,0.8660254037844384,2.0775,59.0
50.88,179,165,0,9,-0.8660254037844385,-0.5000000000000004,4.5179,53.18
86.47,168,1706,2,11,-0.8660254037844386,0.5000000000000001,2.1832,88.36
381.07,194,580,0,9,-0.8660254037844385,-0.5000000000000004,4.8703,399.63
87.61,78,1613,2,8,-0.4999999999999997,-0.8660254037844388,4.4948,91.55
318.37,218,667,0,1,0.0,1.0,0.5533,320.13
1204.32,272,630,0,8,-0.4999999999999997,-0.8660254037844388,3.8864,1251.13
3768.8,127,1611,2,2,0.49999999999999994,0.8660254037844387,-0.8738,3735.87
162.69,48,1507,2,8,-0.4999999999999997,-0.8660254037844388,3.9594,169.13
3048.5,141,927,1,9,-0.8660254037844385,-0.5000000000000004,0.4333,3061.71
4728.78,72,828,1,7,1.2246467991473532e-16,-1.0,2.5091,4847.43
1105.86,136,1399,1,4,1.0,6.123233995736766e-17,2.1909,1130.09
1750.15,229,1203,1,1,0.0,1.0,0.1413,1752.63
601.11,41,1470,0,9,-0.8660254037844385,-0.5000000000000004,5.1142,631.85
60.66,273,530,0,9,-0.8660254037844385,-0.5000000000000004,7.2005,65.03
3502.03,82,359,1,6,0.49999999999999994,-0.8660254037844387,2.58,3592.38
3417.66,327,449,1,9,-0.8660254037844385,-0.5000000000000004,6.271,3631.98
238.56,268,1223,2,10,-1.0,-1.8369701987210297e-16,4.8274,250.07
105.91,99,501,0,7,1.2246467991473532e-16,-1.0,4.8116,111.01
76.92,206,1223,0,1,0.0,1.0,1.7927,78.3
612.87,40,1319,0,11,-0.8660254037844386,0.5000000000000001,0.3553,615.04
3064.46,36,424,1,6,0.49999999999999994,-0.8660254037844387,2.0488,3127.24
74.89,349,1486,0,9,-0.8660254037844385,-0.5000000000000004,6.1546,79.5
900.99,293,1126,2,11,-0.8660254037844386,0.5000000000000001,-0.2799,898.47
2099.8,56,429,0,5,0.8660254037844387,-0.4999999999999998,1.1549,2124.05
232.8,103,337,0,8,-0.4999999999999997,-0.8660254037844388,5.3608,245.28
709.15,72,452,1,1,0.0,1.0,-5.069,673.2
379.07,144,730,0,11,-0.8660254037844386,0.5000000000000001,4.0944,394.59
50.05,106,314,1,1,0.0,1.0,0.6889,50.39
397.55,120,235,0,7,1.2246467991473532e-16,-1.0,3.4643,411.32
83.52,193,1142,0,5,0.8660254037844387,-0.4999999999999998,5.7753,88.34
1234.24,69,930,1,1,0.0,1.0,0.653,1242.3
227.56,323,1259,2,6,0.49999999999999994,-0.8660254037844387,5.7475,240.64
1874.16,266,517,0,12,-0.5000000000000004,0.8660254037844384,2.6889,1924.56
785.24,278,854,0,3,0.8660254037844386,0.5000000000000001,4.206,818.27
3563.1,62,642,1,4,1.0,6.123233995736766e-17,0.761,3590.21
1342.61,259,740,3,3,0.8660254037844386,0.5000000000000001,-1.0551,1328.45
1528.94,306,996,1,2,0.49999999999999994,0.8660254037844387,1.5252,1552.26
155.63,64,323,1,3,0.8660254037844386,0.5000000000000001,-2.9246,151.08
426.8,274,1047,0,7,1.2246467991473532e-16,-1.0,7.0517,456.9
2015.39,130,1503,1,10,-1.0,-1.8369701987210297e-16,1.3789,2043.18
1619.43,288,1308,2,9,-0.8660254037844385,-0.5000000000000004,2.8847,1666.14
1388.97,175,1270,2,10,-1.0,-1.8369701987210297e-16,2.8797,1428.97
65.21,293,1671,1,9,-0.8660254037844385,-0.5000000000000004,3.8328,67.71
42.84,53,456,1,5,0.8660254037844387,-0.4999999999999998,2.6415,43.97
78.27,142,1493,2,11,-0.8660254037844386,0.5000000000000001,1.2776,79.27
45.2,100,347,0,3,0.8660254037844386,0.5000000000000001,1.1651,45.73
1265.98,90,45,0,9,-0.8660254037844385,-0.5000000000000004,2.018,1291.53
578.67,112,884,3,2,0.49999999999999994,0.8660254037844387,1.825,589.23
515.82,139,776,0,10,-1.0,-1.8369701987210297e-16,3.4369,533.54
52.05,46,137,0,2,0.49999999999999994,0.8660254037844387,1.6449,52.9
1590.94,258,450,0,3,0.8660254037844386,0.5000000000000001,3.946,1653.72
55.16,201,253,1,5,0.8660254037844387,-0.4999999999999998,4.7766,57.79
118.61,303,567,1,9,-0.8660254037844385,-0.5000000000000004,2.1717,121.19
2645.77,258,1281,1,1,0.0,1.0,0.683,2663.84
982.93,54,266,0,4,1.0,6.123233995736766e-17,-1.0052,973.05
62.85,25,429,0,5,0.8660254037844387,-0.4999999999999998,6.8383,67.14
52.23,154,242,0,9,-0.8660254037844385,-0.5000000000000004,2.2691,53.41
303.43,176,818,2,12,-0.5000000000000004,0.8660254037844384,-1.6596,298.4
951.68,87,1153,0,8,-0.4999999999999997,-0.8660254037844388,-0.1316,950.42
163.44,286,1054,1,7,1.2246467991473532e-16,-1.0,4.7491,171.2
645.53,212,520,1,5,0.8660254037844387,-0.4999999999999998,3.5718,668.59
234.3,273,635,1,10,-1.0,-1.8369701987210297e-16,5.2303,246.55
863.22,39,1189,1,2,0.49999999999999994,0.8660254037844387,-2.2238,844.02
1435.63,298,830,1,2,0.49999999999999994,0.8660254037844387,3.2316,1482.03
2478.74,75,807,1,3,0.8660254037844386,0.5000000000000001,-0.1376,2475.33
146.47,164,1304,0,4,1.0,6.123233995736766e-17,3.2904,151.29
84.82,160,1237,0,6,0.49999999999999994,-0.8660254037844387,6.0717,89.97
69.96,300,400,0,12,-0.5000000000000004,0.8660254037844384,4.6871,73.24
116.62,101,1070,0,8,-0.4999999999999997,-0.8660254037844388,5.1374,122.61
262.78,88,1358,1,5,0.8660254037844387,-0.4999999999999998,1.7646,267.42
67.66,124,1355,0,3,0.8660254037844386,0.5000000000000001,3.4311,69.98
2160.58,132,606,1,8,-0.4999999999999997,-0.8660254037844388,3.6746,2239.97
2982.48,66,1104,0,4,1.0,6.123233995736766e-17,1.3806,3023.66
1198.2,64,550,1,12,-0.5000000000000004,0.8660254037844384,0.4384,1203.45
246.86,84,692,0,6,0.49999999999999994,-0.8660254037844387,0.7923,248.81
985.64,171,150,0,7,1.2246467991473532e-16,-1.0,4.2364,1027.39
761.6,125,924,0,11,-0.8660254037844386,0.5000000000000001,2.8333,783.18
1199.47,143,1136,1,4,1.0,6.123233995736766e-17,0.0141,1199.64
69.51,263,695,0,6,0.49999999999999994,-0.8660254037844387,4.0403,72.32
2804.19,88,746,1,7,1.2246467991473532e-16,-1.0,4.5104,2930.67
217.25,333,580,1,4,1.0,6.123233995736766e-17,5.7552,229.75
199.49,275,1440,2,1,0.0,1.0,3.7402,206.95
387.65,63,1588,1,4,1.0,6.123233995736766e-17,0.9324,391.26
118.47,114,319,1,2,0.49999999999999994,0.8660254037844387,0.3605,118.9
4778.42,67,674,1,9,-0.8660254037844385,-0.5000000000000004,2.0804,4877.83
1067.66,99,923,0,1,0.0,1.0,-2.3399,1042.68
3089.53,133,733,1,4,1.0,6.123233995736766e-17,1.7036,3142.16
2969.08,47,63,0,11,-0.8660254037844386,0.5000000000000001,-0.9502,2940.87
544.88,5,223,1,7,1.2246467991473532e-16,-1.0,2.4488,558.22
1740.91,160,385,0,9,-0.8660254037844385,-0.5000000000000004,1.9877,1775.51
4391.81,256,1453,0,9,-0.8660254037844385,-0.5000000000000004,6.4745,4676.15
107.51,110,1157,1,4,1.0,6.123233995736766e-17,3.0149,110.75
143.75,314,416,0,8,-0.4999999999999997,-0.8660254037844388,8.5803,156.08
230.06,135,126,0,3,0.8660254037844386,0.5000000000000001,2.1504,235.01
1040.58,329,1146,0,8,-0.4999999999999997,-0.8660254037844388,6.5622,1108.86
1696.38,86,746,1,9,-0.8660254037844385,-0.5000000000000004,0.3333,1702.04
226.28,197,618,0,11,-0.8660254037844386,0.5000000000000001,0.5728,227.58
2635.13,279,862,0,12,-0.5000000000000004,0.8660254037844384,4.2064,2745.97
840.56,21,572,3,1,0.0,1.0,-1.7175,826.12
328.43,340,1480,2,4,1.0,6.123233995736766e-17,3.5545,340.1
1046.41,133,501,0,7,1.2246467991473532e-16,-1.0,3.3621,1081.6
2988.95,182,1072,0,4,1.0,6.123233995736766e-17,3.2079,3084.84
234.4,230,798,0,8,-0.4999999999999997,-0.8660254037844388,3.7975,243.31
249.71,235,582,2,11,-0.8660254037844386,0.5000000000000001,0.8737,251.89
1339.58,8,952,0,4,1.0,6.123233995736766e-17,1.6987,1362.33
267.11,317,154,0,11,-0.8660254037844386,0.5000000000000001,3.6888,276.96
124.33,228,1086,0,11,-0.8660254037844386,0.5000000000000001,2.9815,128.03
2539.38,365,741,1,11,-0.8660254037844386,0.5000000000000001,4.8386,2662.25
135.8,172,1021,0,1,0.0,1.0,3.5423,140.61
135.52,224,605,1,4,1.0,6.123233995736766e-17,2.1848,138.48
2695.99,161,637,0,2,0.49999999999999994,0.8660254037844387,-1.4253,2657.56
897.84,325,655,1,2,0.49999999999999994,0.8660254037844387,2.5185,920.45
325.68,304,609,1,1,0.0,1.0,0.9705,328.84
260.14,332,543,0,6,0.49999999999999994,-0.8660254037844387,5.2161,273.71
81.88,184,123,0,2,0.49999999999999994,0.8660254037844387,1.3827,83.01
61.27,289,623,0,4,1.0,6.123233995736766e-17,5.7188,64.78
2831.89,131,411,1,12,-0.5000000000000004,0.8660254037844384,0.3567,2841.99
59.29,168,800,0,11,-0.8660254037844386,0.5000000000000001,2.9604,61.05
48.92,278,304,1,12,-0.5000000000000004,0.8660254037844384,-1.8024,48.04
1156.88,29,58,0,1,0.0,1.0,-0.7609,1148.08
3192.08,260,841,1,8,-0.4999999999999997,-0.8660254037844388,3.254,3295.95
1204.65,5,597,1,8,-0.4999999999999997,-0.8660254037844388,1.8697,1227.17
183.27,212,1321,0,2,0.49999999999999994,0.8660254037844387,2.4684,187.8
145.7,174,429,0,11,-0.8660254037844386,0.5000000000000001,5.5157,153.74
4287.22,171,782,1,5,0.8660254037844387,-0.4999999999999998,5.9444,4542.07
1084.98,180,388,0,12,-0.5000000000000004,0.8660254037844384,-0.2189,1082.61
2931.69,180,1461,1,2,0.49999999999999994,0.8660254037844387,-1.344,2892.29
470.98,149,1509,2,8,-0.4999999999999997,-0.8660254037844388,2.0476,480.63
1483.91,165,295,0,2,0.49999999999999994,0.8660254037844387,0.4371,1490.39
4129.89,207,410,0,12,-0.5000000000000004,0.8660254037844384,-0.3849,4113.99
206.59,279,316,0,8,-0.4999999999999997,-0.8660254037844388,3.76,214.36
169.4,202,264,0,1,0.0,1.0,0.2414,169.81
49.2,235,583,2,3,0.8660254037844386,0.5000000000000001,2.6382,50.5
1904.03,306,1585,2,5,0.8660254037844387,-0.4999999999999998,3.84,1977.14
144.16,362,713,0,1,0.0,1.0,2.4334,147.67
142.96,39,742,2,1,0.0,1.0,-1.5789,140.7
760.55,260,322,0,12,-0.5000000000000004,0.8660254037844384,0.9396,767.69
1476.39,82,960,3,12,-0.5000000000000004,0.8660254037844384,-1.2632,1457.75
339.14,72,978,1,7,1.2246467991473532e-16,-1.0,4.3458,353.88
4740.92,290,1138,0,11,-0.8660254037844386,0.5000000000000001,0.2809,4754.24
108.22,25,1026,1,8,-0.4999999999999997,-0.8660254037844388,3.6632,112.18
616.63,310,1061,1,1,0.0,1.0,1.3314,624.84
747.64,282,425,0,9,-0.8660254037844385,-0.5000000000000004,2.7817,768.44
1115.64,364,1421,0,1,0.0,1.0,2.1745,1139.9
1290.92,244,1422,1,10,-1.0,-1.8369701987210297e-16,4.8976,1354.14
1166.94,319,1323,0,5,0.8660254037844387,-0.4999999999999998,6.5751,1243.67
2201.59,43,1017,0,2,0.49999999999999994,0.8660254037844387,-0.2369,2196.37
2482.57,325,1055,0,4,1.0,6.123233995736766e-17,2.7172,2550.02
3689.4,58,300,1,9,-0.8660254037844385,-0.5000000000000004,-1.2449,3643.47
3179.96,115,279,0,11,-0.8660254037844386,0.5000000000000001,-1.3605,3136.7
428.14,46,237,0,7,1.2246467991473532e-16,-1.0,2.8989,440.56
1317.45,147,748,0,2,0.49999999999999994,0.8660254037844387,0.7608,1327.47
334.65,274,901,0,11,-0.8660254037844386,0.5000000000000001,2.4124,342.72
821.38,98,380,1,10,-1.0,-1.8369701987210297e-16,2.2028,839.47
56.74,300,1139,0,5,0.8660254037844387,-0.4999999999999998,6.8482,60.63
278.95,221,960,1,7,1.2246467991473532e-16,-1.0,1.5203,283.19
3773.36,230,911,0,12,-0.5000000000000004,0.8660254037844384,1.5658,3832.44
1429.74,343,1472,1,5,0.8660254037844387,-0.4999999999999998,6.0336,1516.01
54.16,158,896,0,1,0.0,1.0,2.2018,55.36
427.97,126,288,1,2,0.49999999999999994,0.8660254037844387,0.4832,430.04
311.22,364,1164,0,8,-0.4999999999999997,-0.8660254037844388,6.6205,331.82
2651.1,203,1560,2,12,-0.5000000000000004,0.8660254037844384,0.2148,2656.8
60.76,224,166,0,9,-0.8660254037844385,-0.5000000000000004,4.1799,63.29
842.68,108,830,0,8,-0.4999999999999997,-0.8660254037844388,4.3386,879.24
1344.0,78,824,1,4,1.0,6.123233995736766e-17,0.3147,1348.23
620.98,62,265,0,6,0.49999999999999994,-0.8660254037844387,4.3312,647.88
149.57,81,446,0,1,0.0,1.0,2.3417,153.07
2522.88,71,1502,1,5,0.8660254037844387,-0.4999999999999998,1.4971,2560.65
1889.67,273,719,1,8,-0.4999999999999997,-0.8660254037844388,2.7662,1941.94
266.19,21,921,1,11,-0.8660254037844386,0.5000000000000001,-1.7955,261.41
204.71,230,1701,3,12,-0.5000000000000004,0.8660254037844384,1.6379,208.06
1056.67,347,697,0,10,-1.0,-1.8369701987210297e-16,4.9945,1109.45
334.29,280,1342,0,1,0.0,1.0,3.3027,345.33
254.17,147,991,1,10,-1.0,-1.8369701987210297e-16,3.6346,263.41
517.3,21,1480,0,3,0.8660254037844386,0.5000000000000001,-0.1016,516.78
323.54,305,259,0,8,-0.4999999999999997,-0.8660254037844388,2.3319,331.08
2956.4,1,1338,0,12,-0.5000000000000004,0.8660254037844384,-1.9435,2898.95
3257.21,249,209,0,11,-0.8660254037844386,0.5000000000000001,3.6261,3375.32
1644.11,245,1228,0,8,-0.4999999999999997,-0.8660254037844388,5.7619,1738.84
79.13,70,1008,0,4,1.0,6.123233995736766e-17,3.6298,82.0
240.52,270,941,1,7,1.2246467991473532e-16,-1.0,7.3049,258.09
147.39,64,1535,1,9,-0.8660254037844385,-0.5000000000000004,2.1206,150.51
1216.52,82,1283,2,7,1.2246467991473532e-16,-1.0,3.3194,1256.9
895.65,297,1056,0,5,0.8660254037844387,-0.4999999999999998,5.9557,948.99
5000.0,358,1143,0,5,0.8660254037844387,-0.4999999999999998,3.8578,5192.89
493.6,96,1503,1,8,-0.4999999999999997,-0.8660254037844388,4.5117,515.87
65.23,337,382,0,1,0.0,1.0,4.4855,68.16
970.32,334,1274,0,12,-0.5000000000000004,0.8660254037844384,2.2015,991.68
278.53,281,964,1,2,0.49999999999999994,0.8660254037844387,-0.3266,277.62
78.37,51,161,1,12,-0.5000000000000004,0.8660254037844384,-0.6689,77.84
343.95,109,1382,0,1,0.0,1.0,0.1571,344.49
175.34,248,1365,1,7,1.2246467991473532e-16,-1.0,6.3845,186.53
149.22,365,1462,1,6,0.49999999999999994,-0.8660254037844387,5.5434,157.49
533.46,298,1353,2,7,1.2246467991473532e-16,-1.0,5.4784,562.68
1970.24,153,548,0,6,0.49999999999999994,-0.8660254037844387,5.6316,2081.2
2866.14,86,677,1,11,-0.8660254037844386,0.5000000000000001,-0.1555,2861.68
147.52,351,647,1,1,0.0,1.0,-0.1029,147.37
372.58,101,641,0,12,-0.5000000000000004,0.8660254037844384,1.246,377.23
1887.28,125,235,1,9,-0.8660254037844385,-0.5000000000000004,1.6093,1917.65
5000.0,353,1202,1,10,-1.0,-1.8369701987210297e-16,3.9681,5198.41
3034.74,205,1140,0,2,0.49999999999999994,0.8660254037844387,2.8436,3121.03
635.43,96,1481,0,1,0.0,1.0,-0.0912,634.85
2980.35,1,846,0,5,0.8660254037844387,-0.4999999999999998,0.7934,3004.0
1745.98,157,1631,1,4,1.0,6.123233995736766e-17,0.7873,1759.72
66.67,360,350,0,10,-1.0,-1.8369701987210297e-16,4.9323,69.95
69.46,158,734,0,11,-0.8660254037844386,0.5000000000000001,2.9286,71.49
4635.75,256,1184,0,6,0.49999999999999994,-0.8660254037844387,4.8523,4860.69
4465.64,92,1354,1,10,-1.0,-1.8369701987210297e-16,2.5514,4579.58
475.78,283,1244,1,1,0.0,1.0,0.3419,477.41
1058.24,283,723,0,9,-0.8660254037844385,-0.5000000000000004,4.8598,1109.66
147.74,222,151,0,2,0.49999999999999994,0.8660254037844387,2.2,150.99
1595.33,282,1305,0,9,-0.8660254037844385,-0.5000000000000004,4.1516,1661.57
361.95,211,600,0,5,0.8660254037844387,-0.4999999999999998,2.3666,370.51
271.21,138,1124,1,5,0.8660254037844387,-0.4999999999999998,1.3175,274.78
294.69,270,239,0,4,1.0,6.123233995736766e-17,3.5532,305.16
514.58,305,1517,1,5,0.8660254037844387,-0.4999999999999998,7.6353,553.86
3679.08,307,632,1,11,-0.8660254037844386,0.5000000000000001,0.8739,3711.23
4013.6,77,1738,2,10,-1.0,-1.8369701987210297e-16,1.4014,4069.85
134.57,247,1086,0,5,0.8660254037844387,-0.4999999999999998,2.0324,137.31
158.33,1,525,0,4,1.0,6.123233995736766e-17,1.4842,160.68
179.53,209,583,0,7,1.2246467991473532e-16,-1.0,4.0526,186.81
66.07,209,1800,2,9,-0.8660254037844385,-0.5000000000000004,3.8735,68.63
606.62,133,980,1,3,0.8660254037844386,0.5000000000000001,1.4213,615.24
514.94,363,1144,1,9,-0.8660254037844385,-0.5000000000000004,2.915,529.95
91.93,323,1058,1,12,-0.5000000000000004,0.8660254037844384,7.716,99.02
4277.89,14,391,0,11,-0.8660254037844386,0.5000000000000001,-2.0792,4188.94
1402.58,76,405,1,7,1.2246467991473532e-16,-1.0,3.3656,1449.79
78.23,76,116,1,4,1.0,6.123233995736766e-17,3.2943,80.8
1249.84,328,634,0,4,1.0,6.123233995736766e-17,4.2484,1302.94
255.6,189,1180,2,9,-0.8660254037844385,-0.5000000000000004,1.9555,260.59
848.69,266,722,2,6,0.49999999999999994,-0.8660254037844387,4.3188,885.34
371.8,296,590,2,2,0.49999999999999994,0.8660254037844387,-1.6031,365.84
84.75,280,691,1,9,-0.8660254037844385,-0.5000000000000004,4.5353,88.59
348.03,32,381,0,2,0.49999999999999994,0.8660254037844387,1.8369,354.43
4407.04,51,845,1,12,-0.5000000000000004,0.8660254037844384,-3.2502,4263.81
1676.38,144,848,0,6,0.49999999999999994,-0.8660254037844387,2.9526,1725.87
844.58,123,681,1,5,0.8660254037844387,-0.4999999999999998,5.4712,890.79
1816.01,273,90,0,1,0.0,1.0,-0.0127,1815.78
2091.63,57,669,2,3,0.8660254037844386,0.5000000000000001,-2.3688,2042.09
2987.08,135,651,0,12,-0.5000000000000004,0.8660254037844384,0.8227,3011.66
63.64,86,303,0,7,1.2246467991473532e-16,-1.0,3.45,65.84
103.5,69,1208,0,11,-0.8660254037844386,0.5000000000000001,-2.028,101.4
1630.93,63,352,1,12,-0.5000000000000004,0.8660254037844384,-3.6378,1571.6
3706.56,71,84,0,1,0.0,1.0,1.2529,3753.0
725.69,206,946,0,5,0.8660254037844387,-0.4999999999999998,4.9574,761.66
4852.19,150,953,0,11,-0.8660254037844386,0.5000000000000001,3.6213,5027.9
1200.5,159,1023,0,6,0.49999999999999994,-0.8660254037844387,3.0612,1237.25
62.19,175,659,2,7,1.2246467991473532e-16,-1.0,4.4574,64.96
4185.01,271,1035,0,7,1.2246467991473532e-16,-1.0,5.3028,4406.94
3054.43,315,1301,0,9,-0.8660254037844385,-0.5000000000000004,4.2454,3184.11
634.45,192,925,0,12,-0.5000000000000004,0.8660254037844384,1.9751,646.98
1485.52,235,613,0,11,-0.8660254037844386,0.5000000000000001,0.3138,1490.18
246.86,270,746,0,8,-0.4999999999999997,-0.8660254037844388,7.866,266.28
1036.13,252,1227,0,7,1.2246467991473532e-16,-1.0,6.5578,1104.08
260.93,49,253,0,5,0.8660254037844387,-0.4999999999999998,1.9381,265.99
650.58,359,1098,0,2,0.49999999999999994,0.8660254037844387,3.2971,672.03
823.55,60,437,0,9,-0.8660254037844385,-0.5000000000000004,1.6799,837.38
76.52,150,1490,1,1,0.0,1.0,-1.1166,75.66
58.17,238,248,0,9,-0.8660254037844385,-0.5000000000000004,3.0359,59.93
70.73,147,896,1,6,0.49999999999999994,-0.8660254037844387,4.6225,74.0
786.61,88,867,1,10,-1.0,-1.8369701987210297e-16,1.049,794.87
364.5,337,1218,2,12,-0.5000000000000004,0.8660254037844384,3.0732,375.7
467.04,26,601,0,7,1.2246467991473532e-16,-1.0,4.0528,485.96
377.45,89,251,1,7,1.2246467991473532e-16,-1.0,2.0912,385.34
70.57,363,1568,2,6,0.49999999999999994,-0.8660254037844387,4.9307,74.05
2272.4,267,1407,3,5,0.8660254037844387,-0.4999999999999998,4.1132,2365.87
1446.0,31,1152,1,2,0.49999999999999994,0.8660254037844387,-0.6902,1436.02
1238.67,276,804,0,1,0.0,1.0,0.7257,1247.66
61.82,354,1258,2,9,-0.8660254037844385,-0.5000000000000004,3.8009,64.17
1124.91,35,1098,1,11,-0.8660254037844386,0.5000000000000001,-1.126,1112.24
479.39,151,655,0,1,0.0,1.0,1.4108,486.16
1332.62,171,235,0,4,1.0,6.123233995736766e-17,4.2681,1389.5
52.83,47,217,2,8,-0.4999999999999997,-0.8660254037844388,1.7128,53.73
1653.59,73,831,0,9,-0.8660254037844385,-0.5000000000000004,1.4123,1676.94
3678.86,63,441,1,9,-0.8660254037844385,-0.5000000000000004,4.3782,3839.93
2566.8,67,706,0,9,-0.8660254037844385,-0.5000000000000004,1.7578,2611.92
3489.41,147,1063,1,2,0.49999999999999994,0.8660254037844387,-1.0071,3454.27
71.87,169,912,0,4,1.0,6.123233995736766e-17,3.373,74.29
484.43,87,468,1,6,0.49999999999999994,-0.8660254037844387,2.2519,495.34
167.09,105,1006,0,1,0.0,1.0,3.1347,172.33
766.34,70,1576,2,5,0.8660254037844387,-0.4999999999999998,-0.406,763.23
1221.81,291,571,0,5,0.8660254037844387,-0.4999999999999998,5.3223,1286.84
1236.62,77,217,0,12,-0.5000000000000004,0.8660254037844384,-1.0062,1224.17
5000.0,332,778,0,4,1.0,6.123233995736766e-17,2.9197,5145.98
4683.97,197,943,0,12,-0.5000000000000004,0.8660254037844384,0.6195,4712.99
158.8,293,1208,3,9,-0.8660254037844385,-0.5000000000000004,3.8725,164.95
3801.72,232,917,0,9,-0.8660254037844385,-0.5000000000000004,4.2877,3964.72
3589.47,97,1159,0,10,-1.0,-1.8369701987210297e-16,1.3647,3638.45
1497.1,220,959,1,11,-0.8660254037844386,0.5000000000000001,1.5942,1520.96
189.37,100,1204,0,3,0.8660254037844386,0.5000000000000001,1.0781,191.41
90.36,43,257,0,6,0.49999999999999994,-0.8660254037844387,6.4488,96.19
336.85,93,642,1,7,1.2246467991473532e-16,-1.0,5.2903,354.67
59.0,100,853,0,12,-0.5000000000000004,0.8660254037844384,2.2486,60.33
153.69,49,494,1,1,0.0,1.0,-1.3926,151.55
87.6,8,1626,1,6,0.49999999999999994,-0.8660254037844387,4.5205,91.56
626.85,345,1032,0,3,0.8660254037844386,0.5000000000000001,4.1545,652.89
831.97,187,756,1,3,0.8660254037844386,0.5000000000000001,1.6008,845.29
90.61,147,1311,2,10,-1.0,-1.8369701987210297e-16,1.9697,92.39
3815.8,340,1476,0,3,0.8660254037844386,0.5000000000000001,3.6746,3956.02
52.32,82,125,1,10,-1.0,-1.8369701987210297e-16,3.7183,54.26
318.98,147,855,0,12,-0.5000000000000004,0.8660254037844384,1.6498,324.25
483.14,309,667,0,10,-1.0,-1.8369701987210297e-16,3.7778,501.39
881.81,231,1338,1,3,0.8660254037844386,0.5000000000000001,2.3423,902.46
188.94,146,493,0,2,0.49999999999999994,0.8660254037844387,1.257,191.32
1229.14,93,518,0,6,0.49999999999999994,-0.8660254037844387,2.4355,1259.07
276.87,12,1161,0,7,1.2246467991473532e-16,-1.0,2.6672,284.26
199.81,31,1555,1,10,-1.0,-1.8369701987210297e-16,2.9875,205.77
312.77,59,316,1,6,0.49999999999999994,-0.8660254037844387,4.3181,326.28
86.8,287,940,0,3,0.8660254037844386,0.5000000000000001,7.3755,93.2
5000.0,233,1178,0,12,-0.5000000000000004,0.8660254037844384,2.2667,5113.34
518.75,158,498,2,11,-0.8660254037844386,0.5000000000000001,0.5478,521.59
102.99,286,1008,0,8,-0.4999999999999997,-0.8660254037844388,8.0766,111.31
2637.34,58,1471,0,9,-0.8660254037844385,-0.5000000000000004,1.3474,2672.88
1725.13,77,1272,0,12,-0.5000000000000004,0.8660254037844384,1.2345,1746.43
301.11,143,453,1,6,0.49999999999999994,-0.8660254037844387,5.3107,317.1
5000.0,335,1486,0,2,0.49999999999999994,0.8660254037844387,4.0034,5200.17
470.98,224,706,1,8,-0.4999999999999997,-0.8660254037844388,7.2014,504.89
128.96,311,859,1,6,0.49999999999999994,-0.8660254037844387,5.2311,135.7
1736.91,90,469,0,10,-1.0,-1.8369701987210297e-16,0.5427,1746.33
4281.11,310,1175,1,10,-1.0,-1.8369701987210297e-16,3.012,4410.06
126.23,26,228,0,6,0.49999999999999994,-0.8660254037844387,1.097,127.62
55.29,83,1078,0,5,0.8660254037844387,-0.4999999999999998,5.0536,58.08
657.52,191,327,1,6,0.49999999999999994,-0.8660254037844387,4.5601,687.5
1830.46,18,1274,0,8,-0.4999999999999997,-0.8660254037844388,3.672,1897.67
149.81,314,775,2,8,-0.4999999999999997,-0.8660254037844388,5.635,158.25
4764.77,317,1019,1,7,1.2246467991473532e-16,-1.0,6.7938,5088.48
87.23,198,376,0,7,1.2246467991473532e-16,-1.0,6.2405,92.67
1835.43,111,771,3,12,-0.5000000000000004,0.8660254037844384,-2.4368,1790.71
2105.08,36,78,0,4,1.0,6.123233995736766e-17,-4.6581,2007.02
137.62,226,1470,0,3,0.8660254037844386,0.5000000000000001,3.132,141.93
393.45,196,243,0,10,-1.0,-1.8369701987210297e-16,2.6244,403.77
40.18,278,313,2,12,-0.5000000000000004,0.8660254037844384,1.1427,40.64
992.17,220,793,0,8,-0.4999999999999997,-0.8660254037844388,4.7411,1039.21
804.77,46,1446,0,5,0.8660254037844387,-0.4999999999999998,2.1273,821.89
1393.57,44,165,0,5,0.8660254037844387,-0.4999999999999998,-0.1108,1392.03
430.25,285,416,0,6,0.49999999999999994,-0.8660254037844387,3.7799,446.51
261.08,58,854,0,1,0.0,1.0,1.0011,263.69
92.92,343,938,1,7,1.2246467991473532e-16,-1.0,8.4155,100.74
53.61,38,689,2,4,1.0,6.123233995736766e-17,-0.836,53.16
722.47,266,1496,1,4,1.0,6.123233995736766e-17,3.5188,747.89
3322.46,356,566,0,7,1.2246467991473532e-16,-1.0,6.8338,3549.51
1959.65,161,1030,0,12,-0.5000000000000004,0.8660254037844384,0.7248,1973.85
295.92,20,711,0,3,0.8660254037844386,0.5000000000000001,1.5801,300.6
5000.0,320,897,0,11,-0.8660254037844386,0.5000000000000001,4.4172,5220.86
143.12,68,1526,1,7,1.2246467991473532e-16,-1.0,5.0313,150.32
4714.66,193,519,0,12,-0.5000000000000004,0.8660254037844384,-0.2448,4703.11
168.91,360,1367,1,5,0.8660254037844387,-0.4999999999999998,7.9513,182.34
91.63,272,470,0,12,-0.5000000000000004,0.8660254037844384,2.0375,93.5
2480.32,16,642,1,8,-0.4999999999999997,-0.8660254037844388,1.1498,2508.84
318.4,300,290,2,9,-0.8660254037844385,-0.5000000000000004,4.1879,331.73
2866.96,59,612,1,7,1.2246467991473532e-16,-1.0,1.9897,2924.01
1675.11,274,1060,2,6,0.49999999999999994,-0.8660254037844387,3.97,1741.62
110.01,227,1133,1,7,1.2246467991473532e-16,-1.0,5.4198,115.97
80.87,105,768,1,11,-0.8660254037844386,0.5000000000000001,1.2889,81.91
357.0,155,564,0,10,-1.0,-1.8369701987210297e-16,3.1575,368.28
559.15,43,371,0,1,0.0,1.0,-4.0004,536.78
430.07,361,1567,2,9,-0.8660254037844385,-0.5000000000000004,4.8625,450.99
119.97,87,604,0,11,-0.8660254037844386,0.5000000000000001,-1.0174,118.75
114.63,112,630,2,9,-0.8660254037844385,-0.5000000000000004,2.1554,117.1
670.22,184,1415,0,6,0.49999999999999994,-0.8660254037844387,5.7784,708.95
57.43,246,1196,1,5,0.8660254037844387,-0.4999999999999998,4.78,60.18
457.9,184,1280,0,9,-0.8660254037844385,-0.5000000000000004,5.7572,484.26
51.49,184,792,2,8,-0.4999999999999997,-0.8660254037844388,5.0828,54.11
2806.6,213,671,0,5,0.8660254037844387,-0.4999999999999998,0.5018,2820.68
1012.66,313,1107,0,5,0.8660254037844387,-0.4999999999999998,7.082,1084.37
133.31,144,1800,2,5,0.8660254037844387,-0.4999999999999998,4.1059,138.79
2106.44,304,1193,0,1,0.0,1.0,1.1623,2130.92
474.67,288,717,0,1,0.0,1.0,1.3923,481.27
575.0,351,1201,2,1,0.0,1.0,-1.4389,566.73
153.19,334,780,1,6,0.49999999999999994,-0.8660254037844387,6.4858,163.13
296.56,292,709,0,7,1.2246467991473532e-16,-1.0,7.3333,318.3
2874.38,90,766,1,5,0.8660254037844387,-0.4999999999999998,1.0388,2904.24
71.71,283,189,0,12,-0.5000000000000004,0.8660254037844384,0.656,72.18
1110.28,269,1318,0,3,0.8660254037844386,0.5000000000000001,3.207,1145.89
108.4,105,427,1,5,0.8660254037844387,-0.4999999999999998,4.7207,113.52
332.46,248,434,0,3,0.8660254037844386,0.5000000000000001,4.1074,346.12
499.09,92,413,0,4,1.0,6.123233995736766e-17,2.9833,513.98
69.96,191,368,0,8,-0.4999999999999997,-0.8660254037844388,8.0956,75.63
71.47,291,1081,2,4,1.0,6.123233995736766e-17,5.3285,75.28
591.38,69,1531,1,4,1.0,6.123233995736766e-17,3.553,612.39
293.5,123,523,0,9,-0.8660254037844385,-0.5000000000000004,3.694,304.34
4418.57,291,1500,2,10,-1.0,-1.8369701987210297e-16,2.1627,4514.13
1492.58,166,1277,1,3,0.8660254037844386,0.5000000000000001,3.093,1538.75
3810.36,351,1157,0,2,0.49999999999999994,0.8660254037844387,1.0386,3849.94
3949.67,2,1077,2,3,0.8660254037844386,0.5000000000000001,-1.1346,3904.86
59.57,264,1122,0,7,1.2246467991473532e-16,-1.0,6.0646,63.18
3512.09,297,1153,0,12,-0.5000000000000004,0.8660254037844384,2.6265,3604.34
4880.34,335,1039,0,2,0.49999999999999994,0.8660254037844387,2.7,5012.11
416.92,57,858,0,1,0.0,1.0,0.3539,418.39
751.34,360,341,1,7,1.2246467991473532e-16,-1.0,5.0877,789.56
243.02,143,870,1,12,-0.5000000000000004,0.8660254037844384,1.829,247.47
86.97,128,1366,2,7,1.2246467991473532e-16,-1.0,5.6407,91.87
148.08,130,542,0,12,-0.5000000000000004,0.8660254037844384,-0.8962,146.75
58.72,233,407,0,8,-0.4999999999999997,-0.8660254037844388,5.4586,61.93
500.25,241,910,0,1,0.0,1.0,1.2959,506.73
804.91,173,237,0,6,0.49999999999999994,-0.8660254037844387,3.997,837.08
59.01,25,1529,2,10,-1.0,-1.8369701987210297e-16,0.7407,59.45
179.84,361,1578,1,7,1.2246467991473532e-16,-1.0,8.9175,195.88
67.14,81,868,1,3,0.8660254037844386,0.5000000000000001,1.3253,68.03
3375.17,34,237,1,3,0.8660254037844386,0.5000000000000001,-0.1914,3368.71
1811.19,218,440,0,8,-0.4999999999999997,-0.8660254037844388,2.768,1861.32
40.0,150,91,0,6,0.49999999999999994,-0.8660254037844387,3.797,41.52
2161.82,225,713,0,7,1.2246467991473532e-16,-1.0,4.032,2248.98
2073.01,320,570,1,5,0.8660254037844387,-0.4999999999999998,4.4752,2165.78
2484.16,35,1170,0,5,0.8660254037844387,-0.4999999999999998,0.5116,2496.87
3641.57,103,1274,0,8,-0.4999999999999997,-0.8660254037844388,1.3233,3689.76
413.32,189,756,1,1,0.0,1.0,-0.1356,412.76
190.09,288,1468,0,6,0.49999999999999994,-0.8660254037844387,7.599,204.53
2805.37,219,699,0,5,0.8660254037844387,-0.4999999999999998,2.6151,2878.74
1872.29,140,217,0,10,-1.0,-1.8369701987210297e-16,1.6981,1904.08
217.18,223,1367,0,9,-0.8660254037844385,-0.5000000000000004,4.456,226.86
689.49,358,620,0,6,0.49999999999999994,-0.8660254037844387,3.3737,712.75
806.48,175,1558,2,4,1.0,6.123233995736766e-17,3.4683,834.46
540.09,323,1213,1,3,0.8660254037844386,0.5000000000000001,4.0953,562.21
1067.54,285,1413,0,3,0.8660254037844386,0.5000000000000001,3.1031,1100.67
76.27,110,1072,1,4,1.0,6.123233995736766e-17,2.9735,78.54
422.95,91,973,1,10,-1.0,-1.8369701987210297e-16,1.7239,430.24
147.18,281,444,1,1,0.0,1.0,-0.0693,147.08
43.19,75,721,2,1,0.0,1.0,1.5761,43.87
511.22,123,693,1,7,1.2246467991473532e-16,-1.0,3.8148,530.73
234.57,86,495,0,3,0.8660254037844386,0.5000000000000001,1.7437,238.66
384.8,221,910,0,10,-1.0,-1.8369701987210297e-16,3.1461,396.91
98.51,107,1311,0,10,-1.0,-1.8369701987210297e-16,4.2047,102.65
369.45,241,96,0,10,-1.0,-1.8369701987210297e-16,4.4347,385.84
190.78,342,1295,2,6,0.49999999999999994,-0.8660254037844387,6.1677,202.55
56.45,303,1332,1,6,0.49999999999999994,-0.8660254037844387,7.0438,60.43
1823.0,346,690,0,6,0.49999999999999994,-0.8660254037844387,6.9551,1949.79
778.51,8,581,2,3,0.8660254037844386,0.5000000000000001,-0.6116,773.75
565.07,166,832,1,7,1.2246467991473532e-16,-1.0,6.0858,599.46
1076.37,80,1251,0,11,-0.8660254037844386,0.5000000000000001,1.6788,1094.44
270.54,335,1588,2,4,1.0,6.123233995736766e-17,4.5346,282.8
94.41,260,1040,0,1,0.0,1.0,3.1858,97.41
253.85,117,752,0,7,1.2246467991473532e-16,-1.0,6.234,269.68
2145.03,206,984,0,5,0.8660254037844387,-0.4999999999999998,3.4445,2218.91
982.81,221,1420,2,10,-1.0,-1.8369701987210297e-16,3.2767,1015.02
2318.53,181,1162,0,11,-0.8660254037844386,0.5000000000000001,5.4099,2443.96
2630.82,173,255,0,12,-0.5000000000000004,0.8660254037844384,0.4182,2641.82
119.3,20,311,1,5,0.8660254037844387,-0.4999999999999998,-0.2941,118.95
3341.22,165,818,2,11,-0.8660254037844386,0.5000000000000001,-0.1584,3335.93
924.95,127,423,0,2,0.49999999999999994,0.8660254037844387,1.0278,934.45
717.97,299,940,0,5,0.8660254037844387,-0.4999999999999998,4.2151,748.23
555.99,316,1206,2,4,1.0,6.123233995736766e-17,1.9839,567.02
536.52,274,1454,1,12,-0.5000000000000004,0.8660254037844384,0.0202,536.63
78.71,11,1176,0,8,-0.4999999999999997,-0.8660254037844388,3.5566,81.51
48.15,307,260,0,5,0.8660254037844387,-0.4999999999999998,7.5262,51.78
275.08,145,1281,0,2,0.49999999999999994,0.8660254037844387,1.0627,278.0
142.71,152,1242,1,10,-1.0,-1.8369701987210297e-16,4.6036,149.28
68.44,345,768,1,8,-0.4999999999999997,-0.8660254037844388,5.974,72.53
40.0,317,247,1,11,-0.8660254037844386,0.5000000000000001,1.9921,40.8
5000.0,18,1200,0,6,0.49999999999999994,-0.8660254037844387,3.4065,5170.32
112.87,131,559,1,2,0.49999999999999994,0.8660254037844387,-1.587,111.08
4112.84,274,365,0,5,0.8660254037844387,-0.4999999999999998,6.1247,4364.74
606.36,197,918,2,8,-0.4999999999999997,-0.8660254037844388,4.7914,635.41
87.35,94,165,0,3,0.8660254037844386,0.5000000000000001,2.5141,89.54
88.43,192,626,0,1,0.0,1.0,1.403,89.67
103.47,317,404,0,10,-1.0,-1.8369701987210297e-16,5.1076,108.75
191.97,81,122,0,7,1.2246467991473532e-16,-1.0,4.9011,201.38
155.83,273,1359,0,5,0.8660254037844387,-0.4999999999999998,5.8138,164.89
2169.62,268,663,1,7,1.2246467991473532e-16,-1.0,3.3199,2241.65
281.72,324,1105,2,9,-0.8660254037844385,-0.5000000000000004,3.3942,291.29
682.77,109,1234,0,1,0.0,1.0,0.1018,683.47
500.35,79,745,0,6,0.49999999999999994,-0.8660254037844387,4.2306,521.52
933.3,200,471,0,4,1.0,6.123233995736766e-17,2.3658,955.38
5000.0,194,1362,1,2,0.49999999999999994,0.8660254037844387,-0.0249,4998.75
430.94,149,1052,0,1,0.0,1.0,2.313,440.91
152.29,285,59,0,6,0.49999999999999994,-0.8660254037844387,4.418,159.02
5000.0,292,1237,0,7,1.2246467991473532e-16,-1.0,4.9121,5245.6
4042.6,89,217,0,7,1.2246467991473532e-16,-1.0,4.0196,4205.1
2242.82,291,1322,1,10,-1.0,-1.8369701987210297e-16,4.1752,2336.46
1548.91,84,190,0,6,0.49999999999999994,-0.8660254037844387,0.5928,1558.09
238.27,149,140,0,8,-0.4999999999999997,-0.8660254037844388,1.9148,242.83
471.82,9,328,1,10,-1.0,-1.8369701987210297e-16,-1.9342,462.7
286.88,124,1123,0,8,-0.4999999999999997,-0.8660254037844388,4.9775,301.16
888.56,350,889,1,11,-0.8660254037844386,0.5000000000000001,4.6163,929.58
2489.71,161,920,0,3,0.8660254037844386,0.5000000000000001,3.7677,2583.51
260.45,259,819,2,10,-1.0,-1.8369701987210297e-16,4.2265,271.46
463.63,39,328,1,9,-0.8660254037844385,-0.5000000000000004,4.1805,483.01
2168.0,232,1189,0,7,1.2246467991473532e-16,-1.0,5.7377,2292.4
157.85,135,1599,2,1,0.0,1.0,2.238,161.38
1023.91,272,1266,0,7,1.2246467991473532e-16,-1.0,5.1799,1076.95
1356.84,339,139,0,11,-0.8660254037844386,0.5000000000000001,-0.4104,1351.27
78.01,194,1576,1,8,-0.4999999999999997,-0.8660254037844388,5.1565,82.03
164.82,37,990,1,1,0.0,1.0,-0.4429,164.09
43.49,174,330,0,4,1.0,6.123233995736766e-17,7.0293,46.55
40.0,45,334,0,7,1.2246467991473532e-16,-1.0,3.7201,41.49
453.65,164,777,0,10,-1.0,-1.8369701987210297e-16,1.6245,461.02
1428.57,22,1119,1,6,0.49999999999999994,-0.8660254037844387,3.7629,1482.32
243.19,234,565,2,11,-0.8660254037844386,0.5000000000000001,0.4088,244.19
889.56,113,767,0,10,-1.0,-1.8369701987210297e-16,2.4975,911.77
100.39,73,709,3,4,1.0,6.123233995736766e-17,2.1814,102.58
3097.61,6,1381,0,3,0.8660254037844386,0.5000000000000001,-1.6685,3045.92
280.95,325,1040,1,11,-0.8660254037844386,0.5000000000000001,5.6532,296.84
1363.65,306,1026,2,8,-0.4999999999999997,-0.8660254037844388,6.2866,1449.38
86.33,297,834,1,11,-0.8660254037844386,0.5000000000000001,3.878,89.68
2728.45,21,1263,0,12,-0.5000000000000004,0.8660254037844384,1.9588,2781.89
612.2,127,1050,0,6,0.49999999999999994,-0.8660254037844387,4.0466,636.98
4319.1,355,609,0,1,0.0,1.0,2.8764,4443.34
400.65,211,1476,1,11,-0.8660254037844386,0.5000000000000001,2.88,412.19
3136.64,47,1286,3,8,-0.4999999999999997,-0.8660254037844388,0.4532,3150.85
242.44,51,131,0,2,0.49999999999999994,0.8660254037844387,-1.6091,238.54
85.33,96,963,0,7,1.2246467991473532e-16,-1.0,8.3037,92.41
1549.47,355,1411,0,1,0.0,1.0,4.1372,1613.58
142.29,62,1523,1,4,1.0,6.123233995736766e-17,3.6969,147.55
1585.45,330,289,1,5,0.8660254037844387,-0.4999999999999998,2.5498,1625.88
284.84,248,1329,0,6,0.49999999999999994,-0.8660254037844387,7.3009,305.64
2251.99,337,1694,1,7,1.2246467991473532e-16,-1.0,5.2075,2369.27
365.53,302,281,0,11,-0.8660254037844386,0.5000000000000001,5.0912,384.14
668.68,121,1157,1,5,0.8660254037844387,-0.4999999999999998,5.0604,702.52
1763.01,303,1144,0,9,-0.8660254037844385,-0.5000000000000004,6.4105,1876.03
790.04,61,108,0,12,-0.5000000000000004,0.8660254037844384,0.032,790.29
1320.24,106,1385,1,9,-0.8660254037844385,-0.5000000000000004,2.7269,1356.24
1009.09,77,739,1,4,1.0,6.123233995736766e-17,1.9072,1028.33
660.04,48,480,0,9,-0.8660254037844385,-0.5000000000000004,4.4724,689.56
1924.51,32,615,1,4,1.0,6.123233995736766e-17,0.831,1940.5
196.42,68,781,0,6,0.49999999999999994,-0.8660254037844387,2.9818,202.27
132.34,43,1207,0,8,-0.4999999999999997,-0.8660254037844388,6.2436,140.6
1806.76,139,1449,2,4,1.0,6.123233995736766e-17,0.499,1815.78
546.72,26,721,2,1,0.0,1.0,-1.9278,536.18
4008.8,22,1249,0,11,-0.8660254037844386,0.5000000000000001,-0.6901,3981.13
5000.0,362,1581,2,9,-0.8660254037844385,-0.5000000000000004,0.2958,5014.79
2235.01,32,338,1,2,0.49999999999999994,0.8660254037844387,-1.8997,2192.55
557.4,27,499,0,5,0.8660254037844387,-0.4999999999999998,5.2106,586.45
1173.63,11,66,0,4,1.0,6.123233995736766e-17,-0.066,1172.85
299.26,48,1485,0,12,-0.5000000000000004,0.8660254037844384,5.1913,314.8
51.71,193,912,1,12,-0.5000000000000004,0.8660254037844384,1.6786,52.58
1698.41,302,714,2,9,-0.8660254037844385,-0.5000000000000004,3.7666,1762.39
2362.55,268,1347,0,6,0.49999999999999994,-0.8660254037844387,5.341,2488.74
54.88,212,1042,0,1,0.0,1.0,2.5964,56.31
3559.58,31,1413,0,3,0.8660254037844386,0.5000000000000001,0.7995,3588.04
3611.61,283,1210,0,2,0.49999999999999994,0.8660254037844387,4.2973,3766.81
277.69,13,1581,1,10,-1.0,-1.8369701987210297e-16,0.0577,277.85
42.53,230,360,0,2,0.49999999999999994,0.8660254037844387,1.9861,43.37
2507.6,149,485,1,9,-0.8660254037844385,-0.5000000000000004,3.1713,2587.13
48.97,322,155,0,12,-0.5000000000000004,0.8660254037844384,4.2112,51.03
129.58,112,654,1,4,1.0,6.123233995736766e-17,-0.8626,128.46
635.21,233,951,1,9,-0.8660254037844385,-0.5000000000000004,2.0699,648.35
2432.82,161,1079,1,11,-0.8660254037844386,0.5000000000000001,1.1834,2461.62
2111.61,191,1030,0,6,0.49999999999999994,-0.8660254037844387,6.4088,2246.93
1342.18,343,1201,1,6,0.49999999999999994,-0.8660254037844387,4.8537,1407.33
2818.75,260,1331,1,3,0.8660254037844386,0.5000000000000001,3.0662,2905.18
1234.98,151,926,1,6,0.49999999999999994,-0.8660254037844387,6.8055,1319.02
869.39,163,628,1,11,-0.8660254037844386,0.5000000000000001,1.0048,878.12
98.56,257,826,2,8,-0.4999999999999997,-0.8660254037844388,4.7905,103.28
465.6,126,1315,0,3,0.8660254037844386,0.5000000000000001,2.8539,478.89
477.67,61,1233,0,7,1.2246467991473532e-16,-1.0,4.6208,499.74
68.27,171,1800,2,9,-0.8660254037844385,-0.5000000000000004,4.5017,71.34
330.06,24,831,0,1,0.0,1.0,-0.5867,328.13
172.15,62,1601,2,10,-1.0,-1.8369701987210297e-16,1.3292,174.43
72.61,153,876,1,3,0.8660254037844386,0.5000000000000001,0.6885,73.11
500.83,291,462,2,4,1.0,6.123233995736766e-17,3.3733,517.73
174.37,285,1365,1,5,0.8660254037844387,-0.4999999999999998,3.8495,181.08
90.26,95,313,1,7,1.2246467991473532e-16,-1.0,2.3999,92.43
2166.11,154,1145,1,11,-0.8660254037844386,0.5000000000000001,-0.679,2151.4
2841.82,56,1497,0,3,0.8660254037844386,0.5000000000000001,0.1841,2847.05
762.74,276,82,0,4,1.0,6.123233995736766e-17,2.6356,782.84
132.9,90,1113,0,5,0.8660254037844387,-0.4999999999999998,2.5465,136.28
1154.85,292,1309,0,11,-0.8660254037844386,0.5000000000000001,2.7579,1186.7
1512.11,308,1229,2,12,-0.5000000000000004,0.8660254037844384,1.4648,1534.26
159.47,252,1049,0,6,0.49999999999999994,-0.8660254037844387,4.0164,165.87
112.89,120,1538,1,9,-0.8660254037844385,-0.5000000000000004,2.9621,116.23
430.21,348,1176,0,12,-0.5000000000000004,0.8660254037844384,5.9844,455.96
252.53,251,102,0,11,-0.8660254037844386,0.5000000000000001,0.9276,254.87
123.44,236,1800,3,9,-0.8660254037844385,-0.5000000000000004,5.0412,129.66
135.87,313,1147,0,7,1.2246467991473532e-16,-1.0,6.4566,144.64
442.94,322,579,1,12,-0.5000000000000004,0.8660254037844384,2.1391,452.42
627.33,28,998,0,3,0.8660254037844386,0.5000000000000001,-0.618,623.45
728.02,322,1270,0,5,0.8660254037844387,-0.4999999999999998,2.7278,747.88
5000.0,279,1280,0,9,-0.8660254037844385,-0.5000000000000004,4.0617,5203.08
70.0,75,1424,1,1,0.0,1.0,1.3172,70.93
2277.23,112,1177,0,7,1.2246467991473532e-16,-1.0,5.3126,2398.21
201.67,275,394,1,11,-0.8660254037844386,0.5000000000000001,2.4428,206.59
1648.73,79,852,1,3,0.8660254037844386,0.5000000000000001,-1.006,1632.14
1279.59,165,384,0,10,-1.0,-1.8369701987210297e-16,3.3713,1322.73
653.08,252,148,0,5,0.8660254037844387,-0.4999999999999998,2.5129,669.49
799.27,238,428,0,11,-0.8660254037844386,0.5000000000000001,0.9313,806.71
1391.36,332,1555,1,8,-0.4999999999999997,-0.8660254037844388,4.1045,1448.46
1717.96,40,915,0,2,0.49999999999999994,0.8660254037844387,-1.0836,1699.35
102.63,107,1156,0,9,-0.8660254037844385,-0.5000000000000004,4.0276,106.77
261.33,360,777,0,1,0.0,1.0,3.4516,270.35
2307.67,208,563,0,3,0.8660254037844386,0.5000000000000001,-0.4786,2296.63
640.87,91,910,1,11,-0.8660254037844386,0.5000000000000001,0.0691,641.31
117.5,106,1477,0,11,-0.8660254037844386,0.5000000000000001,1.3306,119.06
3870.85,124,462,0,1,0.0,1.0,0.1243,3875.67
4454.84,202,497,0,5,0.8660254037844387,-0.4999999999999998,3.7283,4620.93
644.96,104,1383,1,2,0.49999999999999994,0.8660254037844387,-1.1189,637.74
558.85,227,746,1,4,1.0,6.123233995736766e-17,3.6973,579.51
235.21,162,1361,0,12,-0.5000000000000004,0.8660254037844384,2.0376,240.0
701.53,223,1464,0,3,0.8660254037844386,0.5000000000000001,4.0569,729.99
3582.45,56,322,1,8,-0.4999999999999997,-0.8660254037844388,0.5777,3603.15
174.18,228,1017,0,10,-1.0,-1.8369701987210297e-16,5.2751,183.37
149.32,338,245,1,11,-0.8660254037844386,0.5000000000000001,3.8091,155.01
4055.71,49,1325,0,5,0.8660254037844387,-0.4999999999999998,2.5878,4160.67
222.66,119,212,0,9,-0.8660254037844385,-0.5000000000000004,6.1811,236.42
5000.0,253,1337,0,6,0.49999999999999994,-0.8660254037844387,6.0033,5300.17
288.26,225,1165,0,2,0.49999999999999994,0.8660254037844387,5.1606,303.14
50.49,246,973,1,3,0.8660254037844386,0.5000000000000001,6.9307,53.99
3520.73,204,347,0,9,-0.8660254037844385,-0.5000000000000004,0.5155,3538.88
124.53,249,433,0,9,-0.8660254037844385,-0.5000000000000004,6.5756,132.72
1205.55,223,672,0,7,1.2246467991473532e-16,-1.0,5.8295,1275.83
72.0,27,1278,0,10,-1.0,-1.8369701987210297e-16,2.8815,74.07
1993.08,274,1430,1,9,-0.8660254037844385,-0.5000000000000004,3.2811,2058.48
140.06,163,980,1,5,0.8660254037844387,-0.4999999999999998,2.9141,144.14
1764.82,18,590,2,4,1.0,6.123233995736766e-17,-2.3244,1723.79
4738.79,149,866,0,12,-0.5000000000000004,0.8660254037844384,3.9383,4925.41
70.7,159,1255,0,12,-0.5000000000000004,0.8660254037844384,3.1043,72.89
276.68,31,833,0,1,0.0,1.0,-2.1443,270.75
1773.09,364,1679,2,10,-1.0,-1.8369701987210297e-16,1.8344,1805.61
3668.22,81,58,0,2,0.49999999999999994,0.8660254037844387,-4.5191,3502.45
263.85,121,775,0,11,-0.8660254037844386,0.5000000000000001,3.7787,273.82
4018.38,161,305,1,8,-0.4999999999999997,-0.8660254037844388,2.7335,4128.23
3543.02,304,935,0,9,-0.8660254037844385,-0.5000000000000004,5.5172,3738.5
1519.23,271,942,0,9,-0.8660254037844385,-0.5000000000000004,4.6944,1590.55
254.9,282,499,0,8,-0.4999999999999997,-0.8660254037844388,7.1463,273.12
729.97,86,1411,1,4,1.0,6.123233995736766e-17,1.3001,739.46
1833.45,309,1580,1,10,-1.0,-1.8369701987210297e-16,4.0327,1907.39
1178.08,303,710,0,7,1.2246467991473532e-16,-1.0,6.1722,1250.8
183.74,169,851,1,7,1.2246467991473532e-16,-1.0,3.3601,189.91
534.22,199,322,0,4,1.0,6.123233995736766e-17,1.5009,542.24
1740.41,13,86,0,1,0.0,1.0,-3.0545,1687.25
414.46,278,789,2,7,1.2246467991473532e-16,-1.0,5.4688,437.13
671.91,351,813,1,5,0.8660254037844387,-0.4999999999999998,6.9924,718.89
254.7,172,1347,2,8,-0.4999999999999997,-0.8660254037844388,4.6096,266.44
127.68,197,1522,1,5,0.8660254037844387,-0.4999999999999998,4.6755,133.65
49.24,182,203,0,12,-0.5000000000000004,0.8660254037844384,1.7009,50.08
254.13,30,267,0,9,-0.8660254037844385,-0.5000000000000004,1.7065,258.47
972.35,226,860,0,6,0.49999999999999994,-0.8660254037844387,5.1127,1022.06
1587.0,264,591,0,9,-0.8660254037844385,-0.5000000000000004,6.4373,1689.16
79.33,339,1067,0,8,-0.4999999999999997,-0.8660254037844388,6.8756,84.79
190.28,340,514,0,8,-0.4999999999999997,-0.8660254037844388,6.7002,203.03
2043.38,180,650,0,7,1.2246467991473532e-16,-1.0,3.51,2115.1
77.62,350,779,1,12,-0.5000000000000004,0.8660254037844384,4.8523,81.38
5000.0,193,920,0,4,1.0,6.123233995736766e-17,1.426,5071.3
693.13,234,146,0,6,0.49999999999999994,-0.8660254037844387,4.0381,721.12
4987.14,220,1465,1,4,1.0,6.123233995736766e-17,4.1645,5194.82
1412.75,365,738,1,7,1.2246467991473532e-16,-1.0,4.291,1473.37
3706.93,269,354,0,12,-0.5000000000000004,0.8660254037844384,2.1416,3786.32
1244.08,43,1198,1,8,-0.4999999999999997,-0.8660254037844388,-0.3179,1240.12
134.03,26,368,1,3,0.8660254037844386,0.5000000000000001,-1.9394,131.43
2201.8,150,1132,2,12,-0.5000000000000004,0.8660254037844384,-0.4047,2192.89
100.82,188,133,0,10,-1.0,-1.8369701987210297e-16,6.4106,107.28
585.09,244,429,0,6,0.49999999999999994,-0.8660254037844387,5.0829,614.83
309.59,176,1169,1,2,0.49999999999999994,0.8660254037844387,1.7035,314.86
1904.47,188,586,0,5,0.8660254037844387,-0.4999999999999998,5.1824,2003.16
2210.61,337,1587,1,10,-1.0,-1.8369701987210297e-16,2.1225,2257.53
2634.92,122,720,1,7,1.2246467991473532e-16,-1.0,-1.1862,2603.67
173.75,180,1219,1,3,0.8660254037844386,0.5000000000000001,5.0834,182.58
3982.0,204,346,2,2,0.49999999999999994,0.8660254037844387,-0.0179,3981.28
2792.88,171,1642,1,12,-0.5000000000000004,0.8660254037844384,-0.0428,2791.69
327.21,354,1263,2,6,0.49999999999999994,-0.8660254037844387,5.8469,346.34
101.79,352,1301,1,9,-0.8660254037844385,-0.5000000000000004,7.614,109.54
220.64,187,518,0,5,0.8660254037844387,-0.4999999999999998,4.1024,229.69
70.51,164,624,1,2,0.49999999999999994,0.8660254037844387,1.4503,71.53
871.26,215,881,1,5,0.8660254037844387,-0.4999999999999998,6.8459,930.91
75.9,66,930,3,9,-0.8660254037844385,-0.5000000000000004,0.2186,76.07
255.91,155,75,0,5,0.8660254037844387,-0.4999999999999998,3.8727,265.82
1224.01,79,1015,0,8,-0.4999999999999997,-0.8660254037844388,1.9074,1247.35
473.5,52,1302,1,6,0.49999999999999994,-0.8660254037844387,5.7335,500.64
3381.08,34,1028,0,5,0.8660254037844387,-0.4999999999999998,2.5771,3468.21
152.27,214,941,1,4,1.0,6.123233995736766e-17,2.6223,156.26
571.6,0,807,0,4,1.0,6.123233995736766e-17,-1.5635,562.66
4597.4,236,1479,0,4,1.0,6.123233995736766e-17,2.9102,4731.2
255.78,158,812,0,9,-0.8660254037844385,-0.5000000000000004,4.6996,267.81
501.97,134,1204,1,5,0.8660254037844387,-0.4999999999999998,5.2851,528.5
3688.18,281,651,0,9,-0.8660254037844385,-0.5000000000000004,2.5787,3783.29
373.7,197,241,1,4,1.0,6.123233995736766e-17,0.7605,376.54
2559.61,268,650,1,4,1.0,6.123233995736766e-17,1.8284,2606.41
4650.27,259,1252,1,12,-0.5000000000000004,0.8660254037844384,0.0667,4653.37
172.16,11,968,0,11,-0.8660254037844386,0.5000000000000001,0.0483,172.24
2171.75,78,1054,0,5,0.8660254037844387,-0.4999999999999998,1.431,2202.83
1182.09,208,1208,1,4,1.0,6.123233995736766e-17,3.4524,1222.9
4146.11,357,362,0,9,-0.8660254037844385,-0.5000000000000004,3.5124,4291.73
899.0,56,1229,0,1,0.0,1.0,-0.0245,898.78
2348.48,38,1419,2,6,0.49999999999999994,-0.8660254037844387,2.4199,2405.32
214.22,344,493,0,8,-0.4999999999999997,-0.8660254037844388,4.1829,223.18
833.76,353,778,0,9,-0.8660254037844385,-0.5000000000000004,6.2645,886.0
2250.99,61,1635,3,2,0.49999999999999994,0.8660254037844387,-1.4116,2219.22
3633.45,147,288,0,1,0.0,1.0,-0.3067,3622.3
136.99,229,485,0,4,1.0,6.123233995736766e-17,3.5591,141.87
55.85,71,324,0,2,0.49999999999999994,0.8660254037844387,-0.11,55.79
4304.88,119,629,1,7,1.2246467991473532e-16,-1.0,3.2017,4442.71
693.39,144,588,2,12,-0.5000000000000004,0.8660254037844384,-0.3397,691.03
62.78,234,1414,1,4,1.0,6.123233995736766e-17,2.4618,64.33
697.54,112,1800,3,6,0.49999999999999994,-0.8660254037844387,5.1566,733.51
5000.0,150,1456,0,3,0.8660254037844386,0.5000000000000001,0.6108,5030.54
4515.32,105,650,1,1,0.0,1.0,-0.9008,4474.65
279.59,278,1402,0,9,-0.8660254037844385,-0.5000000000000004,7.5222,300.62
1542.99,56,488,2,4,1.0,6.123233995736766e-17,-0.7864,1530.86
315.37,84,364,2,7,1.2246467991473532e-16,-1.0,2.9412,324.65
277.55,91,518,0,9,-0.8660254037844385,-0.5000000000000004,-0.0576,277.39
1492.55,331,565,1,11,-0.8660254037844386,0.5000000000000001,-0.9223,1478.79
212.12,345,1487,1,3,0.8660254037844386,0.5000000000000001,3.7762,220.13
412.18,183,1151,0,7,1.2246467991473532e-16,-1.0,5.98,436.83
176.79,57,1274,1,11,-0.8660254037844386,0.5000000000000001,2.8267,181.79
116.75,276,1782,3,6,0.49999999999999994,-0.8660254037844387,6.2474,124.04
323.89,180,1100,0,1,0.0,1.0,-0.6241,321.87
4415.18,311,779,0,4,1.0,6.123233995736766e-17,5.5141,4658.64
299.96,131,757,3,10,-1.0,-1.8369701987210297e-16,-0.5731,298.24
840.67,365,68,0,10,-1.0,-1.8369701987210297e-16,4.4858,878.38
235.61,295,1465,0,4,1.0,6.123233995736766e-17,4.3173,245.78
2804.15,81,852,1,3,0.8660254037844386,0.5000000000000001,4.1331,2920.05
1139.12,265,1501,1,4,1.0,6.123233995736766e-17,2.5108,1167.72
3009.14,105,90,0,3,0.8660254037844386,0.5000000000000001,-0.5037,2993.99
239.63,128,970,0,9,-0.8660254037844385,-0.5000000000000004,4.5475,250.53
545.2,91,637,1,11,-0.8660254037844386,0.5000000000000001,0.1295,545.91
107.24,249,575,0,1,0.0,1.0,0.6543,107.94
103.27,96,1231,1,9,-0.8660254037844385,-0.5000000000000004,7.0863,110.58
777.48,233,1062,2,10,-1.0,-1.8369701987210297e-16,1.6321,790.17
1635.98,213,240,0,8,-0.4999999999999997,-0.8660254037844388,2.8171,1682.07
152.51,274,1626,2,11,-0.8660254037844386,0.5000000000000001,2.6484,156.55
1504.31,363,1233,1,1,0.0,1.0,2.2511,1538.17
1039.99,3,770,2,9,-0.8660254037844385,-0.5000000000000004,-0.7006,1032.7
497.94,362,949,0,2,0.49999999999999994,0.8660254037844387,4.5835,520.77
1395.6,40,265,0,11,-0.8660254037844386,0.5000000000000001,-0.4844,1388.84
762.2,192,802,1,6,0.49999999999999994,-0.8660254037844387,4.3302,795.2
4390.92,124,1131,2,2,0.49999999999999994,0.8660254037844387,0.201,4399.74
1557.98,233,802,3,9,-0.8660254037844385,-0.5000000000000004,1.1557,1575.99
3093.51,264,749,0,9,-0.8660254037844385,-0.5000000000000004,3.3771,3197.98
328.01,314,1376,0,6,0.49999999999999994,-0.8660254037844387,6.6668,349.88
1525.14,147,55,0,4,1.0,6.123233995736766e-17,2.5423,1563.92
5000.0,341,955,1,1,0.0,1.0,1.0419,5052.09
129.6,118,1519,1,11,-0.8660254037844386,0.5000000000000001,1.568,131.63
671.76,74,1529,1,3,0.8660254037844386,0.5000000000000001,-2.3482,655.99
3465.63,138,1351,0,11,-0.8660254037844386,0.5000000000000001,0.5128,3483.4
311.05,193,997,2,8,-0.4999999999999997,-0.8660254037844388,1.8883,316.92
544.74,244,870,0,9,-0.8660254037844385,-0.5000000000000004,2.7602,559.78
1714.75,304,910,0,9,-0.8660254037844385,-0.5000000000000004,5.4288,1807.84
2854.06,82,1424,1,11,-0.8660254037844386,0.5000000000000001,5.3694,3007.31
155.71,110,1434,0,1,0.0,1.0,1.7817,158.48
269.59,343,614,1,12,-0.5000000000000004,0.8660254037844384,2.8004,277.14
240.79,160,346,1,1,0.0,1.0,-1.067,238.22
83.56,88,430,0,12,-0.5000000000000004,0.8660254037844384,-0.9135,82.8
62.35,360,427,0,4,1.0,6.123233995736766e-17,7.8881,67.27
1402.79,164,482,0,11,-0.8660254037844386,0.5000000000000001,-0.0666,1401.85
3265.01,360,1441,1,2,0.49999999999999994,0.8660254037844387,-0.91,3235.29
3510.53,336,358,0,6,0.49999999999999994,-0.8660254037844387,5.1976,3693.0
4134.79,331,659,0,7,1.2246467991473532e-16,-1.0,4.9523,4339.55
4750.47,212,565,0,12,-0.5000000000000004,0.8660254037844384,1.6421,4828.48
60.81,292,540,1,2,0.49999999999999994,0.8660254037844387,4.538,63.57
251.47,351,330,0,1,0.0,1.0,2.736,258.35
91.3,98,1497,0,8,-0.4999999999999997,-0.8660254037844388,5.5708,96.39
1256.66,13,957,0,1,0.0,1.0,-0.0792,1255.66
3541.06,117,193,0,10,-1.0,-1.8369701987210297e-16,4.9504,3716.36
61.79,233,998,0,1,0.0,1.0,6.0571,65.53
608.96,200,935,0,12,-0.5000000000000004,0.8660254037844384,1.2871,616.8
536.39,29,651,1,7,1.2246467991473532e-16,-1.0,4.0987,558.38
120.74,205,1192,0,12,-0.5000000000000004,0.8660254037844384,5.3461,127.19
2882.51,63,1213,0,2,0.49999999999999994,0.8660254037844387,0.994,2911.16
378.43,185,1733,3,4,1.0,6.123233995736766e-17,1.9947,385.98
375.18,210,975,0,6,0.49999999999999994,-0.8660254037844387,4.8555,393.4
4301.39,233,688,0,1,0.0,1.0,1.0192,4345.24
125.2,150,346,0,2,0.49999999999999994,0.8660254037844387,-0.6438,124.39
211.07,149,109,0,4,1.0,6.123233995736766e-17,3.5179,218.49
2265.86,248,1382,0,9,-0.8660254037844385,-0.5000000000000004,6.7091,2417.88
544.56,274,1467,2,9,-0.8660254037844385,-0.5000000000000004,3.6204,564.28
670.02,295,338,0,2,0.49999999999999994,0.8660254037844387,0.877,675.9
559.15,122,1449,1,1,0.0,1.0,-1.1437,552.75
152.2,155,570,2,8,-0.4999999999999997,-0.8660254037844388,4.4565,158.99
85.83,121,390,0,5,0.8660254037844387,-0.4999999999999998,3.6558,88.97
2089.18,193,363,1,10,-1.0,-1.8369701987210297e-16,-0.7086,2074.38
157.02,46,540,0,4,1.0,6.123233995736766e-17,6.2813,166.88
4688.84,157,510,0,5,0.8660254037844387,-0.4999999999999998,0.215,4698.92
51.2,69,943,1,3,0.8660254037844386,0.5000000000000001,-0.7789,50.8
2978.7,194,712,0,4,1.0,6.123233995736766e-17,4.0303,3098.75
3732.38,311,817,3,9,-0.8660254037844385,-0.5000000000000004,3.8634,3876.58
49.1,360,338,1,6,0.49999999999999994,-0.8660254037844387,4.7116,51.41
1100.13,163,1239,0,8,-0.4999999999999997,-0.8660254037844388,3.6252,1140.01
1969.46,20,843,0,1,0.0,1.0,-0.4857,1959.9
1094.22,83,1516,1,7,1.2246467991473532e-16,-1.0,4.2613,1140.84
2343.82,38,235,0,6,0.49999999999999994,-0.8660254037844387,0.7299,2360.93
78.26,277,493,0,11,-0.8660254037844386,0.5000000000000001,4.7714,81.99
3310.13,360,274,0,6,0.49999999999999994,-0.8660254037844387,5.7024,3498.89
805.15,202,1390,0,2,0.49999999999999994,0.8660254037844387,3.8747,836.35
198.8,64,621,3,9,-0.8660254037844385,-0.5000000000000004,1.3447,201.48
671.62,7,1211,0,2,0.49999999999999994,0.8660254037844387,0.7011,676.33
191.18,357,325,0,11,-0.8660254037844386,0.5000000000000001,2.9829,196.89
462.83,115,1205,1,5,0.8660254037844387,-0.4999999999999998,4.2054,482.29
98.17,40,842,1,10,-1.0,-1.8369701987210297e-16,2.3223,100.45
3166.39,64,1586,2,8,-0.4999999999999997,-0.8660254037844388,3.5804,3279.76
233.6,93,416,2,6,0.49999999999999994,-0.8660254037844387,3.4419,241.64
384.29,240,517,0,8,-0.4999999999999997,-0.8660254037844388,2.3906,393.48
3959.04,326,1097,0,3,0.8660254037844386,0.5000000000000001,2.0828,4041.5
4347.83,100,1523,1,1,0.0,1.0,-0.3151,4334.13
2008.79,251,829,0,10,-1.0,-1.8369701987210297e-16,4.0364,2089.87
44.01,23,389,1,12,-0.5000000000000004,0.8660254037844384,0.3662,44.17
3703.02,3,961,0,11,-0.8660254037844386,0.5000000000000001,0.2179,3711.09
118.81,20,1048,2,4,1.0,6.123233995736766e-17,-0.0767,118.72
433.2,337,1247,1,5,0.8660254037844387,-0.4999999999999998,6.7326,462.37
3506.7,212,967,1,5,0.8660254037844387,-0.4999999999999998,2.227,3584.8
92.49,294,1352,0,9,-0.8660254037844385,-0.5000000000000004,8.1328,100.01
74.32,7,652,3,8,-0.4999999999999997,-0.8660254037844388,3.4582,76.89
812.29,8,1185,1,10,-1.0,-1.8369701987210297e-16,0.5244,816.54
510.9,310,1322,1,12,-0.5000000000000004,0.8660254037844384,1.3881,517.99
297.52,37,860,1,5,0.8660254037844387,-0.4999999999999998,1.3444,301.52
2139.18,56,736,0,8,-0.4999999999999997,-0.8660254037844388,1.3421,2167.89
3635.35,189,1057,0,7,1.2246467991473532e-16,-1.0,3.5158,3763.16
4986.97,222,708,0,12,-0.5000000000000004,0.8660254037844384,0.791,5026.42
83.97,83,847,1,5,0.8660254037844387,-0.4999999999999998,2.5573,86.12
1208.76,162,982,1,3,0.8660254037844386,0.5000000000000001,-1.1469,1194.9
3449.57,247,1215,0,5,0.8660254037844387,-0.4999999999999998,3.7599,3579.27
110.93,162,424,3,8,-0.4999999999999997,-0.8660254037844388,3.1686,114.45
563.11,140,1317,0,12,-0.5000000000000004,0.8660254037844384,0.9467,568.44
42.98,26,564,1,10,-1.0,-1.8369701987210297e-16,-0.0896,42.94
67.49,165,187,0,1,0.0,1.0,-2.8397,65.58
69.05,293,308,0,7,1.2246467991473532e-16,-1.0,7.7755,74.42
992.83,229,156,0,2,0.49999999999999994,0.8660254037844387,0.4276,997.07
1143.81,326,1553,1,5,0.8660254037844387,-0.4999999999999998,5.3522,1205.03
51.79,46,647,1,12,-0.5000000000000004,0.8660254037844384,0.2396,51.92
923.36,4,1170,0,12,-0.5000000000000004,0.8660254037844384,-0.0344,923.04
52.7,200,310,0,2,0.49999999999999994,0.8660254037844387,1.9586,53.74
128.08,65,967,1,2,0.49999999999999994,0.8660254037844387,0.6148,128.86
3198.38,217,665,0,9,-0.8660254037844385,-0.5000000000000004,4.8844,3354.6
444.18,330,1198,1,5,0.8660254037844387,-0.4999999999999998,6.7377,474.1
2470.61,123,1484,0,6,0.49999999999999994,-0.8660254037844387,6.294,2626.11
240.25,201,1359,2,11,-0.8660254037844386,0.5000000000000001,0.7459,242.04
90.84,249,1204,1,12,-0.5000000000000004,0.8660254037844384,2.8766,93.46
2688.35,54,426,0,11,-0.8660254037844386,0.5000000000000001,-2.7679,2613.94
82.5,328,382,1,10,-1.0,-1.8369701987210297e-16,3.1206,85.07
184.68,74,171,0,12,-0.5000000000000004,0.8660254037844384,-0.511,183.73
1272.21,295,920,2,9,-0.8660254037844385,-0.5000000000000004,4.8306,1333.66
806.82,241,968,1,11,-0.8660254037844386,0.5000000000000001,1.9511,822.56
2773.49,51,132,0,7,1.2246467991473532e-16,-1.0,3.0348,2857.66
4607.49,265,661,1,1,0.0,1.0,-0.0343,4605.91
102.5,71,964,0,10,-1.0,-1.8369701987210297e-16,2.0582,104.61
171.68,219,1600,2,12,-0.5000000000000004,0.8660254037844384,0.3866,172.35
1243.04,351,1701,2,4,1.0,6.123233995736766e-17,4.4748,1298.66
84.43,348,599,1,6,0.49999999999999994,-0.8660254037844387,5.56,89.12
464.28,318,193,0,7,1.2246467991473532e-16,-1.0,1.7313,472.32
295.88,180,1049,1,8,-0.4999999999999997,-0.8660254037844388,5.8616,313.22
3992.88,204,1410,0,9,-0.8660254037844385,-0.5000000000000004,2.7706,4103.51
3447.64,109,656,0,5,0.8660254037844387,-0.4999999999999998,2.9748,3550.2
196.36,337,1543,2,11,-0.8660254037844386,0.5000000000000001,1.5011,199.31
85.66,174,1126,0,10,-1.0,-1.8369701987210297e-16,4.1811,89.24
5000.0,282,1353,0,12,-0.5000000000000004,0.8660254037844384,-2.2688,4886.56
122.97,131,1429,0,7,1.2246467991473532e-16,-1.0,5.7246,130.01
84.12,270,507,3,1,0.0,1.0,-0.8723,83.39
157.17,82,996,2,11,-0.8660254037844386,0.5000000000000001,-1.1251,155.4
171.77,268,117,0,1,0.0,1.0,2.4472,175.97
68.69,16,109,0,3,0.8660254037844386,0.5000000000000001,-0.4347,68.39
214.16,38,835,1,4,1.0,6.123233995736766e-17,1.1538,216.63
57.88,128,1008,0,3,0.8660254037844386,0.5000000000000001,1.6041,58.81
2549.66,176,1553,2,9,-0.8660254037844385,-0.5000000000000004,4.1511,2655.49
137.16,260,547,2,6,0.49999999999999994,-0.8660254037844387,4.0087,142.66
1714.61,131,277,1,3,0.8660254037844386,0.5000000000000001,1.9809,1748.58
762.98,6,197,0,1,0.0,1.0,-0.4165,759.8
586.47,119,1557,1,3,0.8660254037844386,0.5000000000000001,3.5401,607.24
5000.0,160,1722,3,9,-0.8660254037844385,-0.5000000000000004,3.4378,5171.89
291.27,199,745,0,10,-1.0,-1.8369701987210297e-16,2.7428,299.26
83.92,235,364,2,4,1.0,6.123233995736766e-17,2.5555,86.06
667.88,90,584,0,1,0.0,1.0,-0.4188,665.08
76.83,223,652,3,7,1.2246467991473532e-16,-1.0,5.5813,81.12
133.22,231,277,1,10,-1.0,-1.8369701987210297e-16,2.7561,136.89
3323.82,284,684,0,1,0.0,1.0,0.9433,3355.17
3212.4,191,776,0,10,-1.0,-1.8369701987210297e-16,5.1565,3378.05
415.53,296,703,0,3,0.8660254037844386,0.5000000000000001,2.7176,426.82
557.67,81,1313,0,4,1.0,6.123233995736766e-17,1.6125,566.66
872.43,260,1661,2,8,-0.4999999999999997,-0.8660254037844388,4.0227,907.52
54.23,16,222,0,1,0.0,1.0,0.5808,54.55
144.09,37,769,2,4,1.0,6.123233995736766e-17,1.2404,145.88
734.77,316,774,0,2,0.49999999999999994,0.8660254037844387,3.1145,757.65
211.25,173,814,1,3,0.8660254037844386,0.5000000000000001,2.3978,216.32
137.57,227,1129,2,10,-1.0,-1.8369701987210297e-16,0.0337,137.61
1173.47,220,1273,1,3,0.8660254037844386,0.5000000000000001,0.3544,1177.63
571.31,254,539,2,1,0.0,1.0,-0.1812,570.28
280.46,89,1800,3,3,0.8660254037844386,0.5000000000000001,0.7448,282.55
3496.98,65,576,1,2,0.49999999999999994,0.8660254037844387,-2.7799,3399.76
1790.71,15,769,1,8,-0.4999999999999997,-0.8660254037844388,0.2698,1795.55
657.07,316,367,0,12,-0.5000000000000004,0.8660254037844384,1.3116,665.69
137.86,81,963,0,3,0.8660254037844386,0.5000000000000001,3.9658,143.32
1134.4,210,1057,0,9,-0.8660254037844385,-0.5000000000000004,1.1511,1147.46
1356.26,166,1144,1,5,0.8660254037844387,-0.4999999999999998,-0.6098,1347.99
730.58,59,844,1,1,0.0,1.0,1.8298,743.95
843.54,151,559,1,9,-0.8660254037844385,-0.5000000000000004,0.474,847.54
120.35,30,1440,2,3,0.8660254037844386,0.5000000000000001,-0.2919,120.0
176.81,64,217,0,7,1.2246467991473532e-16,-1.0,1.2381,179.0
2946.86,51,785,2,7,1.2246467991473532e-16,-1.0,1.5281,2991.89
100.82,301,1038,0,8,-0.4999999999999997,-0.8660254037844388,6.6608,107.53
859.31,207,1052,0,2,0.49999999999999994,0.8660254037844387,4.1563,895.03
2901.26,338,578,1,4,1.0,6.123233995736766e-17,4.0439,3018.59
45.78,159,541,0,9,-0.8660254037844385,-0.5000000000000004,2.494,46.92
4177.64,73,659,1,12,-0.5000000000000004,0.8660254037844384,-3.9468,4012.76
3925.49,222,1553,1,1,0.0,1.0,1.4971,3984.26
1475.62,340,1024,1,5,0.8660254037844387,-0.4999999999999998,3.9095,1533.31
1034.97,194,217,0,11,-0.8660254037844386,0.5000000000000001,-0.0731,1034.21
2263.55,6,279,0,4,1.0,6.123233995736766e-17,1.2816,2292.55
78.26,111,145,0,6,0.49999999999999994,-0.8660254037844387,1.2056,79.21
1088.59,338,396,0,11,-0.8660254037844386,0.5000000000000001,1.9462,1109.77
199.3,189,368,0,12,-0.5000000000000004,0.8660254037844384,2.275,203.84
2868.75,348,694,0,8,-0.4999999999999997,-0.8660254037844388,3.788,2977.42
671.95,186,1219,1,9,-0.8660254037844385,-0.5000000000000004,5.8427,711.21
2172.49,4,1572,2,8,-0.4999999999999997,-0.8660254037844388,-0.2164,2167.79
107.84,319,952,1,4,1.0,6.123233995736766e-17,4.4829,112.67
173.71,279,1169,0,11,-0.8660254037844386,0.5000000000000001,2.8534,178.66
2820.27,261,1204,1,1,0.0,1.0,-3.0846,2733.27
272.51,355,507,0,1,0.0,1.0,1.8929,277.67
613.52,71,936,0,8,-0.4999999999999997,-0.8660254037844388,5.0852,644.72
1282.66,331,484,0,11,-0.8660254037844386,0.5000000000000001,1.001,1295.5
96.7,85,758,2,10,-1.0,-1.8369701987210297e-16,0.7447,97.42
252.35,355,1549,1,9,-0.8660254037844385,-0.5000000000000004,5.0504,265.09
276.53,70,1370,0,5,0.8660254037844387,-0.4999999999999998,4.5918,289.23
3925.97,201,1094,1,5,0.8660254037844387,-0.4999999999999998,2.8797,4039.02
99.66,288,1228,2,6,0.49999999999999994,-0.8660254037844387,5.703,105.34
305.32,28,1043,0,4,1.0,6.123233995736766e-17,2.0387,311.55
5000.0,24,1214,1,6,0.49999999999999994,-0.8660254037844387,1.3681,5068.41
1779.36,311,125,0,2,0.49999999999999994,0.8660254037844387,3.4084,1840.01
1027.81,22,566,0,4,1.0,6.123233995736766e-17,-0.8543,1019.03
519.59,224,513,2,12,-0.5000000000000004,0.8660254037844384,1.3137,526.42
2536.95,343,815,0,9,-0.8660254037844385,-0.5000000000000004,6.888,2711.69
3876.97,224,712,1,2,0.49999999999999994,0.8660254037844387,0.3036,3888.74
3340.42,176,525,0,4,1.0,6.123233995736766e-17,2.2207,3414.6
1200.99,152,1457,1,4,1.0,6.123233995736766e-17,3.178,1239.15
1257.6,233,505,1,4,1.0,6.123233995736766e-17,1.6773,1278.69
2317.92,209,1636,2,9,-0.8660254037844385,-0.5000000000000004,0.2895,2324.63
2038.25,183,722,1,11,-0.8660254037844386,0.5000000000000001,0.6399,2051.3
1289.44,56,506,1,9,-0.8660254037844385,-0.5000000000000004,3.8905,1339.61
86.7,242,253,0,6,0.49999999999999994,-0.8660254037844387,6.0948,91.98
1940.12,270,1084,0,2,0.49999999999999994,0.8660254037844387,2.1001,1980.86
383.7,259,1562,1,2,0.49999999999999994,0.8660254037844387,3.2997,396.36
149.89,27,1317,0,10,-1.0,-1.8369701987210297e-16,2.1573,153.13
61.41,257,292,0,9,-0.8660254037844385,-0.5000000000000004,4.8011,64.36
189.02,267,1702,2,7,1.2246467991473532e-16,-1.0,5.047,198.56
434.14,67,373,0,7,1.2246467991473532e-16,-1.0,4.1463,452.14
148.45,310,713,0,11,-0.8660254037844386,0.5000000000000001,2.9628,152.85
764.38,191,189,2,10,-1.0,-1.8369701987210297e-16,0.3992,767.43
4040.17,172,613,1,2,0.49999999999999994,0.8660254037844387,1.2102,4089.06
53.71,264,672,1,5,0.8660254037844387,-0.4999999999999998,4.6445,56.2
112.58,186,1437,0,1,0.0,1.0,3.1715,116.15
131.82,199,450,0,5,0.8660254037844387,-0.4999999999999998,5.4158,138.96
1919.66,114,639,1,8,-0.4999999999999997,-0.8660254037844388,2.8436,1974.24
147.13,339,443,0,3,0.8660254037844386,0.5000000000000001,2.9912,151.54
105.03,354,614,1,2,0.49999999999999994,0.8660254037844387,0.7116,105.78
100.08,47,831,0,6,0.49999999999999994,-0.8660254037844387,2.5619,102.65
78.93,268,344,0,7,1.2246467991473532e-16,-1.0,6.8282,84.32
1238.91,8,468,0,9,-0.8660254037844385,-0.5000000000000004,2.0011,1263.7
1371.87,135,820,0,1,0.0,1.0,-1.0848,1356.99
238.73,355,1146,0,3,0.8660254037844386,0.5000000000000001,4.9253,250.49
303.14,63,290,1,10,-1.0,-1.8369701987210297e-16,1.1194,306.53
875.65,137,747,1,9,-0.8660254037844385,-0.5000000000000004,4.3152,913.43
4949.94,80,875,0,11,-0.8660254037844386,0.5000000000000001,3.8459,5140.31
2063.09,266,1613,1,10,-1.0,-1.8369701987210297e-16,4.0924,2147.52
2679.34,169,1419,0,11,-0.8660254037844386,0.5000000000000001,0.8746,2702.78
5000.0,217,1314,0,7,1.2246467991473532e-16,-1.0,6.343,5317.15
317.88,344,1256,2,12,-0.5000000000000004,0.8660254037844384,0.6731,320.02
50.98,190,316,1,5,0.8660254037844387,-0.4999999999999998,6.9882,54.55
2086.26,268,1592,1,11,-0.8660254037844386,0.5000000000000001,0.4012,2094.63
90.36,35,950,0,5,0.8660254037844387,-0.4999999999999998,4.0863,94.05
470.31,78,1363,0,6,0.49999999999999994,-0.8660254037844387,4.3526,490.78
1986.35,346,1564,1,9,-0.8660254037844385,-0.5000000000000004,4.2197,2070.16
804.0,314,1397,1,5,0.8660254037844387,-0.4999999999999998,4.1938,837.72
262.16,240,811,1,2,0.49999999999999994,0.8660254037844387,3.8444,272.24
622.28,138,1515,3,11,-0.8660254037844386,0.5000000000000001,1.2095,629.81
168.82,73,1051,0,6,0.49999999999999994,-0.8660254037844387,4.3861,176.23
83.96,311,1481,1,12,-0.5000000000000004,0.8660254037844384,5.6794,88.73
276.14,287,450,1,5,0.8660254037844387,-0.4999999999999998,4.123,287.53
64.62,88,853,0,12,-0.5000000000000004,0.8660254037844384,2.47,66.21
5000.0,215,912,0,8,-0.4999999999999997,-0.8660254037844388,2.6992,5134.96
327.91,226,462,1,10,-1.0,-1.8369701987210297e-16,0.82,330.6
2878.77,174,630,0,10,-1.0,-1.8369701987210297e-16,3.3836,2976.17
5000.0,339,1491,1,3,0.8660254037844386,0.5000000000000001,3.0914,5154.57
281.87,45,158,1,10,-1.0,-1.8369701987210297e-16,3.5484,291.87
346.02,94,776,0,12,-0.5000000000000004,0.8660254037844384,-0.2212,345.25
3443.86,34,932,0,8,-0.4999999999999997,-0.8660254037844388,3.8037,3574.85
69.62,253,1478,1,12,-0.5000000000000004,0.8660254037844384,2.2873,71.21
410.76,235,457,0,11,-0.8660254037844386,0.5000000000000001,3.5734,425.44
168.36,361,973,2,8,-0.4999999999999997,-0.8660254037844388,7.0777,180.27
1233.27,198,162,0,6,0.49999999999999994,-0.8660254037844387,3.5657,1277.24
2244.41,55,851,3,11,-0.8660254037844386,0.5000000000000001,-2.5425,2187.35
1157.95,165,1497,0,3,0.8660254037844386,0.5000000000000001,1.6193,1176.7
377.25,32,1160,0,7,1.2246467991473532e-16,-1.0,2.3455,386.09
631.09,245,790,1,10,-1.0,-1.8369701987210297e-16,3.6487,654.11
773.18,246,968,0,12,-0.5000000000000004,0.8660254037844384,-2.1558,756.51
1224.46,313,1449,0,4,1.0,6.123233995736766e-17,3.458,1266.8
3560.2,124,685,0,2,0.49999999999999994,0.8660254037844387,1.5089,3613.92
137.99,113,616,1,5,0.8660254037844387,-0.4999999999999998,4.6263,144.38
153.17,26,1479,1,11,-0.8660254037844386,0.5000000000000001,-1.6299,150.67
141.6,151,1283,0,7,1.2246467991473532e-16,-1.0,6.7714,151.19
1290.83,173,797,0,1,0.0,1.0,-0.951,1278.55
2386.31,276,62,0,2,0.49999999999999994,0.8660254037844387,-0.1383,2383.0
170.78,275,383,2,5,0.8660254037844387,-0.4999999999999998,4.8142,179.0
264.86,51,216,0,5,0.8660254037844387,-0.4999999999999998,0.6877,266.68
5000.0,104,1286,1,2,0.49999999999999994,0.8660254037844387,1.9432,5097.16
75.47,187,300,0,6,0.49999999999999994,-0.8660254037844387,5.2686,79.45
2404.28,122,366,1,6,0.49999999999999994,-0.8660254037844387,3.1756,2480.64
5000.0,9,1409,2,3,0.8660254037844386,0.5000000000000001,0.1767,5008.83
2046.82,309,745,0,3,0.8660254037844386,0.5000000000000001,4.0165,2129.03
241.97,267,973,1,8,-0.4999999999999997,-0.8660254037844388,6.8854,258.63
843.0,190,324,0,12,-0.5000000000000004,0.8660254037844384,-0.4417,839.28
160.37,116,509,1,12,-0.5000000000000004,0.8660254037844384,-1.2957,158.29
70.67,308,397,0,7,1.2246467991473532e-16,-1.0,5.9228,74.86
85.75,12,982,0,1,0.0,1.0,0.7389,86.38
64.19,163,1471,0,11,-0.8660254037844386,0.5000000000000001,1.2852,65.02
5000.0,293,1378,0,12,-0.5000000000000004,0.8660254037844384,3.0028,5150.14
830.6,348,446,2,4,1.0,6.123233995736766e-17,3.1496,856.77
247.39,92,1226,1,5,0.8660254037844387,-0.4999999999999998,3.1837,255.26
846.89,238,1148,0,1,0.0,1.0,1.8897,862.89
634.33,69,104,0,10,-1.0,-1.8369701987210297e-16,0.8434,639.68
125.13,42,1147,1,10,-1.0,-1.8369701987210297e-16,2.6631,128.47
179.37,129,692,0,1,0.0,1.0,2.2327,183.38
511.31,323,328,0,9,-0.8660254037844385,-0.5000000000000004,8.9257,556.95
2905.87,252,1267,1,5,0.8660254037844387,-0.4999999999999998,4.226,3028.67
110.87,179,1406,0,7,1.2246467991473532e-16,-1.0,5.2905,116.74
2899.47,103,916,0,3,0.8660254037844386,0.5000000000000001,-1.8867,2844.76
687.87,51,338,0,10,-1.0,-1.8369701987210297e-16,-1.2105,679.54
458.39,99,669,0,5,0.8660254037844387,-0.4999999999999998,2.1917,468.43
93.93,55,879,1,11,-0.8660254037844386,0.5000000000000001,2.0863,95.89
785.69,68,1448,1,2,0.49999999999999994,0.8660254037844387,-0.6787,780.36
317.94,251,1800,3,8,-0.4999999999999997,-0.8660254037844388,5.0928,334.13
127.97,48,1021,0,4,1.0,6.123233995736766e-17,1.5096,129.9
3573.13,17,1316,1,12,-0.5000000000000004,0.8660254037844384,-0.6908,3548.45
469.65,198,1299,2,7,1.2246467991473532e-16,-1.0,5.9293,497.49
62.74,104,642,1,9,-0.8660254037844385,-0.5000000000000004,2.7966,64.49
172.09,166,645,2,2,0.49999999999999994,0.8660254037844387,1.137,174.05
130.69,51,1551,3,9,-0.8660254037844385,-0.5000000000000004,1.3788,132.5
4095.15,76,926,1,2,0.49999999999999994,0.8660254037844387,-2.5619,3990.23
187.22,161,1775,3,5,0.8660254037844387,-0.4999999999999998,4.0189,194.74
573.01,252,1130,1,3,0.8660254037844386,0.5000000000000001,3.1195,590.88
1579.42,151,735,0,1,0.0,1.0,1.2934,1599.85
111.72,198,1272,2,8,-0.4999999999999997,-0.8660254037844388,6.3526,118.82
424.29,191,1199,1,3,0.8660254037844386,0.5000000000000001,1.8017,431.93
1344.97,98,1474,0,7,1.2246467991473532e-16,-1.0,4.1192,1400.38
2802.28,102,575,0,10,-1.0,-1.8369701987210297e-16,1.0777,2832.48
965.44,155,598,0,3,0.8660254037844386,0.5000000000000001,1.9328,984.09
65.8,11,850,2,9,-0.8660254037844385,-0.5000000000000004,1.51,66.8
164.57,250,202,0,4,1.0,6.123233995736766e-17,3.5114,170.35
244.25,224,728,0,4,1.0,6.123233995736766e-17,2.8425,251.19
286.97,112,693,0,7,1.2246467991473532e-16,-1.0,3.2029,296.17
3299.44,136,332,0,8,-0.4999999999999997,-0.8660254037844388,1.7382,3356.79
67.54,120,1501,2,8,-0.4999999999999997,-0.8660254037844388,4.9419,70.88
220.67,238,1048,0,3,0.8660254037844386,0.5000000000000001,3.3426,228.05
408.59,278,396,0,7,1.2246467991473532e-16,-1.0,4.7898,428.17
56.73,39,286,0,4,1.0,6.123233995736766e-17,2.4993,58.14
496.09,151,1033,1,4,1.0,6.123233995736766e-17,4.8144,519.98
59.96,5,283,1,12,-0.5000000000000004,0.8660254037844384,-2.2707,58.6
1949.37,165,264,0,2,0.49999999999999994,0.8660254037844387,-1.7368,1915.52
163.57,90,684,0,5,0.8660254037844387,-0.4999999999999998,5.125,171.96
739.73,122,1800,2,6,0.49999999999999994,-0.8660254037844387,3.4934,765.57
675.51,167,297,1,3,0.8660254037844386,0.5000000000000001,0.2473,677.18
204.86,118,918,1,10,-1.0,-1.8369701987210297e-16,4.15,213.36
258.88,144,863,0,6,0.49999999999999994,-0.8660254037844387,4.6756,270.98
532.24,279,1113,3,9,-0.8660254037844385,-0.5000000000000004,4.1409,554.28
2153.46,296,899,1,5,0.8660254037844387,-0.4999999999999998,4.3895,2247.99
435.68,2,968,0,11,-0.8660254037844386,0.5000000000000001,4.9961,457.44
397.08,138,524,2,9,-0.8660254037844385,-0.5000000000000004,2.1662,405.68
1042.92,309,1798,2,4,1.0,6.123233995736766e-17,4.6116,1091.02
301.97,194,511,1,12,-0.5000000000000004,0.8660254037844384,0.4994,303.48
1350.62,75,680,1,11,-0.8660254037844386,0.5000000000000001,0.6266,1359.08
40.0,217,80,0,8,-0.4999999999999997,-0.8660254037844388,4.5149,41.81
491.22,53,909,0,1,0.0,1.0,1.2119,497.18
3924.44,7,909,0,8,-0.4999999999999997,-0.8660254037844388,2.0593,4005.25
684.4,231,344,1,9,-0.8660254037844385,-0.5000000000000004,3.9293,711.29
411.99,188,471,0,5,0.8660254037844387,-0.4999999999999998,2.787,423.48
2116.59,276,1161,0,2,0.49999999999999994,0.8660254037844387,0.8569,2134.73
344.86,126,1329,2,7,1.2246467991473532e-16,-1.0,1.2833,349.28
380.18,312,492,0,10,-1.0,-1.8369701987210297e-16,4.5652,397.53
128.76,154,1068,1,4,1.0,6.123233995736766e-17,2.277,131.69
98.24,270,1132,0,6,0.49999999999999994,-0.8660254037844387,9.9794,108.04
49.37,36,588,0,1,0.0,1.0,-0.6556,49.04
1202.87,35,300,0,9,-0.8660254037844385,-0.5000000000000004,3.2002,1241.37
305.94,286,76,0,11,-0.8660254037844386,0.5000000000000001,3.854,317.73
5000.0,305,1435,0,10,-1.0,-1.8369701987210297e-16,3.5964,5179.82
97.32,344,511,0,6,0.49999999999999994,-0.8660254037844387,5.4094,102.58
180.45,118,1369,1,1,0.0,1.0,0.7105,181.73
865.13,8,518,0,6,0.49999999999999994,-0.8660254037844387,3.7971,897.98
69.42,358,1082,0,12,-0.5000000000000004,0.8660254037844384,7.3404,74.51
458.97,220,529,0,2,0.49999999999999994,0.8660254037844387,-0.331,457.45
90.67,90,929,0,3,0.8660254037844386,0.5000000000000001,2.1693,92.64
130.0,279,1433,0,11,-0.8660254037844386,0.5000000000000001,3.1592,134.11
615.87,330,1142,0,7,1.2246467991473532e-16,-1.0,6.1284,653.62
552.54,104,358,1,3,0.8660254037844386,0.5000000000000001,2.6717,567.3
137.93,281,1039,1,1,0.0,1.0,1.1506,139.52
162.57,288,854,2,5,0.8660254037844387,-0.4999999999999998,2.1379,166.05
150.67,183,451,1,8,-0.4999999999999997,-0.8660254037844388,4.7005,157.75
111.6,231,1256,0,11,-0.8660254037844386,0.5000000000000001,4.2344,116.32
5000.0,98,1475,0,11,-0.8660254037844386,0.5000000000000001,0.484,5024.2
1573.26,340,1392,0,6,0.49999999999999994,-0.8660254037844387,5.1403,1654.13
95.77,359,1355,1,6,0.49999999999999994,-0.8660254037844387,7.0866,102.55
251.32,359,726,0,12,-0.5000000000000004,0.8660254037844384,1.1963,254.33
108.96,269,811,0,10,-1.0,-1.8369701987210297e-16,5.2908,114.72
154.83,15,1308,3,3,0.8660254037844386,0.5000000000000001,-1.194,152.99
4591.68,134,1116,0,9,-0.8660254037844385,-0.5000000000000004,5.4663,4842.68
65.66,162,121,0,9,-0.8660254037844385,-0.5000000000000004,4.0824,68.34
3778.35,351,1620,2,3,0.8660254037844386,0.5000000000000001,1.935,3851.46
3007.22,200,1221,0,12,-0.5000000000000004,0.8660254037844384,1.0341,3038.32
2073.9,196,1493,0,4,1.0,6.123233995736766e-17,0.3246,2080.63
524.27,53,910,0,7,1.2246467991473532e-16,-1.0,3.7989,544.19
156.53,290,710,0,6,0.49999999999999994,-0.8660254037844387,6.0213,165.95
2461.52,123,1162,3,9,-0.8660254037844385,-0.5000000000000004,1.6653,2502.51
2604.47,33,1040,1,11,-0.8660254037844386,0.5000000000000001,-0.7126,2585.91
498.47,361,485,0,5,0.8660254037844387,-0.4999999999999998,7.362,535.17
69.52,69,1176,0,5,0.8660254037844387,-0.4999999999999998,3.6954,72.09
113.99,5,691,0,10,-1.0,-1.8369701987210297e-16,0.1867,114.2
54.52,28,579,1,12,-0.5000000000000004,0.8660254037844384,-2.9351,52.92
126.96,165,1115,0,11,-0.8660254037844386,0.5000000000000001,2.3177,129.9
471.28,37,535,0,10,-1.0,-1.8369701987210297e-16,-0.2952,469.89
2171.73,308,402,1,9,-0.8660254037844385,-0.5000000000000004,1.5169,2204.67
1138.52,187,1229,2,10,-1.0,-1.8369701987210297e-16,1.597,1156.7
787.67,118,906,2,12,-0.5000000000000004,0.8660254037844384,1.3255,798.11
1454.93,1,615,1,1,0.0,1.0,-1.1193,1438.64
696.23,175,95,0,8,-0.4999999999999997,-0.8660254037844388,1.6178,707.5
382.1,55,851,1,1,0.0,1.0,-0.4251,380.48
2583.43,357,1385,2,7,1.2246467991473532e-16,-1.0,5.8623,2734.88
243.29,106,1211,0,5,0.8660254037844387,-0.4999999999999998,5.092,255.68
3127.63,173,352,0,4,1.0,6.123233995736766e-17,4.1793,3258.34
78.63,6,671,0,11,-0.8660254037844386,0.5000000000000001,-1.2311,77.66
1216.1,47,1800,3,9,-0.8660254037844385,-0.5000000000000004,-0.3183,1212.23
510.62,75,1010,2,7,1.2246467991473532e-16,-1.0,2.1783,521.74
354.82,18,874,1,11,-0.8660254037844386,0.5000000000000001,0.5284,356.69
400.92,265,1034,0,2,0.49999999999999994,0.8660254037844387,-1.4789,394.99
59.29,346,1040,2,8,-0.4999999999999997,-0.8660254037844388,5.739,62.69
1996.32,360,1269,0,2,0.49999999999999994,0.8660254037844387,0.0662,1997.64
229.09,97,569,0,3,0.8660254037844386,0.5000000000000001,1.4711,232.46
463.59,288,942,1,3,0.8660254037844386,0.5000000000000001,5.8729,490.81
2713.1,184,980,1,7,1.2246467991473532e-16,-1.0,5.5964,2864.93
835.4,16,1374,2,8,-0.4999999999999997,-0.8660254037844388,0.074,836.02
2383.75,33,537,0,10,-1.0,-1.8369701987210297e-16,-0.0679,2382.13
78.14,200,445,0,6,0.49999999999999994,-0.8660254037844387,3.9475,81.23
164.19,155,569,0,12,-0.5000000000000004,0.8660254037844384,3.4085,169.78
116.38,3,383,0,5,0.8660254037844387,-0.4999999999999998,-1.4807,114.66
2494.04,340,461,2,2,0.49999999999999994,0.8660254037844387,-0.203,2488.97
2275.0,267,1237,0,1,0.0,1.0,0.6845,2290.58
2206.63,183,547,0,2,0.49999999999999994,0.8660254037844387,-1.1817,2180.56
597.99,361,438,0,6,0.49999999999999994,-0.8660254037844387,8.2514,647.33
163.33,355,1399,1,5,0.8660254037844387,-0.4999999999999998,3.6124,169.23
330.45,356,1427,2,11,-0.8660254037844386,0.5000000000000001,1.293,334.73
538.57,94,402,0,2,0.49999999999999994,0.8660254037844387,2.3617,551.29
45.68,322,488,0,4,1.0,6.123233995736766e-17,4.5266,47.74
1198.68,184,1576,2,12,-0.5000000000000004,0.8660254037844384,0.1066,1199.96
2374.78,265,582,1,1,0.0,1.0,-0.4867,2363.22
269.9,314,1299,0,6,0.49999999999999994,-0.8660254037844387,6.7669,288.17
1261.53,59,944,0,3,0.8660254037844386,0.5000000000000001,0.0408,1262.05
560.0,164,1642,3,7,1.2246467991473532e-16,-1.0,2.5828,574.46
48.71,47,890,1,12,-0.5000000000000004,0.8660254037844384,-1.7977,47.84
129.17,102,89,0,3,0.8660254037844386,0.5000000000000001,0.8729,130.3
688.39,151,1245,0,5,0.8660254037844387,-0.4999999999999998,3.2708,710.91
1510.22,313,861,0,6,0.49999999999999994,-0.8660254037844387,4.966,1585.22
253.22,315,296,0,10,-1.0,-1.8369701987210297e-16,4.8366,265.47
137.76,142,1258,0,12,-0.5000000000000004,0.8660254037844384,1.3171,139.57
55.29,120,472,0,2,0.49999999999999994,0.8660254037844387,0.9849,55.83
1273.01,194,577,0,6,0.49999999999999994,-0.8660254037844387,6.8684,1360.44
288.78,333,975,0,10,-1.0,-1.8369701987210297e-16,5.5505,304.81
873.7,357,456,0,1,0.0,1.0,1.0389,882.78
94.28,82,54,0,10,-1.0,-1.8369701987210297e-16,-0.0503,94.23
1476.84,68,578,1,3,0.8660254037844386,0.5000000000000001,-0.5339,1468.96
268.45,258,1039,0,7,1.2246467991473532e-16,-1.0,7.6618,289.01
60.7,110,976,2,12,-0.5000000000000004,0.8660254037844384,-0.3465,60.49
608.33,73,1370,2,8,-0.4999999999999997,-0.8660254037844388,2.8882,625.9
1267.61,11,577,2,12,-0.5000000000000004,0.8660254037844384,-3.4698,1223.62
3302.63,147,419,0,8,-0.4999999999999997,-0.8660254037844388,2.7723,3394.19
3903.72,143,391,0,3,0.8660254037844386,0.5000000000000001,-1.3817,3849.78
316.77,206,311,1,9,-0.8660254037844385,-0.5000000000000004,3.6119,328.21
930.47,73,986,0,8,-0.4999999999999997,-0.8660254037844388,3.8843,966.62
542.29,261,351,0,4,1.0,6.123233995736766e-17,5.2763,570.9
579.61,248,732,0,1,0.0,1.0,1.7593,589.8
106.26,169,1622,1,8,-0.4999999999999997,-0.8660254037844388,4.1746,110.69
1018.23,66,631,1,7,1.2246467991473532e-16,-1.0,4.951,1068.65
3681.74,185,328,0,10,-1.0,-1.8369701987210297e-16,2.2605,3764.97
113.86,246,1800,2,2,0.49999999999999994,0.8660254037844387,2.1334,116.29
188.01,136,645,1,7,1.2246467991473532e-16,-1.0,4.3746,196.23
59.72,96,475,0,10,-1.0,-1.8369701987210297e-16,2.7449,61.35
360.81,185,1092,0,11,-0.8660254037844386,0.5000000000000001,1.3529,365.69
356.6,130,233,0,12,-0.5000000000000004,0.8660254037844384,0.0102,356.63
256.81,146,973,2,3,0.8660254037844386,0.5000000000000001,0.8275,258.93
380.87,127,489,1,3,0.8660254037844386,0.5000000000000001,1.2398,385.6
2669.36,111,1534,1,7,1.2246467991473532e-16,-1.0,5.3209,2811.4
119.02,262,657,1,6,0.49999999999999994,-0.8660254037844387,6.8429,127.17
1771.91,168,870,0,3,0.8660254037844386,0.5000000000000001,2.3548,1813.64
2004.82,170,971,2,2,0.49999999999999994,0.8660254037844387,-2.8498,1947.68
744.93,239,1002,2,2,0.49999999999999994,0.8660254037844387,0.0861,745.58
167.62,132,369,1,5,0.8660254037844387,-0.4999999999999998,0.141,167.85
3379.01,36,427,0,9,-0.8660254037844385,-0.5000000000000004,2.8535,3475.43
322.25,312,1289,0,1,0.0,1.0,2.6488,330.79
61.85,20,843,0,2,0.49999999999999994,0.8660254037844387,0.0534,61.88
111.13,209,1322,0,4,1.0,6.123233995736766e-17,3.3655,114.87
3427.73,97,1048,1,11,-0.8660254037844386,0.5000000000000001,2.1738,3502.24
86.63,78,622,1,12,-0.5000000000000004,0.8660254037844384,0.333,86.92
384.07,15,923,2,6,0.49999999999999994,-0.8660254037844387,1.7769,390.89
1456.53,329,1173,0,1,0.0,1.0,2.3806,1491.2
598.05,157,391,0,1,0.0,1.0,0.475,600.89
1102.18,125,918,0,11,-0.8660254037844386,0.5000000000000001,1.175,1115.13
310.79,271,1800,3,6,0.49999999999999994,-0.8660254037844387,6.4414,330.81
1307.52,14,1384,1,1,0.0,1.0,0.3235,1311.75
46.1,206,608,0,11,-0.8660254037844386,0.5000000000000001,2.9979,47.48
142.06,181,534,1,7,1.2246467991473532e-16,-1.0,3.5493,147.1
91.39,202,1055,1,5,0.8660254037844387,-0.4999999999999998,5.1413,96.09
434.99,45,933,0,6,0.49999999999999994,-0.8660254037844387,2.7235,446.84
107.36,348,1096,0,3,0.8660254037844386,0.5000000000000001,6.5398,114.38
464.31,87,150,0,12,-0.5000000000000004,0.8660254037844384,1.7287,472.34
114.13,248,831,0,10,-1.0,-1.8369701987210297e-16,5.477,120.38
237.17,273,146,1,3,0.8660254037844386,0.5000000000000001,-0.1774,236.75
87.66,125,1487,0,9,-0.8660254037844385,-0.5000000000000004,3.9912,91.16
460.45,47,1402,1,3,0.8660254037844386,0.5000000000000001,0.2213,461.46
2553.7,108,1328,1,6,0.49999999999999994,-0.8660254037844387,2.0503,2606.06
185.2,295,473,0,9,-0.8660254037844385,-0.5000000000000004,4.6109,193.74
1541.5,331,1381,2,1,0.0,1.0,1.4124,1563.27
342.92,342,693,0,9,-0.8660254037844385,-0.5000000000000004,6.3228,364.61
154.61,82,1064,1,3,0.8660254037844386,0.5000000000000001,3.2567,159.65
166.19,221,382,0,9,-0.8660254037844385,-0.5000000000000004,4.295,173.33
193.42,55,813,1,6,0.49999999999999994,-0.8660254037844387,2.9611,199.14
1946.68,259,1321,0,1,0.0,1.0,-0.3044,1940.75
99.24,152,321,0,10,-1.0,-1.8369701987210297e-16,3.2371,102.46
4464.78,261,604,0,4,1.0,6.123233995736766e-17,2.1789,4562.07
1106.81,250,642,1,12,-0.5000000000000004,0.8660254037844384,0.5178,1112.54
264.05,363,468,1,11,-0.8660254037844386,0.5000000000000001,1.9697,269.25
5000.0,178,764,1,3,0.8660254037844386,0.5000000000000001,-0.0249,4998.75
140.46,125,930,0,8,-0.4999999999999997,-0.8660254037844388,6.1392,149.08
1364.05,192,335,1,5,0.8660254037844387,-0.4999999999999998,2.3301,1395.83
141.51,59,450,1,8,-0.4999999999999997,-0.8660254037844388,5.325,149.05
738.52,40,1234,0,7,1.2246467991473532e-16,-1.0,2.0449,753.62
52.34,190,424,0,4,1.0,6.123233995736766e-17,5.2434,55.09
2324.01,302,533,0,8,-0.4999999999999997,-0.8660254037844388,4.1471,2420.39
308.55,195,1251,1,4,1.0,6.123233995736766e-17,3.209,318.46
863.42,286,1131,0,11,-0.8660254037844386,0.5000000000000001,3.8043,896.27
4853.41,65,1441,0,12,-0.5000000000000004,0.8660254037844384,1.4198,4922.32
46.19,164,675,3,2,0.49999999999999994,0.8660254037844387,1.6576,46.95
5000.0,224,1364,2,9,-0.8660254037844385,-0.5000000000000004,4.5704,5228.52
644.61,127,1098,0,12,-0.5000000000000004,0.8660254037844384,0.7461,649.42
1489.71,5,427,2,2,0.49999999999999994,0.8660254037844387,-0.4314,1483.28
545.57,26,1321,0,9,-0.8660254037844385,-0.5000000000000004,3.6002,565.21
2205.69,339,942,2,12,-0.5000000000000004,0.8660254037844384,-3.3412,2132.0
2893.95,221,661,0,3,0.8660254037844386,0.5000000000000001,1.7721,2945.23
340.16,96,1204,0,7,1.2246467991473532e-16,-1.0,4.3118,354.82
1628.92,94,1449,3,10,-1.0,-1.8369701987210297e-16,-0.0618,1627.91
4571.32,14,445,0,5,0.8660254037844387,-0.4999999999999998,1.8232,4654.66
1604.44,345,739,1,3,0.8660254037844386,0.5000000000000001,2.8064,1649.47
4996.02,39,1122,0,5,0.8660254037844387,-0.4999999999999998,1.156,5053.78
1239.38,277,311,0,5,0.8660254037844387,-0.4999999999999998,6.0075,1313.84
237.97,87,1123,2,9,-0.8660254037844385,-0.5000000000000004,0.7789,239.82
2718.22,122,1133,0,5,0.8660254037844387,-0.4999999999999998,1.255,2752.33
1333.22,100,1514,2,5,0.8660254037844387,-0.4999999999999998,0.5255,1340.23
64.34,301,1391,2,12,-0.5000000000000004,0.8660254037844384,3.0309,66.29
97.85,12,567,0,7,1.2246467991473532e-16,-1.0,3.9607,101.73
132.86,128,334,0,12,-0.5000000000000004,0.8660254037844384,-0.4718,132.23
2013.9,102,1405,0,9,-0.8660254037844385,-0.5000000000000004,2.3382,2060.99
2169.88,99,914,0,11,-0.8660254037844386,0.5000000000000001,0.9178,2189.8
2223.1,70,638,0,3,0.8660254037844386,0.5000000000000001,-1.3835,2192.34
81.26,333,1358,0,12,-0.5000000000000004,0.8660254037844384,4.9608,85.29
78.83,138,1320,1,12,-0.5000000000000004,0.8660254037844384,3.8634,81.87
192.34,153,738,0,1,0.0,1.0,1.0667,194.4
1035.35,140,560,1,5,0.8660254037844387,-0.4999999999999998,3.0312,1066.74
1882.49,358,163,0,5,0.8660254037844387,-0.4999999999999998,4.1058,1959.78
2934.46,124,817,0,6,0.49999999999999994,-0.8660254037844387,5.8149,3105.1
96.51,125,211,0,10,-1.0,-1.8369701987210297e-16,5.1923,101.53
1572.2,120,496,0,9,-0.8660254037844385,-0.5000000000000004,2.0977,1605.18
1136.35,119,1270,1,3,0.8660254037844386,0.5000000000000001,1.0103,1147.83
2647.2,32,63,0,8,-0.4999999999999997,-0.8660254037844388,2.5885,2715.72
2426.39,221,1684,1,12,-0.5000000000000004,0.8660254037844384,1.5575,2464.18
564.86,9,823,1,6,0.49999999999999994,-0.8660254037844387,0.7779,569.25
2352.46,82,1311,0,12,-0.5000000000000004,0.8660254037844384,-2.5063,2293.5
163.51,73,472,2,8,-0.4999999999999997,-0.8660254037844388,1.7091,166.3
2018.23,106,1077,2,12,-0.5000000000000004,0.8660254037844384,-0.295,2012.27
2433.32,276,1440,0,11,-0.8660254037844386,0.5000000000000001,2.1942,2486.71
2921.96,219,1197,2,1,0.0,1.0,-1.5718,2876.03
177.33,362,1222,0,10,-1.0,-1.8369701987210297e-16,4.5993,185.48
3017.01,128,1250,1,3,0.8660254037844386,0.5000000000000001,3.527,3123.42
120.92,339,1121,0,10,-1.0,-1.8369701987210297e-16,3.6747,125.37
1715.2,16,732,1,10,-1.0,-1.8369701987210297e-16,-0.4871,1706.84
3755.77,184,821,1,4,1.0,6.123233995736766e-17,1.2062,3801.07
49.79,292,789,3,1,0.0,1.0,4.0009,51.78
867.24,194,962,3,6,0.49999999999999994,-0.8660254037844387,0.9508,875.49
783.44,341,138,0,4,1.0,6.123233995736766e-17,1.9324,798.57
2064.14,115,688,1,7,1.2246467991473532e-16,-1.0,3.3335,2132.95
87.79,12,1101,0,1,0.0,1.0,0.2986,88.06
2848.79,283,342,0,1,0.0,1.0,2.3224,2914.95
5000.0,24,741,0,6,0.49999999999999994,-0.8660254037844387,3.8287,5191.43
1248.59,279,1238,2,10,-1.0,-1.8369701987210297e-16,1.6883,1269.67
296.64,268,428,1,4,1.0,6.123233995736766e-17,3.4884,306.99
1134.27,309,1226,0,4,1.0,6.123233995736766e-17,3.9478,1179.05
77.48,175,1800,3,2,0.49999999999999994,0.8660254037844387,0.0621,77.53
1383.96,327,457,1,4,1.0,6.123233995736766e-17,4.3109,1443.62
47.23,62,97,0,4,1.0,6.123233995736766e-17,1.8274,48.09
151.52,158,51,0,4,1.0,6.123233995736766e-17,4.6166,158.51
84.45,44,677,1,5,0.8660254037844387,-0.4999999999999998,3.3123,87.25
1124.73,280,299,1,4,1.0,6.123233995736766e-17,3.5843,1165.04
553.36,261,70,0,9,-0.8660254037844385,-0.5000000000000004,-0.5045,550.57
1258.76,295,716,0,5,0.8660254037844387,-0.4999999999999998,4.7621,1318.7
65.36,279,809,0,10,-1.0,-1.8369701987210297e-16,5.4144,68.9
192.32,112,72,0,8,-0.4999999999999997,-0.8660254037844388,4.2352,200.47
342.65,24,916,0,8,-0.4999999999999997,-0.8660254037844388,5.7521,362.36
767.95,340,632,0,8,-0.4999999999999997,-0.8660254037844388,6.7145,819.52
62.78,180,336,0,12,-0.5000000000000004,0.8660254037844384,-0.4178,62.52
824.58,34,420,1,4,1.0,6.123233995736766e-17,0.8754,831.8
354.77,339,1150,0,12,-0.5000000000000004,0.8660254037844384,4.5058,370.76
2598.51,363,201,0,3,0.8660254037844386,0.5000000000000001,1.071,2626.33
324.01,163,336,0,2,0.49999999999999994,0.8660254037844387,0.1478,324.49
88.98,281,1386,2,10,-1.0,-1.8369701987210297e-16,5.086,93.5
83.47,13,961,0,11,-0.8660254037844386,0.5000000000000001,0.9964,84.3
206.06,34,1500,0,2,0.49999999999999994,0.8660254037844387,2.2912,210.78
105.71,101,103,0,8,-0.4999999999999997,-0.8660254037844388,3.8386,109.77
1753.75,240,521,1,7,1.2246467991473532e-16,-1.0,0.8968,1769.47
1581.49,48,1008,0,3,0.8660254037844386,0.5000000000000001,0.551,1590.2
56.85,12,379,0,7,1.2246467991473532e-16,-1.0,2.5515,58.3
2718.45,244,1049,2,9,-0.8660254037844385,-0.5000000000000004,4.0946,2829.76
67.96,281,648,1,7,1.2246467991473532e-16,-1.0,6.6011,72.45
2306.09,270,1221,0,7,1.2246467991473532e-16,-1.0,4.291,2405.04
94.46,292,1188,0,11,-0.8660254037844386,0.5000000000000001,4.4193,98.64
326.74,293,1402,2,3,0.8660254037844386,0.5000000000000001,3.3818,337.79
1757.51,220,1153,2,8,-0.4999999999999997,-0.8660254037844388,4.5308,1837.14
161.45,190,938,1,4,1.0,6.123233995736766e-17,4.8487,169.28
86.73,313,1045,1,12,-0.5000000000000004,0.8660254037844384,1.3526,87.91
1467.59,127,337,2,4,1.0,6.123233995736766e-17,0.003,1467.64
1245.7,35,990,2,11,-0.8660254037844386,0.5000000000000001,-4.2051,1193.32
2755.97,275,447,0,8,-0.4999999999999997,-0.8660254037844388,6.3133,2929.96
1185.73,100,1655,3,3,0.8660254037844386,0.5000000000000001,-0.1782,1183.62
54.78,358,412,1,10,-1.0,-1.8369701987210297e-16,4.0063,56.97
756.48,151,330,1,3,0.8660254037844386,0.5000000000000001,0.1863,757.89
2964.76,311,1447,0,4,1.0,6.123233995736766e-17,4.799,3107.04
55.65,15,274,0,5,0.8660254037844387,-0.4999999999999998,3.6113,57.66
91.58,241,913,1,9,-0.8660254037844385,-0.5000000000000004,4.5386,95.74
1141.43,164,823,1,5,0.8660254037844387,-0.4999999999999998,3.7692,1184.45
1710.65,169,437,0,7,1.2246467991473532e-16,-1.0,4.6348,1789.93
250.79,97,864,1,7,1.2246467991473532e-16,-1.0,0.9597,253.2
1747.0,355,1111,0,3,0.8660254037844386,0.5000000000000001,2.3388,1787.86
79.8,143,210,0,3,0.8660254037844386,0.5000000000000001,2.2073,81.56
432.39,311,1166,1,4,1.0,6.123233995736766e-17,5.9796,458.25
2039.73,155,1505,1,3,0.8660254037844386,0.5000000000000001,3.2921,2106.88
105.81,17,467,0,12,-0.5000000000000004,0.8660254037844384,-2.1915,103.49
273.39,321,1031,0,5,0.8660254037844387,-0.4999999999999998,7.4527,293.77
1164.89,67,1385,0,5,0.8660254037844387,-0.4999999999999998,4.5938,1218.4
310.15,98,1552,1,9,-0.8660254037844385,-0.5000000000000004,4.1228,322.94
3436.59,315,1408,2,10,-1.0,-1.8369701987210297e-16,-0.1521,3431.36
5000.0,327,1537,1,9,-0.8660254037844385,-0.5000000000000004,3.7429,5187.14
1201.53,335,1413,1,7,1.2246467991473532e-16,-1.0,6.0552,1274.28
1925.0,155,791,0,12,-0.5000000000000004,0.8660254037844384,0.3729,1932.18
2647.15,277,228,0,11,-0.8660254037844386,0.5000000000000001,-1.8129,2599.16
1649.64,119,1658,2,3,0.8660254037844386,0.5000000000000001,-0.022,1649.28
1590.39,270,462,0,2,0.49999999999999994,0.8660254037844387,-0.156,1587.91
79.37,183,1117,0,5,0.8660254037844387,-0.4999999999999998,6.1351,84.24
2528.23,19,983,0,11,-0.8660254037844386,0.5000000000000001,0.6037,2543.5
163.41,152,727,1,12,-0.5000000000000004,0.8660254037844384,1.8764,166.47
77.46,171,1172,0,9,-0.8660254037844385,-0.5000000000000004,4.6164,81.03
842.24,94,1002,0,9,-0.8660254037844385,-0.5000000000000004,3.3665,870.59
164.13,137,1329,1,3,0.8660254037844386,0.5000000000000001,2.003,167.42
88.42,183,1432,0,8,-0.4999999999999997,-0.8660254037844388,7.4462,95.0
727.82,18,445,0,3,0.8660254037844386,0.5000000000000001,-1.2617,718.64
87.8,55,1271,1,7,1.2246467991473532e-16,-1.0,3.18,90.59
2780.44,280,792,3,3,0.8660254037844386,0.5000000000000001,2.0969,2838.74
5000.0,128,1077,0,1,0.0,1.0,1.525,5076.25
1222.5,222,271,0,12,-0.5000000000000004,0.8660254037844384,1.2581,1237.88
153.14,207,368,0,11,-0.8660254037844386,0.5000000000000001,4.6778,160.31
549.82,201,329,0,9,-0.8660254037844385,-0.5000000000000004,6.7343,586.85
71.08,151,1731,2,8,-0.4999999999999997,-0.8660254037844388,6.4966,75.7
876.91,176,827,1,3,0.8660254037844386,0.5000000000000001,0.2645,879.23
153.81,301,612,0,7,1.2246467991473532e-16,-1.0,7.7767,165.77
384.18,353,733,1,9,-0.8660254037844385,-0.5000000000000004,5.2812,404.47
118.84,93,953,0,7,1.2246467991473532e-16,-1.0,4.3039,123.96
5000.0,245,1378,0,4,1.0,6.123233995736766e-17,2.3682,5118.41
151.88,354,1499,2,5,0.8660254037844387,-0.4999999999999998,5.8011,160.69
256.78,2,192,0,11,-0.8660254037844386,0.5000000000000001,0.3671,257.73
159.43,287,795,0,4,1.0,6.123233995736766e-17,6.7481,170.18
526.58,181,617,2,12,-0.5000000000000004,0.8660254037844384,1.0717,532.22
2713.73,354,286,0,10,-1.0,-1.8369701987210297e-16,3.9867,2821.92
83.55,211,331,0,11,-0.8660254037844386,0.5000000000000001,2.0997,85.3
103.45,306,1060,0,7,1.2246467991473532e-16,-1.0,7.5051,111.22
82.83,60,1319,0,3,0.8660254037844386,0.5000000000000001,-0.2331,82.64
648.3,52,404,0,1,0.0,1.0,-0.0743,647.82
1036.13,339,1416,0,7,1.2246467991473532e-16,-1.0,7.2303,1111.04
1965.79,192,431,0,5,0.8660254037844387,-0.4999999999999998,6.0693,2085.1
2169.08,204,492,0,2,0.49999999999999994,0.8660254037844387,0.6069,2182.24
63.76,62,452,1,12,-0.5000000000000004,0.8660254037844384,1.6046,64.79
2766.06,82,439,2,12,-0.5000000000000004,0.8660254037844384,-2.6227,2693.51
2613.98,299,1109,1,5,0.8660254037844387,-0.4999999999999998,6.8354,2792.65
966.69,111,768,1,9,-0.8660254037844385,-0.5000000000000004,4.7986,1013.07
197.3,213,395,1,5,0.8660254037844387,-0.4999999999999998,5.4272,208.0
1669.21,115,867,0,6,0.49999999999999994,-0.8660254037844387,4.0038,1736.04
805.3,96,547,0,8,-0.4999999999999997,-0.8660254037844388,3.1941,831.02
234.83,60,616,0,5,0.8660254037844387,-0.4999999999999998,2.5357,240.78
62.6,340,1340,0,10,-1.0,-1.8369701987210297e-16,4.1782,65.21
851.09,344,1346,3,3,0.8660254037844386,0.5000000000000001,2.5915,873.14
701.43,42,704,0,9,-0.8660254037844385,-0.5000000000000004,2.0523,715.82
110.85,129,1303,2,12,-0.5000000000000004,0.8660254037844384,1.3879,112.39
4260.13,206,1347,0,11,-0.8660254037844386,0.5000000000000001,2.4134,4362.95
115.38,140,1119,0,1,0.0,1.0,0.1595,115.57
183.31,263,762,0,2,0.49999999999999994,0.8660254037844387,4.2618,191.12
242.2,95,490,0,8,-0.4999999999999997,-0.8660254037844388,4.1588,252.28
958.94,21,305,0,12,-0.5000000000000004,0.8660254037844384,-0.2503,956.54
55.99,123,383,1,11,-0.8660254037844386,0.5000000000000001,-0.6116,55.64
1516.64,218,1149,0,11,-0.8660254037844386,0.5000000000000001,1.2509,1535.61
379.78,66,1193,1,2,0.49999999999999994,0.8660254037844387,-0.4001,378.26
99.76,298,685,2,7,1.2246467991473532e-16,-1.0,5.8964,105.64
102.24,4,1411,0,9,-0.8660254037844385,-0.5000000000000004,2.8153,105.12
419.52,24,1800,3,8,-0.4999999999999997,-0.8660254037844388,3.934,436.03
418.8,186,948,0,10,-1.0,-1.8369701987210297e-16,5.1305,440.29
77.5,187,426,0,3,0.8660254037844386,0.5000000000000001,1.3019,78.51
465.14,107,782,0,6,0.49999999999999994,-0.8660254037844387,8.7194,505.7
613.69,94,1379,1,6,0.49999999999999994,-0.8660254037844387,3.6746,636.24
4901.81,25,783,0,12,-0.5000000000000004,0.8660254037844384,0.9068,4946.26
1399.82,242,910,1,3,0.8660254037844386,0.5000000000000001,1.4282,1419.81
50.94,138,1014,2,4,1.0,6.123233995736766e-17,3.5463,52.75
546.0,43,1271,0,1,0.0,1.0,1.4642,553.99
50.39,146,770,1,2,0.49999999999999994,0.8660254037844387,-0.9428,49.91
457.79,342,532,1,12,-0.5000000000000004,0.8660254037844384,4.5045,478.41
236.12,95,793,0,11,-0.8660254037844386,0.5000000000000001,0.607,237.55
3661.73,327,967,0,4,1.0,6.123233995736766e-17,3.4253,3787.15
617.57,94,1405,0,9,-0.8660254037844385,-0.5000000000000004,2.765,634.64
2003.33,68,209,0,8,-0.4999999999999997,-0.8660254037844388,1.3446,2030.26
985.06,95,1655,1,11,-0.8660254037844386,0.5000000000000001,0.1169,986.21
366.54,118,1217,0,4,1.0,6.123233995736766e-17,1.3618,371.54
158.55,44,1079,0,12,-0.5000000000000004,0.8660254037844384,1.9363,161.62
95.26,215,489,1,5,0.8660254037844387,-0.4999999999999998,4.3046,99.36
1670.63,122,441,1,9,-0.8660254037844385,-0.5000000000000004,1.7825,1700.41
2926.6,262,857,2,5,0.8660254037844387,-0.4999999999999998,4.7027,3064.23
176.53,179,310,0,9,-0.8660254037844385,-0.5000000000000004,6.5476,188.09
535.24,162,1096,1,5,0.8660254037844387,-0.4999999999999998,1.3927,542.69
213.05,172,1140,0,11,-0.8660254037844386,0.5000000000000001,5.3337,224.42
401.66,57,836,1,8,-0.4999999999999997,-0.8660254037844388,3.2021,414.52
3221.54,260,1052,0,4,1.0,6.123233995736766e-17,1.4879,3269.47
106.64,38,1179,0,12,-0.5000000000000004,0.8660254037844384,1.4785,108.22
233.93,264,1755,3,9,-0.8660254037844385,-0.5000000000000004,3.8161,242.86
1475.03,365,1280,1,6,0.49999999999999994,-0.8660254037844387,7.0219,1578.61
175.43,279,507,1,2,0.49999999999999994,0.8660254037844387,2.0159,178.97
53.81,166,234,0,12,-0.5000000000000004,0.8660254037844384,1.6737,54.71
348.39,115,1496,1,10,-1.0,-1.8369701987210297e-16,1.9711,355.26
1352.23,319,1171,0,9,-0.8660254037844385,-0.5000000000000004,3.7069,1402.35
5000.0,94,1281,0,10,-1.0,-1.8369701987210297e-16,3.1333,5156.67
3056.69,176,661,0,8,-0.4999999999999997,-0.8660254037844388,3.3218,3158.23
532.47,282,274,0,3,0.8660254037844386,0.5000000000000001,2.7817,547.28
1976.96,337,915,0,3,0.8660254037844386,0.5000000000000001,5.3211,2082.15
781.44,337,1139,1,1,0.0,1.0,1.7603,795.2
403.97,32,360,0,1,0.0,1.0,-0.0148,403.91
104.75,328,837,1,9,-0.8660254037844385,-0.5000000000000004,5.5021,110.51
194.6,41,1061,2,11,-0.8660254037844386,0.5000000000000001,-0.3468,193.93
342.27,213,423,0,2,0.49999999999999994,0.8660254037844387,-0.9336,339.07
5000.0,340,1383,1,7,1.2246467991473532e-16,-1.0,5.5548,5277.74
833.15,239,752,0,2,0.49999999999999994,0.8660254037844387,1.4856,845.52
5000.0,346,1753,2,5,0.8660254037844387,-0.4999999999999998,2.8053,5140.26
111.7,126,46,0,10,-1.0,-1.8369701987210297e-16,-1.0164,110.57
83.41,115,1411,0,10,-1.0,-1.8369701987210297e-16,1.1782,84.39
5000.0,119,1008,0,12,-0.5000000000000004,0.8660254037844384,3.0992,5154.96
269.18,129,1484,2,4,1.0,6.123233995736766e-17,2.3486,275.5
517.29,249,464,0,12,-0.5000000000000004,0.8660254037844384,-0.579,514.3
52.66,165,360,1,10,-1.0,-1.8369701987210297e-16,1.6085,53.51
2305.2,269,381,0,5,0.8660254037844387,-0.4999999999999998,3.7219,2391.0
46.54,152,816,1,4,1.0,6.123233995736766e-17,3.8412,48.32
3084.63,112,537,0,2,0.49999999999999994,0.8660254037844387,-0.552,3067.6
84.12,69,326,0,12,-0.5000000000000004,0.8660254037844384,3.2505,86.85
79.12,201,63,0,3,0.8660254037844386,0.5000000000000001,4.9408,83.02
2628.77,328,1060,0,4,1.0,6.123233995736766e-17,4.6516,2751.05
330.68,314,1179,1,5,0.8660254037844387,-0.4999999999999998,4.746,346.37
124.93,92,342,1,2,0.49999999999999994,0.8660254037844387,0.4215,125.46
931.64,174,1185,0,10,-1.0,-1.8369701987210297e-16,1.2196,943.0
204.04,258,1468,0,9,-0.8660254037844385,-0.5000000000000004,7.2616,218.86
239.96,224,1500,0,2,0.49999999999999994,0.8660254037844387,2.9483,247.04
49.9,24,496,1,2,0.49999999999999994,0.8660254037844387,-2.4641,48.67
590.71,216,808,1,1,0.0,1.0,0.0391,590.94
63.78,14,281,2,12,-0.5000000000000004,0.8660254037844384,-1.0451,63.11
2035.29,42,522,2,6,0.49999999999999994,-0.8660254037844387,-1.255,2009.75
1994.45,239,1273,0,8,-0.4999999999999997,-0.8660254037844388,3.9385,2073.0
235.19,37,1454,0,2,0.49999999999999994,0.8660254037844387,-0.0169,235.15
481.87,124,505,2,3,0.8660254037844386,0.5000000000000001,1.5499,489.34
709.26,215,720,0,7,1.2246467991473532e-16,-1.0,7.8685,765.07
781.76,239,79,0,3,0.8660254037844386,0.5000000000000001,1.8499,796.22
409.63,163,1232,0,8,-0.4999999999999997,-0.8660254037844388,0.5417,411.85
1082.36,34,986,1,12,-0.5000000000000004,0.8660254037844384,-2.596,1054.26
91.06,292,531,1,4,1.0,6.123233995736766e-17,9.0867,99.33
531.2,347,1663,3,8,-0.4999999999999997,-0.8660254037844388,5.1758,558.7
57.46,325,243,0,11,-0.8660254037844386,0.5000000000000001,-0.716,57.05
3464.64,273,434,0,11,-0.8660254037844386,0.5000000000000001,5.3309,3649.34
363.93,147,1133,0,1,0.0,1.0,-0.5919,361.78
854.29,320,809,1,2,0.49999999999999994,0.8660254037844387,2.6871,877.24
538.58,178,1064,0,12,-0.5000000000000004,0.8660254037844384,0.0074,538.62
49.54,49,772,2,12,-0.5000000000000004,0.8660254037844384,2.9005,50.97
70.01,311,1003,0,4,1.0,6.123233995736766e-17,3.119,72.19
180.04,117,1088,1,7,1.2246467991473532e-16,-1.0,3.9103,187.08
842.12,343,210,1,7,1.2246467991473532e-16,-1.0,6.2538,894.79
874.61,134,514,0,9,-0.8660254037844385,-0.5000000000000004,2.272,894.48
100.71,318,559,1,10,-1.0,-1.8369701987210297e-16,4.8018,105.54
503.77,196,906,0,5,0.8660254037844387,-0.4999999999999998,5.7776,532.87
260.43,171,796,1,11,-0.8660254037844386,0.5000000000000001,2.1819,266.11
682.63,108,825,1,1,0.0,1.0,-1.838,670.08
197.48,305,517,1,1,0.0,1.0,0.5263,198.52
4130.05,22,1397,0,12,-0.5000000000000004,0.8660254037844384,-1.2458,4078.6
497.04,171,1433,3,3,0.8660254037844386,0.5000000000000001,1.6624,505.3
404.26,135,1330,2,12,-0.5000000000000004,0.8660254037844384,1.6026,410.74
1161.41,198,583,1,4,1.0,6.123233995736766e-17,2.4146,1189.45
1980.45,93,1218,3,5,0.8660254037844387,-0.4999999999999998,2.3881,2027.74
313.84,243,387,0,1,0.0,1.0,-1.0223,310.64
78.73,141,753,0,12,-0.5000000000000004,0.8660254037844384,2.2347,80.49
60.83,68,435,0,5,0.8660254037844387,-0.4999999999999998,3.1028,62.72
195.35,72,486,0,3,0.8660254037844386,0.5000000000000001,1.8284,198.92
1648.04,254,990,0,6,0.49999999999999994,-0.8660254037844387,6.4297,1754.0
928.57,95,607,1,2,0.49999999999999994,0.8660254037844387,-2.0858,909.21
210.8,112,1108,0,10,-1.0,-1.8369701987210297e-16,3.1234,217.38
48.56,229,778,0,1,0.0,1.0,4.4104,50.7
1277.61,120,1598,1,6,0.49999999999999994,-0.8660254037844387,4.247,1331.87
585.21,142,520,1,5,0.8660254037844387,-0.4999999999999998,2.6441,600.68
2298.71,89,1800,3,1,0.0,1.0,-3.4629,2219.11
938.79,126,237,0,1,0.0,1.0,0.2577,941.21
162.8,253,1042,1,7,1.2246467991473532e-16,-1.0,3.9498,169.23
1393.69,195,587,0,5,0.8660254037844387,-0.4999999999999998,3.3522,1440.41
545.03,365,1140,0,2,0.49999999999999994,0.8660254037844387,2.5192,558.76
581.26,282,405,1,2,0.49999999999999994,0.8660254037844387,1.6503,590.85
217.55,6,415,0,10,-1.0,-1.8369701987210297e-16,-0.1081,217.31
1673.44,138,483,1,9,-0.8660254037844385,-0.5000000000000004,1.742,1702.59
150.72,106,1385,0,8,-0.4999999999999997,-0.8660254037844388,3.8114,156.47
127.33,215,823,0,11,-0.8660254037844386,0.5000000000000001,2.8181,130.92
115.64,97,284,0,1,0.0,1.0,0.4623,116.17
2327.58,353,1195,0,9,-0.8660254037844385,-0.5000000000000004,4.8356,2440.13
1283.36,109,460,0,10,-1.0,-1.8369701987210297e-16,1.1058,1297.55
140.9,191,372,0,3,0.8660254037844386,0.5000000000000001,2.447,144.34
93.28,44,764,0,7,1.2246467991473532e-16,-1.0,5.8633,98.75
63.7,332,1304,1,10,-1.0,-1.8369701987210297e-16,6.0827,67.57
1449.06,333,1267,0,8,-0.4999999999999997,-0.8660254037844388,4.1602,1509.34
449.49,290,237,1,3,0.8660254037844386,0.5000000000000001,2.8097,462.12
1643.0,128,1503,1,8,-0.4999999999999997,-0.8660254037844388,5.8279,1738.75
1756.18,21,1496,0,10,-1.0,-1.8369701987210297e-16,2.2829,1796.28
2282.91,260,512,0,1,0.0,1.0,-2.7275,2220.64
358.36,157,1017,1,7,1.2246467991473532e-16,-1.0,5.2419,377.14
2320.93,362,935,2,7,1.2246467991473532e-16,-1.0,7.1291,2486.39
366.03,255,737,0,5,0.8660254037844387,-0.4999999999999998,4.3276,381.87
1511.3,197,1181,1,1,0.0,1.0,4.9811,1586.58
700.07,361,992,0,2,0.49999999999999994,0.8660254037844387,-0.2678,698.19
3626.48,292,736,0,10,-1.0,-1.8369701987210297e-16,3.6525,3758.94
268.34,167,736,0,10,-1.0,-1.8369701987210297e-16,4.4723,280.35
1225.03,6,756,0,6,0.49999999999999994,-0.8660254037844387,2.533,1256.06
754.86,33,639,0,12,-0.5000000000000004,0.8660254037844384,-0.3557,752.18
4078.55,162,224,0,12,-0.5000000000000004,0.8660254037844384,-1.9087,4000.7
62.94,205,585,0,8,-0.4999999999999997,-0.8660254037844388,4.7534,65.94
890.44,11,1151,1,7,1.2246467991473532e-16,-1.0,3.4173,920.87
183.93,46,1468,0,12,-0.5000000000000004,0.8660254037844384,-2.2539,179.79
3646.18,257,1317,1,8,-0.4999999999999997,-0.8660254037844388,6.0852,3868.05
2527.65,275,1623,2,12,-0.5000000000000004,0.8660254037844384,0.7548,2546.73
1268.79,10,1185,0,12,-0.5000000000000004,0.8660254037844384,0.0968,1270.01
459.35,185,776,0,3,0.8660254037844386,0.5000000000000001,3.6067,475.92
1317.46,29,1038,0,8,-0.4999999999999997,-0.8660254037844388,8.6167,1430.98
756.28,264,1398,2,9,-0.8660254037844385,-0.5000000000000004,6.0502,802.03
152.96,305,369,0,10,-1.0,-1.8369701987210297e-16,2.3012,156.48
1785.54,318,262,0,5,0.8660254037844387,-0.4999999999999998,7.1532,1913.26
502.98,218,939,3,11,-0.8660254037844386,0.5000000000000001,-3.116,487.3
162.68,230,815,0,6,0.49999999999999994,-0.8660254037844387,5.3047,171.31
1285.77,339,1189,0,5,0.8660254037844387,-0.4999999999999998,5.6841,1358.85
53.61,224,1068,2,2,0.49999999999999994,0.8660254037844387,1.2096,54.26
1794.66,163,1652,2,4,1.0,6.123233995736766e-17,2.2056,1834.24
390.56,276,518,0,12,-0.5000000000000004,0.8660254037844384,1.7898,397.55
926.9,216,717,0,9,-0.8660254037844385,-0.5000000000000004,6.0997,983.43
125.32,308,1382,0,9,-0.8660254037844385,-0.5000000000000004,5.5633,132.29
1125.71,192,293,0,11,-0.8660254037844386,0.5000000000000001,0.9327,1136.21
1739.76,318,1257,0,4,1.0,6.123233995736766e-17,6.8546,1859.02
1237.63,16,264,0,8,-0.4999999999999997,-0.8660254037844388,3.0857,1275.82
543.85,13,1518,1,5,0.8660254037844387,-0.4999999999999998,1.7086,553.14
867.59,36,594,1,11,-0.8660254037844386,0.5000000000000001,0.1602,868.98
704.6,203,1261,2,6,0.49999999999999994,-0.8660254037844387,6.9795,753.78
159.96,259,1171,1,11,-0.8660254037844386,0.5000000000000001,1.0857,161.7
48.88,79,592,0,9,-0.8660254037844385,-0.5000000000000004,2.0212,49.86
344.98,57,846,0,10,-1.0,-1.8369701987210297e-16,1.332,349.58
2577.8,314,1146,0,12,-0.5000000000000004,0.8660254037844384,2.6196,2645.33
267.53,274,1320,0,10,-1.0,-1.8369701987210297e-16,6.1938,284.1
1239.77,237,203,0,4,1.0,6.123233995736766e-17,1.134,1253.83
1018.94,178,987,1,7,1.2246467991473532e-16,-1.0,3.0779,1050.3
306.25,153,1287,0,6,0.49999999999999994,-0.8660254037844387,3.3857,316.62
49.21,7,854,0,1,0.0,1.0,-1.5646,48.44
258.19,68,86,0,8,-0.4999999999999997,-0.8660254037844388,1.9087,263.12
243.42,328,563,3,6,0.49999999999999994,-0.8660254037844387,1.1665,246.26
110.25,124,1382,1,5,0.8660254037844387,-0.4999999999999998,3.2758,113.86
2161.06,257,661,0,2,0.49999999999999994,0.8660254037844387,-0.1668,2157.45
4866.53,257,1069,0,7,1.2246467991473532e-16,-1.0,5.2056,5119.86
104.19,113,1594,2,7,1.2246467991473532e-16,-1.0,6.9992,111.49
105.54,74,173,0,2,0.49999999999999994,0.8660254037844387,-2.4456,102.96
925.62,253,831,1,8,-0.4999999999999997,-0.8660254037844388,6.2806,983.76
3301.96,34,328,1,3,0.8660254037844386,0.5000000000000001,1.0122,3335.38
4765.14,181,1413,1,2,0.49999999999999994,0.8660254037844387,2.0565,4863.13
3746.73,325,703,0,5,0.8660254037844387,-0.4999999999999998,5.145,3939.5
459.4,260,1523,2,5,0.8660254037844387,-0.4999999999999998,6.1759,487.78
4380.66,279,481,0,11,-0.8660254037844386,0.5000000000000001,2.8311,4504.67
207.77,30,256,0,1,0.0,1.0,0.6697,209.16
87.56,73,1307,0,5,0.8660254037844387,-0.4999999999999998,4.3424,91.36
1413.39,100,937,0,9,-0.8660254037844385,-0.5000000000000004,1.5479,1435.27
532.45,106,325,0,3,0.8660254037844386,0.5000000000000001,2.4329,545.41
2366.5,71,1225,1,12,-0.5000000000000004,0.8660254037844384,3.4141,2447.29
829.88,355,800,2,9,-0.8660254037844385,-0.5000000000000004,3.7075,860.65
1651.22,60,112,0,12,-0.5000000000000004,0.8660254037844384,-1.4604,1627.11
203.91,259,493,1,12,-0.5000000000000004,0.8660254037844384,1.7266,207.43
222.84,214,1650,3,2,0.49999999999999994,0.8660254037844387,-1.347,219.84
1308.3,223,230,0,6,0.49999999999999994,-0.8660254037844387,2.6548,1343.04
461.55,78,691,1,9,-0.8660254037844385,-0.5000000000000004,2.9685,475.26
95.4,112,723,3,1,0.0,1.0,-0.7945,94.64
330.89,221,1332,1,6,0.49999999999999994,-0.8660254037844387,5.3683,348.66
2542.43,109,1297,0,9,-0.8660254037844385,-0.5000000000000004,3.3263,2627.0
4695.4,254,1649,2,10,-1.0,-1.8369701987210297e-16,2.2305,4800.13
1919.19,14,1156,1,5,0.8660254037844387,-0.4999999999999998,0.2021,1923.07
1054.9,26,175,0,11,-0.8660254037844386,0.5000000000000001,-0.3563,1051.15
2750.91,266,1376,0,9,-0.8660254037844385,-0.5000000000000004,5.2201,2894.51
96.94,225,280,0,1,0.0,1.0,0.0798,97.02
690.43,15,635,0,4,1.0,6.123233995736766e-17,1.4695,700.57
943.28,329,1250,0,12,-0.5000000000000004,0.8660254037844384,1.8345,960.58
3477.17,1,395,0,1,0.0,1.0,-1.5519,3423.2
41.75,349,423,1,2,0.49999999999999994,0.8660254037844387,2.3575,42.74
3324.45,266,169,1,5,0.8660254037844387,-0.4999999999999998,3.1966,3430.72
1336.52,361,566,0,12,-0.5000000000000004,0.8660254037844384,2.4397,1369.13
52.59,347,765,0,9,-0.8660254037844385,-0.5000000000000004,6.2164,55.86
539.03,114,725,0,2,0.49999999999999994,0.8660254037844387,1.2474,545.76
47.33,276,102,0,5,0.8660254037844387,-0.4999999999999998,5.8461,50.1
713.5,77,550,1,12,-0.5000000000000004,0.8660254037844384,-0.5149,709.83
278.67,172,51,0,3,0.8660254037844386,0.5000000000000001,1.3375,282.4
1524.87,87,558,2,7,1.2246467991473532e-16,-1.0,1.7214,1551.12
779.45,177,925,0,6,0.49999999999999994,-0.8660254037844387,2.156,796.26
1359.37,319,57,0,10,-1.0,-1.8369701987210297e-16,2.6897,1395.94
227.46,159,566,2,10,-1.0,-1.8369701987210297e-16,0.013,227.49
2789.28,33,837,0,10,-1.0,-1.8369701987210297e-16,0.1301,2792.91
2943.68,118,860,0,2,0.49999999999999994,0.8660254037844387,-0.9548,2915.58
1303.5,287,1349,0,6,0.49999999999999994,-0.8660254037844387,4.7401,1365.28
180.0,190,1098,1,9,-0.8660254037844385,-0.5000000000000004,3.5188,186.33
5000.0,205,1393,0,6,0.49999999999999994,-0.8660254037844387,5.6062,5280.31
2553.49,157,1196,1,9,-0.8660254037844385,-0.5000000000000004,3.6347,2646.31
2785.96,107,999,1,8,-0.4999999999999997,-0.8660254037844388,3.3923,2880.47
51.22,218,1036,2,5,0.8660254037844387,-0.4999999999999998,6.1742,54.38
1928.11,231,429,1,2,0.49999999999999994,0.8660254037844387,4.7912,2020.49
153.85,328,1265,1,12,-0.5000000000000004,0.8660254037844384,3.7734,159.65
650.06,226,1470,1,10,-1.0,-1.8369701987210297e-16,4.6948,680.57
1211.95,364,577,0,11,-0.8660254037844386,0.5000000000000001,3.4053,1253.22
300.09,302,651,1,4,1.0,6.123233995736766e-17,4.7109,314.22
121.59,28,404,1,4,1.0,6.123233995736766e-17,-1.6058,119.64
533.97,143,915,0,4,1.0,6.123233995736766e-17,-1.0426,528.4
172.28,140,578,1,1,0.0,1.0,-2.7189,167.59
606.73,1,59,0,3,0.8660254037844386,0.5000000000000001,-2.5092,591.5
55.61,66,56,0,4,1.0,6.123233995736766e-17,3.5243,57.56
293.46,278,533,0,12,-0.5000000000000004,0.8660254037844384,2.6117,301.12
757.9,128,718,0,3,0.8660254037844386,0.5000000000000001,0.8635,764.44
4969.96,54,710,0,7,1.2246467991473532e-16,-1.0,3.9109,5164.33
565.17,105,1122,0,7,1.2246467991473532e-16,-1.0,5.2687,594.95
360.7,100,813,0,5,0.8660254037844387,-0.4999999999999998,1.6286,366.57
5000.0,63,1187,0,12,-0.5000000000000004,0.8660254037844384,0.5758,5028.79
3398.34,37,638,1,2,0.49999999999999994,0.8660254037844387,-0.3454,3386.6
951.68,279,382,0,11,-0.8660254037844386,0.5000000000000001,5.2306,1001.46
631.71,301,1139,3,9,-0.8660254037844385,-0.5000000000000004,3.5194,653.94
140.38,181,434,1,4,1.0,6.123233995736766e-17,5.1749,147.64
1050.13,225,1158,0,10,-1.0,-1.8369701987210297e-16,2.9903,1081.53
1965.98,336,314,0,6,0.49999999999999994,-0.8660254037844387,8.3424,2129.99
5000.0,308,1377,0,12,-0.5000000000000004,0.8660254037844384,1.3502,5067.51
137.99,11,1477,0,1,0.0,1.0,1.0743,139.47
177.11,348,827,0,1,0.0,1.0,3.5693,183.43
2730.54,24,582,1,7,1.2246467991473532e-16,-1.0,4.092,2842.27
2609.92,9,730,1,12,-0.5000000000000004,0.8660254037844384,0.0783,2611.97
1339.78,147,670,0,1,0.0,1.0,-1.2399,1323.16
78.41,272,902,1,10,-1.0,-1.8369701987210297e-16,3.7364,81.34
986.15,29,155,0,12,-0.5000000000000004,0.8660254037844384,1.4945,1000.89
367.76,107,490,1,6,0.49999999999999994,-0.8660254037844387,3.4999,380.63
316.61,96,1380,2,11,-0.8660254037844386,0.5000000000000001,2.0588,323.13
112.46,145,121,0,10,-1.0,-1.8369701987210297e-16,0.7428,113.3
218.1,360,930,1,3,0.8660254037844386,0.5000000000000001,3.2855,225.26
737.69,121,1459,1,11,-0.8660254037844386,0.5000000000000001,0.2256,739.35
76.15,76,172,0,9,-0.8660254037844385,-0.5000000000000004,4.1469,79.31
663.22,44,1392,0,1,0.0,1.0,1.0941,670.47
58.49,72,826,1,7,1.2246467991473532e-16,-1.0,6.1224,62.07
314.49,48,661,0,8,-0.4999999999999997,-0.8660254037844388,1.9699,320.69
4998.17,209,1083,0,10,-1.0,-1.8369701987210297e-16,3.8802,5192.11
1857.27,153,1350,1,10,-1.0,-1.8369701987210297e-16,2.2549,1899.15
64.51,182,733,0,6,0.49999999999999994,-0.8660254037844387,1.9744,65.79
909.66,304,166,0,4,1.0,6.123233995736766e-17,3.5682,942.12
148.03,212,1731,3,3,0.8660254037844386,0.5000000000000001,3.6596,153.45
311.13,56,57,0,2,0.49999999999999994,0.8660254037844387,1.4925,315.77
233.83,137,1314,0,8,-0.4999999999999997,-0.8660254037844388,5.2727,246.16
3728.92,114,756,1,12,-0.5000000000000004,0.8660254037844384,0.7865,3758.25
61.92,302,794,0,1,0.0,1.0,3.8043,64.27
3581.16,112,1309,1,9,-0.8660254037844385,-0.5000000000000004,1.5264,3635.83
1661.06,50,1551,1,8,-0.4999999999999997,-0.8660254037844388,1.5099,1686.14
206.83,269,264,0,3,0.8660254037844386,0.5000000000000001,2.4411,211.88
3601.5,156,1226,0,3,0.8660254037844386,0.5000000000000001,1.3289,3649.36
364.21,35,1305,2,4,1.0,6.123233995736766e-17,1.0716,368.11
1292.46,252,995,2,9,-0.8660254037844385,-0.5000000000000004,2.8112,1328.8
1870.42,77,664,0,4,1.0,6.123233995736766e-17,1.7693,1903.51
214.11,317,1168,0,10,-1.0,-1.8369701987210297e-16,3.5076,221.62
51.99,304,248,0,5,0.8660254037844387,-0.4999999999999998,7.341,55.81
3008.05,135,1109,2,2,0.49999999999999994,0.8660254037844387,-3.2151,2911.34
164.22,203,1269,1,2,0.49999999999999994,0.8660254037844387,1.8719,167.3
3960.37,207,829,0,5,0.8660254037844387,-0.4999999999999998,3.5409,4100.6
213.21,239,1017,2,5,0.8660254037844387,-0.4999999999999998,4.0041,221.75
341.03,25,803,0,9,-0.8660254037844385,-0.5000000000000004,1.3878,345.77
364.65,118,789,0,6,0.49999999999999994,-0.8660254037844387,2.2879,372.99
519.2,62,1367,1,2,0.49999999999999994,0.8660254037844387,0.3912,521.23
5000.0,255,1240,0,3,0.8660254037844386,0.5000000000000001,2.2106,5110.53
187.26,25,1465,1,7,1.2246467991473532e-16,-1.0,4.278,195.27
619.06,189,150,0,5,0.8660254037844387,-0.4999999999999998,0.616,622.87
170.22,266,610,1,9,-0.8660254037844385,-0.5000000000000004,7.197,182.47
107.12,347,1537,2,12,-0.5000000000000004,0.8660254037844384,2.5905,109.9
201.74,105,979,0,5,0.8660254037844387,-0.4999999999999998,-0.4208,200.89
595.85,2,593,0,7,1.2246467991473532e-16,-1.0,2.7696,612.35
884.03,264,1019,1,10,-1.0,-1.8369701987210297e-16,2.6024,907.03
161.16,0,719,0,3,0.8660254037844386,0.5000000000000001,-1.5464,158.67
5000.0,24,1452,1,7,1.2246467991473532e-16,-1.0,4.3395,5216.97
276.68,362,998,1,4,1.0,6.123233995736766e-17,6.0177,293.33
2336.89,315,696,0,8,-0.4999999999999997,-0.8660254037844388,5.8705,2474.08
60.1,258,1168,2,9,-0.8660254037844385,-0.5000000000000004,4.8663,63.02
1024.6,305,321,0,2,0.49999999999999994,0.8660254037844387,2.1507,1046.64
232.0,27,1167,0,3,0.8660254037844386,0.5000000000000001,-1.2062,229.2
489.86,32,340,0,1,0.0,1.0,-0.9194,485.36
1902.94,110,306,1,1,0.0,1.0,0.4135,1910.81
1116.94,8,379,2,1,0.0,1.0,-1.6599,1098.4
190.32,325,141,0,9,-0.8660254037844385,-0.5000000000000004,3.1679,196.35
1139.08,20,191,0,11,-0.8660254037844386,0.5000000000000001,-0.8451,1129.45
242.79,199,118,0,5,0.8660254037844387,-0.4999999999999998,1.9111,247.43
57.58,312,622,1,11,-0.8660254037844386,0.5000000000000001,3.4559,59.57
1411.07,269,1443,0,9,-0.8660254037844385,-0.5000000000000004,3.8095,1464.82
2995.06,85,194,0,10,-1.0,-1.8369701987210297e-16,-0.7428,2972.81
78.06,172,1029,0,9,-0.8660254037844385,-0.5000000000000004,5.6329,82.45
1498.98,200,1313,0,3,0.8660254037844386,0.5000000000000001,1.2213,1517.28
3066.14,281,1426,1,7,1.2246467991473532e-16,-1.0,4.0467,3190.22
727.23,156,572,0,7,1.2246467991473532e-16,-1.0,5.0409,763.89
340.76,104,121,0,8,-0.4999999999999997,-0.8660254037844388,1.0244,344.25
133.73,291,581,0,10,-1.0,-1.8369701987210297e-16,3.9571,139.03
125.91,324,920,0,2,0.49999999999999994,0.8660254037844387,1.1233,127.32
357.07,178,1147,0,9,-0.8660254037844385,-0.5000000000000004,2.6898,366.67
765.27,10,251,0,10,-1.0,-1.8369701987210297e-16,1.7053,778.32
184.14,183,483,0,2,0.49999999999999994,0.8660254037844387,0.9055,185.81
506.09,325,920,0,5,0.8660254037844387,-0.4999999999999998,4.5056,528.89
913.7,362,1086,0,11,-0.8660254037844386,0.5000000000000001,4.9537,958.97
113.98,146,602,1,1,0.0,1.0,3.0927,117.5
1885.25,54,1242,0,2,0.49999999999999994,0.8660254037844387,0.3129,1891.15
1095.22,209,1212,0,10,-1.0,-1.8369701987210297e-16,4.9987,1149.96
756.34,304,807,1,3,0.8660254037844386,0.5000000000000001,1.6676,768.96
463.9,345,825,0,9,-0.8660254037844385,-0.5000000000000004,5.7574,490.6
262.13,18,740,0,11,-0.8660254037844386,0.5000000000000001,0.5736,263.63
700.36,106,1131,1,6,0.49999999999999994,-0.8660254037844387,4.2611,730.21
1573.14,174,514,0,6,0.49999999999999994,-0.8660254037844387,5.4369,1658.67
1215.51,35,754,2,6,0.49999999999999994,-0.8660254037844387,-0.5347,1209.01
1473.97,324,661,0,5,0.8660254037844387,-0.4999999999999998,3.4289,1524.51
120.27,41,831,2,5,0.8660254037844387,-0.4999999999999998,1.4163,121.97
1995.38,243,1015,1,7,1.2246467991473532e-16,-1.0,3.3906,2063.03
296.31,336,1439,0,11,-0.8660254037844386,0.5000000000000001,4.5394,309.76
129.53,250,554,0,12,-0.5000000000000004,0.8660254037844384,2.67,132.99
105.23,279,1487,1,11,-0.8660254037844386,0.5000000000000001,3.6141,109.04
2342.32,96,720,0,2,0.49999999999999994,0.8660254037844387,-0.6316,2327.52
715.89,302,286,0,4,1.0,6.123233995736766e-17,5.2231,753.28
2436.9,153,891,2,10,-1.0,-1.8369701987210297e-16,1.6215,2476.42
685.88,22,920,1,7,1.2246467991473532e-16,-1.0,2.5315,703.25
2236.3,134,490,2,5,0.8660254037844387,-0.4999999999999998,1.6324,2272.81
675.69,128,940,1,4,1.0,6.123233995736766e-17,3.2789,697.85
789.17,190,346,1,2,0.49999999999999994,0.8660254037844387,0.3414,791.86
76.14,96,1439,1,4,1.0,6.123233995736766e-17,1.5983,77.36
1154.49,169,944,1,6,0.49999999999999994,-0.8660254037844387,6.6963,1231.8
708.7,156,689,2,5,0.8660254037844387,-0.4999999999999998,3.2113,731.46
106.73,119,172,1,7,1.2246467991473532e-16,-1.0,1.8573,108.72
84.34,254,876,0,4,1.0,6.123233995736766e-17,1.9355,85.97
275.78,111,1187,1,3,0.8660254037844386,0.5000000000000001,2.6367,283.05
60.11,280,662,0,11,-0.8660254037844386,0.5000000000000001,5.5738,63.46
996.34,91,1571,2,5,0.8660254037844387,-0.4999999999999998,2.9141,1025.37
508.77,316,411,1,4,1.0,6.123233995736766e-17,4.0537,529.4
4134.64,133,1222,1,8,-0.4999999999999997,-0.8660254037844388,4.526,4321.78
545.31,14,766,0,7,1.2246467991473532e-16,-1.0,3.1485,562.48
1319.63,54,502,0,7,1.2246467991473532e-16,-1.0,0.456,1325.65
949.89,295,464,0,3,0.8660254037844386,0.5000000000000001,1.3178,962.41
1306.73,319,899,1,9,-0.8660254037844385,-0.5000000000000004,5.6629,1380.73
162.42,77,323,1,3,0.8660254037844386,0.5000000000000001,1.1679,164.31
368.65,220,992,0,11,-0.8660254037844386,0.5000000000000001,2.685,378.55
78.88,210,640,0,6,0.49999999999999994,-0.8660254037844387,4.8994,82.74
1137.7,48,1035,0,5,0.8660254037844387,-0.4999999999999998,2.9027,1170.73
199.84,165,795,0,5,0.8660254037844387,-0.4999999999999998,4.0528,207.94
790.3,253,1616,2,6,0.49999999999999994,-0.8660254037844387,4.4921,825.8
2982.13,353,487,2,8,-0.4999999999999997,-0.8660254037844388,4.2301,3108.27
1194.29,310,872,1,6,0.49999999999999994,-0.8660254037844387,3.9763,1241.78
171.7,35,825,0,2,0.49999999999999994,0.8660254037844387,1.609,174.46
456.47,86,408,0,7,1.2246467991473532e-16,-1.0,3.4604,472.27
904.04,159,1259,2,4,1.0,6.123233995736766e-17,2.6474,927.98
2537.74,55,1001,3,2,0.49999999999999994,0.8660254037844387,-1.9567,2488.09
2341.18,208,1156,0,11,-0.8660254037844386,0.5000000000000001,4.512,2446.81
260.9,3,1466,1,4,1.0,6.123233995736766e-17,1.8589,265.75
4444.29,41,1287,0,8,-0.4999999999999997,-0.8660254037844388,3.6872,4608.16
102.94,17,966,0,3,0.8660254037844386,0.5000000000000001,1.6474,104.64
189.77,108,1327,3,5,0.8660254037844387,-0.4999999999999998,5.7017,200.59
67.34,278,1519,2,5,0.8660254037844387,-0.4999999999999998,4.9323,70.66
260.28,64,1800,3,2,0.49999999999999994,0.8660254037844387,-0.488,259.01
381.51,361,1099,0,12,-0.5000000000000004,0.8660254037844384,3.551,395.06
185.92,98,1374,0,4,1.0,6.123233995736766e-17,0.3361,186.55
66.4,16,1800,2,7,1.2246467991473532e-16,-1.0,3.3423,68.62
41.77,122,470,1,7,1.2246467991473532e-16,-1.0,5.8476,44.21
3729.98,273,774,0,6,0.49999999999999994,-0.8660254037844387,5.8364,3947.67
1392.16,39,565,0,8,-0.4999999999999997,-0.8660254037844388,4.8537,1459.73
1639.46,26,1428,0,7,1.2246467991473532e-16,-1.0,4.5028,1713.28
2233.01,310,1244,1,1,0.0,1.0,2.2219,2282.63
1557.75,216,1590,2,9,-0.8660254037844385,-0.5000000000000004,4.6266,1629.82
57.56,125,553,0,2,0.49999999999999994,0.8660254037844387,1.8967,58.65
4550.19,276,1272,0,6,0.49999999999999994,-0.8660254037844387,5.017,4778.48
267.2,309,163,0,5,0.8660254037844387,-0.4999999999999998,4.3324,278.78
526.92,131,1624,1,6,0.49999999999999994,-0.8660254037844387,0.7495,530.87
2605.94,205,379,0,1,0.0,1.0,2.5392,2672.12
126.62,4,810,0,9,-0.8660254037844385,-0.5000000000000004,2.2566,129.48
239.93,112,1252,1,6,0.49999999999999994,-0.8660254037844387,2.8691,246.82
3092.54,217,1126,0,1,0.0,1.0,0.6595,3112.94
472.18,72,513,1,1,0.0,1.0,1.7584,480.48
364.67,362,1011,1,7,1.2246467991473532e-16,-1.0,6.6063,388.76
4387.93,355,817,0,8,-0.4999999999999997,-0.8660254037844388,6.1001,4655.6
3785.07,94,1364,1,7,1.2246467991473532e-16,-1.0,6.6047,4035.06
2884.51,145,673,1,9,-0.8660254037844385,-0.5000000000000004,3.7641,2993.08
147.61,69,1222,1,10,-1.0,-1.8369701987210297e-16,1.9311,150.46
2766.37,184,1077,1,11,-0.8660254037844386,0.5000000000000001,-1.2401,2732.07
1222.32,45,1149,0,12,-0.5000000000000004,0.8660254037844384,0.8638,1232.88
1530.0,143,1319,0,11,-0.8660254037844386,0.5000000000000001,0.7577,1541.6
56.86,203,668,0,10,-1.0,-1.8369701987210297e-16,5.0051,59.7
627.65,223,674,0,6,0.49999999999999994,-0.8660254037844387,5.0195,659.15
157.44,218,1204,0,7,1.2246467991473532e-16,-1.0,7.0563,168.55
4438.12,81,1183,0,8,-0.4999999999999997,-0.8660254037844388,4.9167,4656.33
837.8,289,1475,1,3,0.8660254037844386,0.5000000000000001,0.121,838.81
903.33,253,846,0,9,-0.8660254037844385,-0.5000000000000004,4.8486,947.13
176.31,275,1437,2,8,-0.4999999999999997,-0.8660254037844388,5.4488,185.92
257.64,171,234,1,7,1.2246467991473532e-16,-1.0,4.3593,268.87
562.05,326,706,0,11,-0.8660254037844386,0.5000000000000001,4.0353,584.73
1983.44,142,631,1,9,-0.8660254037844385,-0.5000000000000004,2.7212,2037.41
1037.37,294,1287,0,12,-0.5000000000000004,0.8660254037844384,1.5059,1052.99
63.17,74,413,2,12,-0.5000000000000004,0.8660254037844384,-2.3982,61.66
501.79,90,1644,2,10,-1.0,-1.8369701987210297e-16,-0.8062,497.74
233.36,192,1410,1,4,1.0,6.123233995736766e-17,3.7185,242.04
620.16,203,934,1,3,0.8660254037844386,0.5000000000000001,2.6991,636.9
468.65,273,1169,2,4,1.0,6.123233995736766e-17,2.6818,481.21
56.94,108,1069,1,9,-0.8660254037844385,-0.5000000000000004,5.1685,59.89
137.48,319,1204,2,11,-0.8660254037844386,0.5000000000000001,2.9144,141.49
1194.12,120,1043,0,11,-0.8660254037844386,0.5000000000000001,1.3709,1210.49
530.55,195,605,2,9,-0.8660254037844385,-0.5000000000000004,0.7368,534.46
68.72,341,1183,1,9,-0.8660254037844385,-0.5000000000000004,5.3109,72.37
994.92,197,1357,0,12,-0.5000000000000004,0.8660254037844384,3.1013,1025.78
529.47,249,1193,3,9,-0.8660254037844385,-0.5000000000000004,5.4448,558.29
88.6,332,670,1,2,0.49999999999999994,0.8660254037844387,2.3689,90.69
41.13,356,615,2,7,1.2246467991473532e-16,-1.0,7.2624,44.12
289.78,182,1372,0,5,0.8660254037844387,-0.4999999999999998,7.0654,310.25
2390.73,152,1533,1,8,-0.4999999999999997,-0.8660254037844388,2.519,2450.96
82.77,72,700,1,8,-0.4999999999999997,-0.8660254037844388,4.283,86.32
5000.0,196,1409,0,4,1.0,6.123233995736766e-17,3.356,5167.8
722.94,336,1305,1,4,1.0,6.123233995736766e-17,5.7116,764.23
1700.99,178,865,1,2,0.49999999999999994,0.8660254037844387,-0.791,1687.53
5000.0,127,1246,0,4,1.0,6.123233995736766e-17,2.8395,5141.97
208.1,39,1535,1,10,-1.0,-1.8369701987210297e-16,1.5213,211.27
912.65,142,1309,0,8,-0.4999999999999997,-0.8660254037844388,5.3329,961.32
234.12,86,840,1,12,-0.5000000000000004,0.8660254037844384,2.2334,239.34
64.52,357,752,2,12,-0.5000000000000004,0.8660254037844384,4.6174,67.5
1601.86,193,288,0,11,-0.8660254037844386,0.5000000000000001,2.8251,1647.12
60.33,50,1249,0,3,0.8660254037844386,0.5000000000000001,0.4055,60.57
3284.22,24,1112,0,5,0.8660254037844387,-0.4999999999999998,1.3118,3327.31
2282.58,311,1077,0,1,0.0,1.0,3.4994,2362.46
810.08,340,559,2,2,0.49999999999999994,0.8660254037844387,1.9301,825.71
995.06,279,1450,0,3,0.8660254037844386,0.5000000000000001,2.7599,1022.52
1964.66,45,210,0,4,1.0,6.123233995736766e-17,-1.2204,1940.68
64.79,35,890,0,1,0.0,1.0,-5.4375,61.26
1951.03,72,1537,1,11,-0.8660254037844386,0.5000000000000001,-2.0212,1911.6
96.15,274,536,1,7,1.2246467991473532e-16,-1.0,5.2439,101.2
52.8,280,798,0,8,-0.4999999999999997,-0.8660254037844388,6.1351,56.04
250.71,306,1268,0,8,-0.4999999999999997,-0.8660254037844388,7.3488,269.13
190.56,35,432,0,12,-0.5000000000000004,0.8660254037844384,0.6387,191.78
89.06,56,193,0,2,0.49999999999999994,0.8660254037844387,3.1678,91.88
1345.93,329,744,0,5,0.8660254037844387,-0.4999999999999998,3.7993,1397.06
788.91,339,1333,1,4,1.0,6.123233995736766e-17,1.1595,798.05
3834.57,265,886,0,7,1.2246467991473532e-16,-1.0,4.0001,3987.96
1671.18,38,689,0,7,1.2246467991473532e-16,-1.0,5.5003,1763.1
2518.06,25,1050,1,10,-1.0,-1.8369701987210297e-16,0.467,2529.82
2492.81,20,229,1,7,1.2246467991473532e-16,-1.0,2.6344,2558.48
1940.16,253,552,0,3,0.8660254037844386,0.5000000000000001,1.1046,1961.59
102.13,309,1323,0,7,1.2246467991473532e-16,-1.0,6.5725,108.85
107.15,231,724,1,12,-0.5000000000000004,0.8660254037844384,-0.664,106.44
406.92,95,1450,0,7,1.2246467991473532e-16,-1.0,4.4189,424.9
246.92,277,1080,1,8,-0.4999999999999997,-0.8660254037844388,5.8429,261.35
3997.01,21,1579,1,3,0.8660254037844386,0.5000000000000001,0.7801,4028.19
639.09,303,1321,2,1,0.0,1.0,2.1623,652.91
2822.69,326,654,0,3,0.8660254037844386,0.5000000000000001,5.5872,2980.4
371.75,262,1386,0,1,0.0,1.0,2.2738,380.2
3109.41,321,736,2,6,0.49999999999999994,-0.8660254037844387,4.571,3251.54
62.19,214,616,0,11,-0.8660254037844386,0.5000000000000001,2.9932,64.05
442.22,171,1096,0,6,0.49999999999999994,-0.8660254037844387,4.2082,460.83
4139.48,118,1457,1,8,-0.4999999999999997,-0.8660254037844388,4.0963,4309.05
322.06,337,326,0,11,-0.8660254037844386,0.5000000000000001,2.5444,330.26
2008.93,255,1687,1,10,-1.0,-1.8369701987210297e-16,5.6512,2122.45
248.56,69,857,2,8,-0.4999999999999997,-0.8660254037844388,1.866,253.2
2272.47,350,757,1,10,-1.0,-1.8369701987210297e-16,2.8656,2337.59
722.91,21,232,0,4,1.0,6.123233995736766e-17,-1.6854,710.72
1554.41,215,226,2,6,0.49999999999999994,-0.8660254037844387,3.1006,1602.6
623.98,69,979,1,5,0.8660254037844387,-0.4999999999999998,0.5756,627.57
1025.57,243,924,0,10,-1.0,-1.8369701987210297e-16,3.5843,1062.33
447.43,151,319,1,5,0.8660254037844387,-0.4999999999999998,0.8776,451.36
862.91,159,1360,0,12,-0.5000000000000004,0.8660254037844384,-0.0383,862.58
1262.68,245,836,0,3,0.8660254037844386,0.5000000000000001,1.2923,1279.0
65.03,276,314,1,3,0.8660254037844386,0.5000000000000001,3.439,67.27
2164.62,139,1270,0,9,-0.8660254037844385,-0.5000000000000004,3.4822,2239.99
206.83,365,332,0,10,-1.0,-1.8369701987210297e-16,4.1829,215.49
57.46,182,1220,1,9,-0.8660254037844385,-0.5000000000000004,5.5744,60.66
1099.25,58,1029,0,4,1.0,6.123233995736766e-17,0.8016,1108.06
1024.62,2,1224,0,1,0.0,1.0,-4.0965,982.65
1739.85,74,1223,0,4,1.0,6.123233995736766e-17,0.2964,1745.0
5000.0,252,1685,1,6,0.49999999999999994,-0.8660254037844387,4.2895,5214.47
319.66,197,365,2,5,0.8660254037844387,-0.4999999999999998,2.6473,328.12
4316.4,123,576,0,12,-0.5000000000000004,0.8660254037844384,0.7783,4349.99
658.96,176,641,1,11,-0.8660254037844386,0.5000000000000001,1.0505,665.88
237.65,306,592,0,10,-1.0,-1.8369701987210297e-16,5.9015,251.67
978.52,209,392,0,1,0.0,1.0,1.0542,988.84
100.4,21,385,0,2,0.49999999999999994,0.8660254037844387,-2.5374,97.86
5000.0,17,1449,0,6,0.49999999999999994,-0.8660254037844387,-1.135,4943.25
474.21,176,1353,0,8,-0.4999999999999997,-0.8660254037844388,3.8543,492.49
54.65,147,1107,1,9,-0.8660254037844385,-0.5000000000000004,4.5583,57.14
1139.15,311,1086,1,4,1.0,6.123233995736766e-17,4.1655,1186.6
87.61,213,1220,3,2,0.49999999999999994,0.8660254037844387,0.8562,88.36
82.44,277,1344,2,4,1.0,6.123233995736766e-17,4.104,85.82
64.82,214,1300,0,10,-1.0,-1.8369701987210297e-16,6.6092,69.11
2932.24,126,665,0,12,-0.5000000000000004,0.8660254037844384,0.1932,2937.91
56.91,240,827,0,12,-0.5000000000000004,0.8660254037844384,3.3371,58.81
751.81,227,1373,0,8,-0.4999999999999997,-0.8660254037844388,7.9728,811.75
621.42,263,1747,2,2,0.49999999999999994,0.8660254037844387,-1.355,613.0
2925.19,69,379,0,12,-0.5000000000000004,0.8660254037844384,1.5637,2970.93
2945.86,234,392,0,2,0.49999999999999994,0.8660254037844387,-3.1732,2852.38
3007.1,104,342,0,4,1.0,6.123233995736766e-17,-0.1723,3001.92
247.53,289,434,2,12,-0.5000000000000004,0.8660254037844384,0.163,247.94
497.14,292,1056,0,7,1.2246467991473532e-16,-1.0,3.9983,517.02
2338.12,228,866,1,3,0.8660254037844386,0.5000000000000001,1.3052,2368.64
59.65,346,91,0,7,1.2246467991473532e-16,-1.0,5.9932,63.23
66.68,196,342,0,1,0.0,1.0,2.4422,68.3
3760.72,9,819,0,4,1.0,6.123233995736766e-17,1.4967,3817.0
66.34,221,1407,1,12,-0.5000000000000004,0.8660254037844384,2.6427,68.1
314.35,284,1084,1,4,1.0,6.123233995736766e-17,5.7184,332.33
121.54,37,820,0,11,-0.8660254037844386,0.5000000000000001,2.2341,124.25
56.98,38,316,0,7,1.2246467991473532e-16,-1.0,3.0602,58.72
4106.79,99,465,0,8,-0.4999999999999997,-0.8660254037844388,3.1225,4235.02
121.88,308,1183,0,9,-0.8660254037844385,-0.5000000000000004,5.2719,128.31
426.3,193,1171,0,7,1.2246467991473532e-16,-1.0,3.9394,443.09
195.08,357,1309,0,1,0.0,1.0,4.1323,203.15
511.17,319,1017,1,12,-0.5000000000000004,0.8660254037844384,0.0309,511.33
1631.31,203,671,1,6,0.49999999999999994,-0.8660254037844387,3.6284,1690.5
1120.59,248,988,1,8,-0.4999999999999997,-0.8660254037844388,1.3399,1135.6
886.24,121,1501,1,7,1.2246467991473532e-16,-1.0,4.3144,924.47
448.82,33,686,3,8,-0.4999999999999997,-0.8660254037844388,0.3324,450.31
104.4,145,1444,2,5,0.8660254037844387,-0.4999999999999998,4.6081,109.21
414.14,216,1494,0,11,-0.8660254037844386,0.5000000000000001,2.7569,425.56
4082.07,66,1238,0,3,0.8660254037844386,0.5000000000000001,0.4944,4102.26
2510.09,81,1004,0,8,-0.4999999999999997,-0.8660254037844388,3.6294,2601.19
60.1,5,806,2,7,1.2246467991473532e-16,-1.0,1.5966,61.06
3059.53,268,1289,0,7,1.2246467991473532e-16,-1.0,4.8499,3207.92
1876.68,329,279,0,1,0.0,1.0,0.1629,1879.74
2429.21,302,1151,0,5,0.8660254037844387,-0.4999999999999998,4.7618,2544.88
2204.15,139,847,1,1,0.0,1.0,-1.1007,2179.88
4884.5,217,850,1,7,1.2246467991473532e-16,-1.0,5.0095,5129.19
61.38,351,863,1,9,-0.8660254037844385,-0.5000000000000004,3.1749,63.32
204.22,216,136,1,7,1.2246467991473532e-16,-1.0,1.9951,208.29
5000.0,108,1800,2,10,-1.0,-1.8369701987210297e-16,3.8968,5194.84
711.39,123,1015,0,5,0.8660254037844387,-0.4999999999999998,3.0936,733.4
1289.85,266,1194,2,4,1.0,6.123233995736766e-17,1.1468,1304.64
212.0,163,399,1,6,0.49999999999999994,-0.8660254037844387,3.9538,220.38
151.15,306,1178,0,3,0.8660254037844386,0.5000000000000001,5.3003,159.16
5000.0,316,1795,3,10,-1.0,-1.8369701987210297e-16,3.2548,5162.74
329.49,13,1645,2,10,-1.0,-1.8369701987210297e-16,-0.4803,327.9
608.1,264,640,1,5,0.8660254037844387,-0.4999999999999998,3.2903,628.11
119.13,135,447,2,10,-1.0,-1.8369701987210297e-16,1.1618,120.52
4194.22,190,579,0,1,0.0,1.0,0.792,4227.44
113.66,96,77,0,2,0.49999999999999994,0.8660254037844387,0.0928,113.77
3668.45,134,848,0,4,1.0,6.123233995736766e-17,0.8205,3698.55
195.51,120,1078,2,5,0.8660254037844387,-0.4999999999999998,2.4202,200.24
4347.29,18,986,1,3,0.8660254037844386,0.5000000000000001,-1.2126,4294.58
339.19,286,1800,3,7,1.2246467991473532e-16,-1.0,7.2195,363.68
3191.81,52,1104,1,10,-1.0,-1.8369701987210297e-16,0.6002,3210.97
794.9,137,836,1,6,0.49999999999999994,-0.8660254037844387,8.7634,864.56
95.35,70,1185,0,6,0.49999999999999994,-0.8660254037844387,4.3931,99.54
176.38,58,583,0,1,0.0,1.0,-2.4074,172.13
1998.68,136,1148,0,4,1.0,6.123233995736766e-17,3.0884,2060.41
1446.7,336,1620,1,10,-1.0,-1.8369701987210297e-16,5.4381,1525.37
318.98,345,1367,0,10,-1.0,-1.8369701987210297e-16,5.9207,337.86
119.06,139,972,2,2,0.49999999999999994,0.8660254037844387,1.0167,120.27
2304.99,184,795,1,1,0.0,1.0,-0.4783,2293.96
840.57,360,623,0,10,-1.0,-1.8369701987210297e-16,3.765,872.22
1297.05,85,1214,2,3,0.8660254037844386,0.5000000000000001,-3.521,1251.38
570.22,345,1491,1,7,1.2246467991473532e-16,-1.0,7.6207,613.67
313.57,38,1522,1,10,-1.0,-1.8369701987210297e-16,1.1427,317.15
307.51,82,928,0,10,-1.0,-1.8369701987210297e-16,4.3715,320.95
47.63,123,456,0,7,1.2246467991473532e-16,-1.0,4.0972,49.58
3783.3,13,593,0,5,0.8660254037844387,-0.4999999999999998,1.1223,3825.76
226.23,298,403,0,10,-1.0,-1.8369701987210297e-16,5.8531,239.47
384.65,313,447,1,9,-0.8660254037844385,-0.5000000000000004,6.3348,409.01
200.79,140,420,2,11,-0.8660254037844386,0.5000000000000001,1.7614,204.33
308.15,306,1529,2,7,1.2246467991473532e-16,-1.0,2.9619,317.28
1386.43,282,1120,0,12,-0.5000000000000004,0.8660254037844384,0.2851,1390.39
1009.19,293,818,3,10,-1.0,-1.8369701987210297e-16,3.1416,1040.89
2429.49,293,1046,0,1,0.0,1.0,0.772,2448.24
52.92,209,285,0,4,1.0,6.123233995736766e-17,3.4691,54.75
2553.59,40,543,1,10,-1.0,-1.8369701987210297e-16,0.38,2563.29
3686.13,337,585,2,2,0.49999999999999994,0.8660254037844387,0.9843,3722.41
4014.96,222,442,2,9,-0.8660254037844385,-0.5000000000000004,0.5684,4037.78
102.48,329,1305,1,5,0.8660254037844387,-0.4999999999999998,7.4021,110.06
339.86,351,106,0,3,0.8660254037844386,0.5000000000000001,1.8347,346.1
3770.75,68,635,0,7,1.2246467991473532e-16,-1.0,4.0424,3923.18
1697.13,147,755,0,12,-0.5000000000000004,0.8660254037844384,0.3269,1702.68
68.25,70,1075,1,11,-0.8660254037844386,0.5000000000000001,4.3409,71.21
2348.62,18,326,0,5,0.8660254037844387,-0.4999999999999998,3.0509,2420.28
2446.57,353,731,0,1,0.0,1.0,5.1433,2572.4
2230.65,337,1200,0,11,-0.8660254037844386,0.5000000000000001,5.7311,2358.49
310.07,341,709,1,11,-0.8660254037844386,0.5000000000000001,2.9008,319.07
1206.61,323,1572,1,8,-0.4999999999999997,-0.8660254037844388,4.7617,1264.07
1335.13,237,670,0,8,-0.4999999999999997,-0.8660254037844388,3.1602,1377.32
361.44,191,1176,0,7,1.2246467991473532e-16,-1.0,6.2471,384.02
1526.38,362,360,1,1,0.0,1.0,0.9099,1540.26
215.12,202,1482,1,2,0.49999999999999994,0.8660254037844387,1.8785,219.16
111.55,235,743,0,2,0.49999999999999994,0.8660254037844387,1.3146,113.01
3566.98,77,1487,0,11,-0.8660254037844386,0.5000000000000001,1.45,3618.7
269.28,273,1347,2,1,0.0,1.0,0.9654,271.88
73.61,299,1332,1,7,1.2246467991473532e-16,-1.0,5.984,78.01
1900.05,248,261,0,5,0.8660254037844387,-0.4999999999999998,3.5919,1968.3
2243.81,182,1084,1,1,0.0,1.0,0.221,2248.77
2420.87,72,1250,1,12,-0.5000000000000004,0.8660254037844384,-2.6221,2357.39
282.55,12,1224,0,1,0.0,1.0,-1.3841,278.64
757.23,229,592,0,11,-0.8660254037844386,0.5000000000000001,2.9796,779.79
57.44,249,1323,2,10,-1.0,-1.8369701987210297e-16,3.6703,59.54
40.0,282,297,0,10,-1.0,-1.8369701987210297e-16,1.0898,40.44
154.74,347,674,0,2,0.49999999999999994,0.8660254037844387,4.2862,161.38
573.53,182,899,1,11,-0.8660254037844386,0.5000000000000001,1.656,583.02
576.46,303,92,0,8,-0.4999999999999997,-0.8660254037844388,3.1049,594.36
114.57,262,1578,1,5,0.8660254037844387,-0.4999999999999998,4.3837,119.59
3108.33,101,981,0,9,-0.8660254037844385,-0.5000000000000004,3.243,3209.13
3552.05,309,311,0,5,0.8660254037844387,-0.4999999999999998,0.488,3569.38
103.64,19,1351,0,4,1.0,6.123233995736766e-17,2.9567,106.7
2674.81,219,1504,3,4,1.0,6.123233995736766e-17,3.0526,2756.46
1009.47,344,1290,1,7,1.2246467991473532e-16,-1.0,7.3317,1083.48
655.59,241,1583,1,8,-0.4999999999999997,-0.8660254037844388,6.9345,701.05
449.84,342,633,0,3,0.8660254037844386,0.5000000000000001,2.2319,459.88
1542.14,20,727,1,3,0.8660254037844386,0.5000000000000001,0.7025,1552.97
136.42,194,943,0,12,-0.5000000000000004,0.8660254037844384,2.7876,140.23
1067.4,285,1533,1,7,1.2246467991473532e-16,-1.0,4.3325,1113.65
194.35,235,1228,0,11,-0.8660254037844386,0.5000000000000001,4.2251,202.56
85.0,322,1361,1,4,1.0,6.123233995736766e-17,5.5215,89.69
750.77,169,1157,0,4,1.0,6.123233995736766e-17,5.5666,792.56
120.55,249,95,0,4,1.0,6.123233995736766e-17,5.0086,126.58
1664.96,153,999,1,7,1.2246467991473532e-16,-1.0,3.0502,1715.74
933.21,319,562,0,10,-1.0,-1.8369701987210297e-16,4.2502,972.88
125.26,43,571,0,7,1.2246467991473532e-16,-1.0,4.4783,130.87
3357.6,93,1519,2,4,1.0,6.123233995736766e-17,1.2893,3400.89
228.83,35,622,0,12,-0.5000000000000004,0.8660254037844384,-0.442,227.82
1650.22,256,1419,1,7,1.2246467991473532e-16,-1.0,7.8106,1779.11
208.61,85,1474,1,5,0.8660254037844387,-0.4999999999999998,2.5792,213.99
123.47,116,941,1,1,0.0,1.0,3.2813,127.52
2200.4,306,292,0,7,1.2246467991473532e-16,-1.0,2.6891,2259.57
4073.3,131,1169,1,8,-0.4999999999999997,-0.8660254037844388,2.9552,4193.68
305.98,53,1301,0,12,-0.5000000000000004,0.8660254037844384,1.909,311.82
197.95,7,636,0,3,0.8660254037844386,0.5000000000000001,-1.3174,195.34
1146.64,82,563,1,2,0.49999999999999994,0.8660254037844387,-1.9303,1124.51
136.67,334,938,2,12,-0.5000000000000004,0.8660254037844384,3.1,140.91
3640.92,200,1473,0,7,1.2246467991473532e-16,-1.0,2.5614,3734.18
49.91,364,797,0,1,0.0,1.0,5.1257,52.47
94.97,78,928,1,2,0.49999999999999994,0.8660254037844387,2.8812,97.71
80.82,128,685,0,6,0.49999999999999994,-0.8660254037844387,7.3021,86.72
251.87,59,1324,1,8,-0.4999999999999997,-0.8660254037844388,4.2933,262.69
2559.97,145,541,0,3,0.8660254037844386,0.5000000000000001,0.2677,2566.82
1112.03,206,1106,0,5,0.8660254037844387,-0.4999999999999998,3.8399,1154.73
103.12,295,1633,1,9,-0.8660254037844385,-0.5000000000000004,6.1063,109.42
86.87,134,1800,3,12,-0.5000000000000004,0.8660254037844384,0.5867,87.38
234.06,282,1397,0,6,0.49999999999999994,-0.8660254037844387,6.0443,248.21
1048.99,229,1452,2,5,0.8660254037844387,-0.4999999999999998,5.903,1110.92
948.97,106,1273,0,5,0.8660254037844387,-0.4999999999999998,3.1898,979.25
58.35,333,101,0,2,0.49999999999999994,0.8660254037844387,4.4179,60.93
1568.9,158,558,0,1,0.0,1.0,0.3393,1574.23
809.02,55,442,0,11,-0.8660254037844386,0.5000000000000001,0.1406,810.15
5000.0,352,1457,1,1,0.0,1.0,2.4944,5124.72
538.19,334,379,0,10,-1.0,-1.8369701987210297e-16,4.5321,562.58
286.61,18,1454,0,3,0.8660254037844386,0.5000000000000001,0.7716,288.82
93.55,330,1062,0,9,-0.8660254037844385,-0.5000000000000004,7.2278,100.31
2842.0,346,328,1,12,-0.5000000000000004,0.8660254037844384,1.8423,2894.36
61.09,303,1179,2,9,-0.8660254037844385,-0.5000000000000004,7.5856,65.72
222.51,93,543,0,9,-0.8660254037844385,-0.5000000000000004,3.501,230.3
509.44,231,477,0,4,1.0,6.123233995736766e-17,2.021,519.74
882.51,196,1800,3,8,-0.4999999999999997,-0.8660254037844388,2.4769,904.37
876.24,226,1200,0,8,-0.4999999999999997,-0.8660254037844388,8.9895,955.01
1630.83,225,1272,1,6,0.49999999999999994,-0.8660254037844387,1.7976,1660.15
76.84,233,583,1,1,0.0,1.0,-0.2922,76.61
1601.94,188,1313,2,11,-0.8660254037844386,0.5000000000000001,1.0212,1618.3
2862.8,252,544,0,3,0.8660254037844386,0.5000000000000001,0.9205,2889.15
58.24,192,922,0,12,-0.5000000000000004,0.8660254037844384,3.7251,60.41
52.7,6,625,0,12,-0.5000000000000004,0.8660254037844384,0.8641,53.15
5000.0,12,932,0,1,0.0,1.0,-2.2069,4889.65
238.16,350,1129,0,9,-0.8660254037844385,-0.5000000000000004,8.5425,258.51
413.08,332,1136,3,8,-0.4999999999999997,-0.8660254037844388,3.1714,426.18
143.76,214,62,0,3,0.8660254037844386,0.5000000000000001,0.7146,144.79
494.43,63,185,0,10,-1.0,-1.8369701987210297e-16,3.3011,510.75
1707.13,286,1364,0,2,0.49999999999999994,0.8660254037844387,0.3023,1712.29
2202.01,52,1441,0,3,0.8660254037844386,0.5000000000000001,1.1785,2227.96
284.16,138,1052,0,12,-0.5000000000000004,0.8660254037844384,4.0165,295.57
123.25,120,200,0,9,-0.8660254037844385,-0.5000000000000004,-0.6846,122.41
680.75,4,1082,1,2,0.49999999999999994,0.8660254037844387,-1.7865,668.59
286.94,295,834,1,2,0.49999999999999994,0.8660254037844387,3.6458,297.4
751.5,186,390,0,4,1.0,6.123233995736766e-17,2.0235,766.71
798.44,115,715,1,1,0.0,1.0,-0.2275,796.62
3810.5,185,1188,0,3,0.8660254037844386,0.5000000000000001,2.211,3894.75
63.04,0,1495,0,7,1.2246467991473532e-16,-1.0,4.3206,65.76
90.82,159,1451,2,1,0.0,1.0,-0.289,90.55
1750.29,190,715,2,4,1.0,6.123233995736766e-17,2.6568,1796.79
747.59,124,775,0,4,1.0,6.123233995736766e-17,2.8747,769.08
64.86,303,814,0,12,-0.5000000000000004,0.8660254037844384,1.5613,65.87
3550.82,91,470,0,12,-0.5000000000000004,0.8660254037844384,-1.2821,3505.3
983.25,50,678,0,11,-0.8660254037844386,0.5000000000000001,-1.7766,965.78
452.51,193,774,1,5,0.8660254037844387,-0.4999999999999998,4.135,471.23
1387.15,324,146,0,7,1.2246467991473532e-16,-1.0,5.5538,1464.19
820.37,137,1071,2,7,1.2246467991473532e-16,-1.0,3.9738,852.97
250.41,17,637,1,11,-0.8660254037844386,0.5000000000000001,0.6321,252.0
169.68,354,490,0,9,-0.8660254037844385,-0.5000000000000004,5.8712,179.64
437.62,162,1194,2,11,-0.8660254037844386,0.5000000000000001,2.433,448.27
528.68,63,1318,1,7,1.2246467991473532e-16,-1.0,3.5607,547.5
989.18,225,113,0,12,-0.5000000000000004,0.8660254037844384,1.4328,1003.35
400.18,116,543,0,9,-0.8660254037844385,-0.5000000000000004,1.4429,405.95
43.16,343,551,2,9,-0.8660254037844385,-0.5000000000000004,2.6565,44.31
1536.74,107,1692,2,8,-0.4999999999999997,-0.8660254037844388,3.1282,1584.82
83.22,201,1395,0,5,0.8660254037844387,-0.4999999999999998,6.5329,88.65
2587.2,198,875,1,8,-0.4999999999999997,-0.8660254037844388,3.6,2680.34
1774.51,88,1800,2,5,0.8660254037844387,-0.4999999999999998,2.9737,1827.28
841.28,182,1239,3,8,-0.4999999999999997,-0.8660254037844388,3.7529,872.85
497.13,39,1310,0,4,1.0,6.123233995736766e-17,-1.0324,492.0
136.39,235,1425,0,10,-1.0,-1.8369701987210297e-16,8.182,147.55
1204.83,277,1369,2,7,1.2246467991473532e-16,-1.0,2.9532,1240.41
76.95,347,694,0,9,-0.8660254037844385,-0.5000000000000004,4.7382,80.6
947.14,119,1125,0,3,0.8660254037844386,0.5000000000000001,3.3595,978.95
91.28,104,400,1,10,-1.0,-1.8369701987210297e-16,1.928,93.04
695.87,200,476,0,10,-1.0,-1.8369701987210297e-16,1.6094,707.07
104.52,253,1066,1,2,0.49999999999999994,0.8660254037844387,1.7307,106.33
60.56,363,338,0,5,0.8660254037844387,-0.4999999999999998,4.3306,63.18
442.97,9,896,1,9,-0.8660254037844385,-0.5000000000000004,0.4801,445.1
1651.55,87,1291,0,11,-0.8660254037844386,0.5000000000000001,2.326,1689.96
170.35,96,1277,1,9,-0.8660254037844385,-0.5000000000000004,2.9164,175.32
617.37,93,1342,0,6,0.49999999999999994,-0.8660254037844387,2.7748,634.5
2521.19,169,1297,0,4,1.0,6.123233995736766e-17,1.7496,2565.3
557.06,319,660,2,11,-0.8660254037844386,0.5000000000000001,1.7286,566.69
919.19,11,1253,1,11,-0.8660254037844386,0.5000000000000001,-1.5374,905.06
123.67,298,586,0,11,-0.8660254037844386,0.5000000000000001,3.0607,127.45
110.15,226,1459,0,4,1.0,6.123233995736766e-17,5.2034,115.88
77.28,225,391,1,6,0.49999999999999994,-0.8660254037844387,4.0709,80.43
3905.81,248,643,3,3,0.8660254037844386,0.5000000000000001,-1.1537,3860.75
90.78,42,1415,0,12,-0.5000000000000004,0.8660254037844384,-0.0146,90.77
91.34,273,827,2,11,-0.8660254037844386,0.5000000000000001,4.6319,95.57
134.52,90,946,0,3,0.8660254037844386,0.5000000000000001,5.3376,141.7
1723.29,189,572,1,3,0.8660254037844386,0.5000000000000001,0.9419,1739.52
269.74,247,459,0,7,1.2246467991473532e-16,-1.0,6.6986,287.81
2196.57,221,1021,0,5,0.8660254037844387,-0.4999999999999998,2.8336,2258.82
403.22,118,1430,2,6,0.49999999999999994,-0.8660254037844387,2.8148,414.57
1692.29,144,383,0,5,0.8660254037844387,-0.4999999999999998,3.3693,1749.31
4295.83,174,1800,2,9,-0.8660254037844385,-0.5000000000000004,-0.8077,4261.13
293.23,15,173,0,11,-0.8660254037844386,0.5000000000000001,0.5721,294.91
3776.35,265,190,0,12,-0.5000000000000004,0.8660254037844384,-0.3605,3762.74
5000.0,36,1800,2,6,0.49999999999999994,-0.8660254037844387,0.2541,5012.71
40.32,167,353,1,10,-1.0,-1.8369701987210297e-16,3.1206,41.58
603.96,239,503,0,9,-0.8660254037844385,-0.5000000000000004,6.3817,642.51
816.94,29,310,1,3,0.8660254037844386,0.5000000000000001,-1.651,803.46
2111.12,364,368,0,10,-1.0,-1.8369701987210297e-16,3.8516,2192.44
947.98,138,542,2,5,0.8660254037844387,-0.4999999999999998,2.6375,972.99
1118.4,5,567,0,8,-0.4999999999999997,-0.8660254037844388,2.344,1144.61
162.99,241,475,0,9,-0.8660254037844385,-0.5000000000000004,3.2931,168.35
1807.54,204,275,0,12,-0.5000000000000004,0.8660254037844384,0.6192,1818.73
71.43,234,1159,1,12,-0.5000000000000004,0.8660254037844384,2.6727,73.34
875.44,274,533,2,10,-1.0,-1.8369701987210297e-16,-1.9236,858.6
127.57,174,959,1,7,1.2246467991473532e-16,-1.0,6.6479,136.05
1553.39,302,489,0,5,0.8660254037844387,-0.4999999999999998,2.0243,1584.84
2164.73,135,991,0,6,0.49999999999999994,-0.8660254037844387,4.3575,2259.05
97.53,199,536,0,12,-0.5000000000000004,0.8660254037844384,4.2209,101.65
2029.19,58,999,2,3,0.8660254037844386,0.5000000000000001,-0.9965,2008.97
2950.39,226,1225,0,7,1.2246467991473532e-16,-1.0,3.77,3061.62
48.0,95,346,1,9,-0.8660254037844385,-0.5000000000000004,3.611,49.73
347.36,255,679,0,1,0.0,1.0,4.0456,361.42
139.06,293,1580,3,8,-0.4999999999999997,-0.8660254037844388,3.4505,143.85
98.72,314,1117,0,4,1.0,6.123233995736766e-17,1.7446,100.44
2158.41,340,826,0,4,1.0,6.123233995736766e-17,5.774,2283.04
212.36,44,1290,2,8,-0.4999999999999997,-0.8660254037844388,4.3338,221.56
1128.42,50,1329,2,1,0.0,1.0,-0.8112,1119.27
57.97,338,1367,1,2,0.49999999999999994,0.8660254037844387,0.6069,58.32
73.6,139,1034,1,6,0.49999999999999994,-0.8660254037844387,5.8193,77.89
1087.6,9,1573,1,8,-0.4999999999999997,-0.8660254037844388,3.8205,1129.15
192.89,105,78,0,2,0.49999999999999994,0.8660254037844387,3.2056,199.07
3022.53,306,771,0,5,0.8660254037844387,-0.4999999999999998,4.1916,3149.22
82.16,129,1302,1,4,1.0,6.123233995736766e-17,3.4414,84.99
740.95,28,428,1,7,1.2246467991473532e-16,-1.0,-1.1449,732.47
1568.39,264,1236,0,4,1.0,6.123233995736766e-17,5.2564,1650.83
610.15,71,101,0,1,0.0,1.0,0.2027,611.39
1378.91,129,1284,1,7,1.2246467991473532e-16,-1.0,4.6635,1443.21
124.47,1,317,0,11,-0.8660254037844386,0.5000000000000001,1.3654,126.17
2012.54,220,1198,1,8,-0.4999999999999997,-0.8660254037844388,3.3154,2079.27
777.44,162,1349,1,5,0.8660254037844387,-0.4999999999999998,3.3174,803.23
2339.99,317,1230,0,6,0.49999999999999994,-0.8660254037844387,5.5692,2470.31
88.19,122,881,0,2,0.49999999999999994,0.8660254037844387,3.3754,91.17
108.12,74,1367,0,3,0.8660254037844386,0.5000000000000001,3.8355,112.27
239.46,60,249,0,6,0.49999999999999994,-0.8660254037844387,3.59,248.06
252.15,73,483,1,8,-0.4999999999999997,-0.8660254037844388,3.5195,261.02
66.85,165,298,1,6,0.49999999999999994,-0.8660254037844387,4.9199,70.14
85.16,31,1554,2,12,-0.5000000000000004,0.8660254037844384,-0.8136,84.47
86.2,147,1343,0,8,-0.4999999999999997,-0.8660254037844388,7.762,92.89
78.91,312,1609,1,1,0.0,1.0,2.1718,80.62
56.18,280,802,0,7,1.2246467991473532e-16,-1.0,7.4814,60.38
1696.29,233,347,1,7,1.2246467991473532e-16,-1.0,2.9298,1745.99
3136.41,326,295,0,1,0.0,1.0,2.3348,3209.64
398.68,285,1181,1,5,0.8660254037844387,-0.4999999999999998,4.8302,417.94
142.52,238,1350,0,11,-0.8660254037844386,0.5000000000000001,6.7911,152.2
290.76,315,1483,0,5,0.8660254037844387,-0.4999999999999998,5.8667,307.82
2762.78,45,1688,3,6,0.49999999999999994,-0.8660254037844387,2.8844,2842.47
4715.08,299,1327,0,3,0.8660254037844386,0.5000000000000001,1.9524,4807.14
144.49,108,740,0,1,0.0,1.0,0.5675,145.31
44.95,268,426,1,4,1.0,6.123233995736766e-17,3.4788,46.51
199.49,334,722,0,10,-1.0,-1.8369701987210297e-16,5.3869,210.23
220.84,181,189,0,12,-0.5000000000000004,0.8660254037844384,-0.2521,220.29
53.23,32,1024,0,8,-0.4999999999999997,-0.8660254037844388,3.3845,55.03
1061.43,135,524,0,10,-1.0,-1.8369701987210297e-16,2.1786,1084.56
81.13,148,849,2,8,-0.4999999999999997,-0.8660254037844388,4.8314,85.05
49.45,342,150,1,8,-0.4999999999999997,-0.8660254037844388,5.2383,52.05
1851.18,344,1500,0,6,0.49999999999999994,-0.8660254037844387,5.8971,1960.34
1727.72,208,667,0,1,0.0,1.0,-1.1932,1707.11
142.92,347,1657,2,5,0.8660254037844387,-0.4999999999999998,6.1363,151.69
1805.44,159,1003,2,11,-0.8660254037844386,0.5000000000000001,1.7877,1837.71
210.14,150,978,0,7,1.2246467991473532e-16,-1.0,7.0314,224.92
200.85,306,841,1,10,-1.0,-1.8369701987210297e-16,4.4242,209.74
94.32,244,1045,0,1,0.0,1.0,1.7955,96.01
112.8,191,335,0,3,0.8660254037844386,0.5000000000000001,1.6998,114.72
75.13,167,1800,2,4,1.0,6.123233995736766e-17,3.2997,77.61
1125.09,258,959,2,5,0.8660254037844387,-0.4999999999999998,3.4826,1164.27
1851.09,275,60,0,12,-0.5000000000000004,0.8660254037844384,-0.7889,1836.49
76.41,179,1705,2,6,0.49999999999999994,-0.8660254037844387,2.3781,78.23
123.04,11,318,1,8,-0.4999999999999997,-0.8660254037844388,1.2117,124.53
252.45,37,963,1,8,-0.4999999999999997,-0.8660254037844388,2.8778,259.71
350.74,52,1261,1,6,0.49999999999999994,-0.8660254037844387,3.9951,364.76
2142.18,169,584,0,12,-0.5000000000000004,0.8660254037844384,-0.0923,2140.2
49.32,224,589,2,3,0.8660254037844386,0.5000000000000001,1.5023,50.06
725.46,294,395,0,1,0.0,1.0,1.5181,736.47
652.72,85,1042,0,9,-0.8660254037844385,-0.5000000000000004,5.7366,690.16
2602.08,287,880,0,8,-0.4999999999999997,-0.8660254037844388,5.1031,2734.86
205.15,243,920,1,4,1.0,6.123233995736766e-17,1.4523,208.13
77.41,18,793,0,11,-0.8660254037844386,0.5000000000000001,-0.0425,77.38
78.12,128,508,0,2,0.49999999999999994,0.8660254037844387,3.9701,81.22
1174.61,110,1513,1,4,1.0,6.123233995736766e-17,4.1232,1223.04
521.61,324,381,0,2,0.49999999999999994,0.8660254037844387,3.3987,539.34
939.43,337,1264,0,3,0.8660254037844386,0.5000000000000001,4.6198,982.84
106.04,299,1175,0,9,-0.8660254037844385,-0.5000000000000004,7.2546,113.74
41.28,193,159,1,9,-0.8660254037844385,-0.5000000000000004,3.0419,42.53
549.72,180,293,0,8,-0.4999999999999997,-0.8660254037844388,5.3754,579.27
71.83,114,849,0,11,-0.8660254037844386,0.5000000000000001,3.7316,74.51
3027.59,282,276,0,1,0.0,1.0,1.8152,3082.55
2487.16,31,1442,2,8,-0.4999999999999997,-0.8660254037844388,0.9446,2510.65
107.94,99,803,1,2,0.49999999999999994,0.8660254037844387,0.2641,108.22
964.1,49,1263,0,12,-0.5000000000000004,0.8660254037844384,-0.8524,955.88
69.54,180,426,2,8,-0.4999999999999997,-0.8660254037844388,5.3777,73.28
2932.02,109,235,1,10,-1.0,-1.8369701987210297e-16,0.7699,2954.59
841.41,72,1108,1,7,1.2246467991473532e-16,-1.0,4.1307,876.16
252.24,137,1212,0,5,0.8660254037844387,-0.4999999999999998,5.388,265.83
1536.22,315,1489,0,9,-0.8660254037844385,-0.5000000000000004,3.1549,1584.68
55.44,204,1253,1,11,-0.8660254037844386,0.5000000000000001,4.266,57.8
212.87,301,1133,0,3,0.8660254037844386,0.5000000000000001,3.1599,219.59
104.51,334,129,0,11,-0.8660254037844386,0.5000000000000001,2.2838,106.89
258.83,330,923,0,9,-0.8660254037844385,-0.5000000000000004,4.7043,271.0
80.31,128,1084,0,2,0.49999999999999994,0.8660254037844387,2.0865,81.99
4374.93,321,756,1,12,-0.5000000000000004,0.8660254037844384,1.2254,4428.54
564.89,332,1499,0,3,0.8660254037844386,0.5000000000000001,1.7568,574.81
3485.1,351,1579,1,8,-0.4999999999999997,-0.8660254037844388,2.8192,3583.35
79.58,128,1529,1,2,0.49999999999999994,0.8660254037844387,1.2136,80.54
3163.5,83,1326,0,3,0.8660254037844386,0.5000000000000001,2.1822,3232.53
1080.32,213,872,0,8,-0.4999999999999997,-0.8660254037844388,6.0799,1146.0
1401.08,341,1239,0,9,-0.8660254037844385,-0.5000000000000004,6.9295,1498.17
1575.81,329,148,0,9,-0.8660254037844385,-0.5000000000000004,3.5197,1631.27
509.27,209,611,1,5,0.8660254037844387,-0.4999999999999998,3.1183,525.15
1056.9,54,1156,1,10,-1.0,-1.8369701987210297e-16,1.0616,1068.12
2586.69,154,406,2,1,0.0,1.0,-0.2579,2580.02
102.26,261,1618,3,11,-0.8660254037844386,0.5000000000000001,4.6277,106.99
49.53,205,304,0,4,1.0,6.123233995736766e-17,2.6769,50.86
4759.19,126,791,1,8,-0.4999999999999997,-0.8660254037844388,2.7516,4890.14
2598.26,125,421,0,11,-0.8660254037844386,0.5000000000000001,0.5212,2611.8
551.36,21,833,0,4,1.0,6.123233995736766e-17,0.9642,556.68
1408.52,105,163,0,5,0.8660254037844387,-0.4999999999999998,1.0496,1423.3
3641.75,244,1227,0,10,-1.0,-1.8369701987210297e-16,3.2697,3760.82
549.93,88,1558,1,11,-0.8660254037844386,0.5000000000000001,-0.0935,549.42
85.54,363,1205,1,3,0.8660254037844386,0.5000000000000001,5.1999,89.99
370.55,30,314,0,7,1.2246467991473532e-16,-1.0,5.065,389.32
217.42,215,468,0,4,1.0,6.123233995736766e-17,3.027,224.0
45.83,181,540,1,7,1.2246467991473532e-16,-1.0,7.5162,49.28
4895.37,304,1150,1,5,0.8660254037844387,-0.4999999999999998,4.1019,5096.18
1718.75,324,1446,1,1,0.0,1.0,0.6517,1729.96
2393.26,198,1325,0,12,-0.5000000000000004,0.8660254037844384,2.4693,2452.35
1018.47,230,1440,0,8,-0.4999999999999997,-0.8660254037844388,4.0913,1060.14
194.55,255,1242,1,6,0.49999999999999994,-0.8660254037844387,6.7618,207.71
615.84,190,427,1,2,0.49999999999999994,0.8660254037844387,0.6886,620.08
1105.36,67,624,0,1,0.0,1.0,-1.1678,1092.46
696.41,156,473,0,6,0.49999999999999994,-0.8660254037844387,3.3194,719.53
63.33,88,137,0,8,-0.4999999999999997,-0.8660254037844388,2.2873,64.78
2707.71,169,1424,1,4,1.0,6.123233995736766e-17,3.8573,2812.16
202.7,225,886,0,9,-0.8660254037844385,-0.5000000000000004,4.863,212.56
402.89,76,1622,1,5,0.8660254037844387,-0.4999999999999998,3.5884,417.34
805.68,91,1649,2,1,0.0,1.0,-0.6733,800.26
5000.0,301,990,0,7,1.2246467991473532e-16,-1.0,5.4199,5270.99
149.47,138,108,0,3,0.8660254037844386,0.5000000000000001,1.6724,151.97
55.79,72,689,0,1,0.0,1.0,1.4782,56.62
4614.86,261,736,0,2,0.49999999999999994,0.8660254037844387,1.6377,4690.44
4658.48,262,1151,2,4,1.0,6.123233995736766e-17,2.0585,4754.37
132.98,302,1362,3,7,1.2246467991473532e-16,-1.0,3.7907,138.03
2790.79,278,1181,0,12,-0.5000000000000004,0.8660254037844384,1.1146,2821.89
2893.09,363,443,2,3,0.8660254037844386,0.5000000000000001,0.8321,2917.16
40.0,210,209,0,1,0.0,1.0,1.2676,40.51
2185.41,104,1622,1,3,0.8660254037844386,0.5000000000000001,-1.8788,2144.35
106.15,315,764,1,4,1.0,6.123233995736766e-17,5.2887,111.76
2827.01,96,1242,0,3,0.8660254037844386,0.5000000000000001,1.5846,2871.81
63.88,106,1293,0,4,1.0,6.123233995736766e-17,2.7186,65.61
1034.16,303,458,1,12,-0.5000000000000004,0.8660254037844384,-0.328,1030.77
2530.45,322,1072,0,5,0.8660254037844387,-0.4999999999999998,4.0177,2632.11
52.65,124,928,3,8,-0.4999999999999997,-0.8660254037844388,1.5395,53.46
1334.32,266,268,0,9,-0.8660254037844385,-0.5000000000000004,3.1052,1375.75
70.09,337,400,0,2,0.49999999999999994,0.8660254037844387,2.5678,71.89
85.97,292,1616,2,3,0.8660254037844386,0.5000000000000001,4.4621,89.81
2753.43,1,180,0,5,0.8660254037844387,-0.4999999999999998,0.7975,2775.39
4092.08,243,1016,0,6,0.49999999999999994,-0.8660254037844387,6.9224,4375.35
1457.62,62,600,0,1,0.0,1.0,-0.6023,1448.84
2719.4,309,430,0,8,-0.4999999999999997,-0.8660254037844388,3.4458,2813.1
43.15,24,394,0,4,1.0,6.123233995736766e-17,4.1021,44.92
480.83,363,545,0,4,1.0,6.123233995736766e-17,3.8875,499.52
2642.03,64,553,0,8,-0.4999999999999997,-0.8660254037844388,0.4336,2653.48
2850.24,153,502,0,12,-0.5000000000000004,0.8660254037844384,0.4934,2864.3
264.01,85,935,2,11,-0.8660254037844386,0.5000000000000001,-1.8198,259.21
285.64,297,1751,2,12,-0.5000000000000004,0.8660254037844384,1.9018,291.07
1255.73,144,702,0,5,0.8660254037844387,-0.4999999999999998,2.6533,1289.05
55.3,272,662,2,2,0.49999999999999994,0.8660254037844387,2.4345,56.65
1959.44,24,1069,2,3,0.8660254037844386,0.5000000000000001,0.3286,1965.88
185.37,165,1498,2,5,0.8660254037844387,-0.4999999999999998,3.3109,191.51
595.52,333,1041,1,4,1.0,6.123233995736766e-17,3.4566,616.1
120.02,339,817,0,3,0.8660254037844386,0.5000000000000001,5.3124,126.4
1680.53,76,1019,0,2,0.49999999999999994,0.8660254037844387,-1.0147,1663.47
5000.0,144,1745,2,3,0.8660254037844386,0.5000000000000001,0.5295,5026.47
451.74,149,156,0,8,-0.4999999999999997,-0.8660254037844388,4.4397,471.79
5000.0,206,1780,2,6,0.49999999999999994,-0.8660254037844387,2.5541,5127.71
400.48,196,1523,1,1,0.0,1.0,0.888,404.03
235.47,38,1444,0,7,1.2246467991473532e-16,-1.0,4.5786,246.25
2488.26,279,770,0,11,-0.8660254037844386,0.5000000000000001,4.436,2598.64
70.78,82,1616,2,6,0.49999999999999994,-0.8660254037844387,2.0874,72.26
133.13,115,164,0,4,1.0,6.123233995736766e-17,1.8517,135.59
1210.76,307,818,1,4,1.0,6.123233995736766e-17,5.353,1275.57
146.04,252,1800,3,5,0.8660254037844387,-0.4999999999999998,5.5217,154.11
2734.65,145,439,0,4,1.0,6.123233995736766e-17,1.2893,2769.91
537.44,333,1156,0,12,-0.5000000000000004,0.8660254037844384,2.933,553.2
134.8,144,510,0,12,-0.5000000000000004,0.8660254037844384,1.9989,137.5
298.68,206,1094,1,5,0.8660254037844387,-0.4999999999999998,5.1514,314.06
198.23,90,995,0,12,-0.5000000000000004,0.8660254037844384,3.3263,204.83
1601.59,67,1323,0,11,-0.8660254037844386,0.5000000000000001,2.6127,1643.43
71.99,179,542,0,1,0.0,1.0,-0.5152,71.62
3146.33,206,1191,0,6,0.49999999999999994,-0.8660254037844387,2.4827,3224.44
92.01,294,678,0,8,-0.4999999999999997,-0.8660254037844388,5.6227,97.18
168.34,143,617,0,6,0.49999999999999994,-0.8660254037844387,2.1098,171.89
722.81,327,351,1,6,0.49999999999999994,-0.8660254037844387,6.6142,770.62
187.11,222,156,0,6,0.49999999999999994,-0.8660254037844387,2.4508,191.69
621.43,25,1310,1,9,-0.8660254037844385,-0.5000000000000004,1.6393,631.62
583.97,270,559,2,4,1.0,6.123233995736766e-17,1.0829,590.29
122.09,210,271,1,8,-0.4999999999999997,-0.8660254037844388,1.9555,124.47
509.1,142,523,1,3,0.8660254037844386,0.5000000000000001,2.6452,522.56
3607.5,171,535,0,11,-0.8660254037844386,0.5000000000000001,0.2259,3615.65
40.0,110,439,1,2,0.49999999999999994,0.8660254037844387,3.2666,41.31
836.8,224,904,0,1,0.0,1.0,3.6195,867.08
257.81,207,1241,0,1,0.0,1.0,2.173,263.41
2856.46,163,937,1,5,0.8660254037844387,-0.4999999999999998,-0.1375,2852.53
82.47,104,1013,0,8,-0.4999999999999997,-0.8660254037844388,4.6132,86.27
78.43,145,1345,0,12,-0.5000000000000004,0.8660254037844384,5.6804,82.88
411.45,182,1566,1,6,0.49999999999999994,-0.8660254037844387,5.58,434.41
1254.93,172,1004,0,3,0.8660254037844386,0.5000000000000001,1.7134,1276.43
40.0,113,144,0,5,0.8660254037844387,-0.4999999999999998,2.2819,40.91
2576.71,213,1193,0,2,0.49999999999999994,0.8660254037844387,2.8382,2649.84
269.33,82,1148,0,6,0.49999999999999994,-0.8660254037844387,5.1527,283.21
3220.51,183,486,0,9,-0.8660254037844385,-0.5000000000000004,3.5511,3334.87
2711.95,44,281,0,1,0.0,1.0,-0.0898,2709.52
1354.65,172,237,0,10,-1.0,-1.8369701987210297e-16,3.3687,1400.29
1397.83,286,641,1,3,0.8660254037844386,0.5000000000000001,2.5176,1433.02
892.54,299,1370,3,9,-0.8660254037844385,-0.5000000000000004,1.1587,902.88
2656.23,254,1646,1,10,-1.0,-1.8369701987210297e-16,1.61,2698.99
86.63,272,268,0,10,-1.0,-1.8369701987210297e-16,2.8556,89.11
2207.23,24,824,1,9,-0.8660254037844385,-0.5000000000000004,1.1987,2233.69
811.25,124,1455,2,9,-0.8660254037844385,-0.5000000000000004,4.9211,851.18
1644.01,239,624,2,3,0.8660254037844386,0.5000000000000001,3.8845,1707.87
621.74,293,1418,0,2,0.49999999999999994,0.8660254037844387,3.3391,642.5
657.96,213,71,0,5,0.8660254037844387,-0.4999999999999998,3.9619,684.03
206.4,312,456,0,8,-0.4999999999999997,-0.8660254037844388,3.6916,214.02
256.51,99,200,1,8,-0.4999999999999997,-0.8660254037844388,2.2324,262.24
308.35,56,1153,0,10,-1.0,-1.8369701987210297e-16,1.6429,313.41
1474.94,31,826,2,4,1.0,6.123233995736766e-17,-1.0628,1459.26
117.63,213,681,0,11,-0.8660254037844386,0.5000000000000001,3.8722,122.18
3895.62,243,904,1,6,0.49999999999999994,-0.8660254037844387,3.6869,4039.25
2089.69,104,480,0,3,0.8660254037844386,0.5000000000000001,-2.4303,2038.91
3216.9,286,1147,0,9,-0.8660254037844385,-0.5000000000000004,6.0385,3411.16
3405.28,270,672,0,2,0.49999999999999994,0.8660254037844387,3.2496,3515.94
443.18,131,1344,1,5,0.8660254037844387,-0.4999999999999998,4.0645,461.19
3492.3,87,986,0,10,-1.0,-1.8369701987210297e-16,1.5691,3547.1
427.97,271,1027,0,10,-1.0,-1.8369701987210297e-16,2.9953,440.79
102.26,245,1696,1,4,1.0,6.123233995736766e-17,3.0313,105.36
58.56,62,918,2,2,0.49999999999999994,0.8660254037844387,1.528,59.45
58.98,93,675,1,1,0.0,1.0,-0.7875,58.52
131.72,177,1223,1,2,0.49999999999999994,0.8660254037844387,4.8267,138.07
292.34,187,1072,0,10,-1.0,-1.8369701987210297e-16,5.2843,307.78
4830.84,60,974,2,10,-1.0,-1.8369701987210297e-16,0.7461,4866.88
133.22,347,532,0,7,1.2246467991473532e-16,-1.0,10.8432,147.66
4654.05,142,1791,2,7,1.2246467991473532e-16,-1.0,5.3367,4902.42
1960.5,139,622,1,4,1.0,6.123233995736766e-17,0.8058,1976.3
2053.95,22,159,0,3,0.8660254037844386,0.5000000000000001,-2.8676,1995.05
2087.44,320,964,0,1,0.0,1.0,1.3606,2115.84
3621.86,86,304,1,9,-0.8660254037844385,-0.5000000000000004,1.004,3658.22
98.36,361,1309,1,1,0.0,1.0,1.9723,100.3
566.84,181,1474,1,2,0.49999999999999994,0.8660254037844387,-0.4072,564.53
292.27,320,1689,3,10,-1.0,-1.8369701987210297e-16,3.6717,303.0
152.22,65,388,0,7,1.2246467991473532e-16,-1.0,5.2194,160.16
497.86,60,1417,0,6,0.49999999999999994,-0.8660254037844387,6.8891,532.16
372.77,293,403,1,3,0.8660254037844386,0.5000000000000001,2.2232,381.06
3792.01,299,201,0,2,0.49999999999999994,0.8660254037844387,1.6752,3855.54
146.3,198,583,1,6,0.49999999999999994,-0.8660254037844387,2.0094,149.24
3830.12,11,1208,2,5,0.8660254037844387,-0.4999999999999998,1.8638,3901.5
117.89,345,1079,0,7,1.2246467991473532e-16,-1.0,5.9392,124.9
1005.28,143,664,1,2,0.49999999999999994,0.8660254037844387,0.5136,1010.45
249.97,342,1477,1,3,0.8660254037844386,0.5000000000000001,3.6585,259.11
5000.0,318,1234,0,2,0.49999999999999994,0.8660254037844387,1.9097,5095.49
824.54,311,544,1,6,0.49999999999999994,-0.8660254037844387,2.6107,846.07
48.44,252,263,1,4,1.0,6.123233995736766e-17,1.948,49.39
4180.34,246,1066,0,3,0.8660254037844386,0.5000000000000001,0.944,4219.8
152.21,194,300,0,7,1.2246467991473532e-16,-1.0,4.1697,158.56
3281.54,9,455,0,6,0.49999999999999994,-0.8660254037844387,3.375,3392.29
60.06,141,1335,1,3,0.8660254037844386,0.5000000000000001,1.8474,61.17
107.87,267,320,0,9,-0.8660254037844385,-0.5000000000000004,3.7918,111.96
160.96,297,561,0,5,0.8660254037844387,-0.4999999999999998,6.3711,171.22
1612.36,204,1800,2,5,0.8660254037844387,-0.4999999999999998,3.6884,1671.83
2326.55,259,1197,1,6,0.49999999999999994,-0.8660254037844387,7.8246,2508.59
1022.45,7,1116,1,2,0.49999999999999994,0.8660254037844387,0.157,1024.06
83.85,171,1800,2,6,0.49999999999999994,-0.8660254037844387,1.8372,85.39
428.88,185,1166,0,7,1.2246467991473532e-16,-1.0,6.908,458.51
477.12,326,714,0,2,0.49999999999999994,0.8660254037844387,3.6748,494.66
289.76,113,1173,1,7,1.2246467991473532e-16,-1.0,7.085,310.29
351.22,84,821,0,1,0.0,1.0,0.2018,351.93
424.82,128,574,0,8,-0.4999999999999997,-0.8660254037844388,5.8981,449.88
864.65,62,1690,1,1,0.0,1.0,-0.9762,856.21
987.49,204,908,0,3,0.8660254037844386,0.5000000000000001,2.7035,1014.19
147.35,235,1131,0,5,0.8660254037844387,-0.4999999999999998,3.9891,153.23
3198.7,293,756,1,8,-0.4999999999999997,-0.8660254037844388,2.5563,3280.47
1932.51,355,417,1,9,-0.8660254037844385,-0.5000000000000004,5.173,2032.47
1497.2,26,223,0,6,0.49999999999999994,-0.8660254037844387,1.6873,1522.47
2532.75,90,1216,0,2,0.49999999999999994,0.8660254037844387,-1.6091,2492.0
610.33,110,1173,2,5,0.8660254037844387,-0.4999999999999998,3.8006,633.52
4288.56,91,986,2,10,-1.0,-1.8369701987210297e-16,-3.4606,4140.15
205.1,302,221,0,2,0.49999999999999994,0.8660254037844387,0.7428,206.62
405.73,51,1191,0,9,-0.8660254037844385,-0.5000000000000004,0.7911,408.94
2037.15,10,646,1,5,0.8660254037844387,-0.4999999999999998,2.5302,2088.69
3049.3,314,916,0,1,0.0,1.0,1.1835,3085.39
359.27,351,555,0,9,-0.8660254037844385,-0.5000000000000004,5.5683,379.27
2167.7,82,375,0,1,0.0,1.0,-0.5999,2154.69
749.05,121,282,0,5,0.8660254037844387,-0.4999999999999998,3.7988,777.5
353.76,184,1230,0,3,0.8660254037844386,0.5000000000000001,3.8619,367.42
2567.4,192,183,0,8,-0.4999999999999997,-0.8660254037844388,4.5867,2685.16
385.55,362,265,1,1,0.0,1.0,0.9292,389.13
2307.32,147,491,0,2,0.49999999999999994,0.8660254037844387,1.4046,2339.72
2724.75,4,1337,0,7,1.2246467991473532e-16,-1.0,1.6917,2770.85
84.19,154,1067,0,12,-0.5000000000000004,0.8660254037844384,1.6039,85.54
3718.84,203,1702,2,1,0.0,1.0,-2.2974,3633.4
83.64,189,342,0,6,0.49999999999999994,-0.8660254037844387,7.4834,89.9
2855.47,187,1457,0,10,-1.0,-1.8369701987210297e-16,1.5817,2900.63
1380.2,337,427,1,4,1.0,6.123233995736766e-17,4.9758,1448.87
1122.41,295,198,1,6,0.49999999999999994,-0.8660254037844387,4.7108,1175.28
3591.34,92,816,1,11,-0.8660254037844386,0.5000000000000001,0.4091,3606.03
778.37,130,682,0,9,-0.8660254037844385,-0.5000000000000004,3.9543,809.15
204.7,244,468,0,4,1.0,6.123233995736766e-17,2.1216,209.04
622.95,150,291,0,10,-1.0,-1.8369701987210297e-16,4.3986,650.35
1183.27,156,701,1,9,-0.8660254037844385,-0.5000000000000004,2.3616,1211.22
245.0,61,589,0,7,1.2246467991473532e-16,-1.0,5.5608,258.62
167.51,93,920,0,6,0.49999999999999994,-0.8660254037844387,3.9384,174.1
438.05,271,568,0,12,-0.5000000000000004,0.8660254037844384,-0.1126,437.55
2809.43,308,594,2,11,-0.8660254037844386,0.5000000000000001,4.1484,2925.98
987.98,287,915,0,12,-0.5000000000000004,0.8660254037844384,1.3178,1001.0
3452.71,112,893,0,9,-0.8660254037844385,-0.5000000000000004,3.7144,3580.96
431.2,50,885,2,5,0.8660254037844387,-0.4999999999999998,-2.7195,419.47
3302.67,58,364,1,2,0.49999999999999994,0.8660254037844387,-1.9009,3239.89
2563.24,144,1576,1,2,0.49999999999999994,0.8660254037844387,1.281,2596.07
260.07,189,938,1,12,-0.5000000000000004,0.8660254037844384,1.7125,264.53
340.36,326,449,0,5,0.8660254037844387,-0.4999999999999998,4.9472,357.2
5000.0,328,1162,1,2,0.49999999999999994,0.8660254037844387,1.3989,5069.95
4075.39,0,654,0,3,0.8660254037844386,0.5000000000000001,0.1429,4081.21
257.24,258,414,2,1,0.0,1.0,-1.5074,253.37
2732.02,109,1065,0,7,1.2246467991473532e-16,-1.0,3.81,2836.12
2625.88,72,262,1,8,-0.4999999999999997,-0.8660254037844388,3.8404,2726.72
134.44,203,447,0,5,0.8660254037844387,-0.4999999999999998,2.2439,137.45
601.44,12,1009,0,9,-0.8660254037844385,-0.5000000000000004,2.1294,614.25
1927.39,122,1098,0,6,0.49999999999999994,-0.8660254037844387,2.4774,1975.14
89.41,202,1639,1,12,-0.5000000000000004,0.8660254037844384,2.6627,91.79
2404.9,99,1076,0,10,-1.0,-1.8369701987210297e-16,2.1358,2456.27
112.87,217,664,2,1,0.0,1.0,-0.5957,112.2
515.15,168,1082,0,4,1.0,6.123233995736766e-17,3.4376,532.86
322.82,292,1258,1,10,-1.0,-1.8369701987210297e-16,4.271,336.61
1789.89,66,1227,1,7,1.2246467991473532e-16,-1.0,2.3229,1831.47
164.29,20,1131,0,10,-1.0,-1.8369701987210297e-16,1.5145,166.78
514.06,193,1359,1,5,0.8660254037844387,-0.4999999999999998,3.1737,530.38
176.07,94,1016,1,1,0.0,1.0,-2.9255,170.92
82.55,258,1719,1,10,-1.0,-1.8369701987210297e-16,5.8243,87.36
2825.3,34,1139,1,10,-1.0,-1.8369701987210297e-16,2.4255,2893.83
107.39,210,337,1,8,-0.4999999999999997,-0.8660254037844388,1.871,109.4
113.66,362,296,0,5,0.8660254037844387,-0.4999999999999998,7.2682,121.92
59.06,34,768,0,1,0.0,1.0,0.8795,59.58
489.43,110,678,0,9,-0.8660254037844385,-0.5000000000000004,1.7749,498.12
208.66,309,1451,1,8,-0.4999999999999997,-0.8660254037844388,5.9658,221.1
752.02,195,1228,2,9,-0.8660254037844385,-0.5000000000000004,2.2645,769.05
1002.92,64,45,0,3,0.8660254037844386,0.5000000000000001,0.7504,1010.44
57.34,78,708,0,9,-0.8660254037844385,-0.5000000000000004,2.4334,58.74
125.69,279,838,0,9,-0.8660254037844385,-0.5000000000000004,8.9189,136.9
383.05,315,1549,1,11,-0.8660254037844386,0.5000000000000001,5.0684,402.46
3401.88,131,1179,1,7,1.2246467991473532e-16,-1.0,1.9857,3469.43
65.6,173,435,1,9,-0.8660254037844385,-0.5000000000000004,6.1689,69.65
1325.73,286,458,1,5,0.8660254037844387,-0.4999999999999998,4.6452,1387.31
3977.85,64,693,1,9,-0.8660254037844385,-0.5000000000000004,1.3639,4032.1
64.31,75,628,0,9,-0.8660254037844385,-0.5000000000000004,4.6491,67.3
173.81,283,203,0,10,-1.0,-1.8369701987210297e-16,4.9559,182.43
2117.18,68,1194,0,11,-0.8660254037844386,0.5000000000000001,-0.332,2110.15
2851.62,282,271,2,1,0.0,1.0,0.6012,2868.77
120.31,181,354,1,10,-1.0,-1.8369701987210297e-16,1.8661,122.56
758.71,362,230,0,10,-1.0,-1.8369701987210297e-16,4.7271,794.57
1165.82,12,241,0,7,1.2246467991473532e-16,-1.0,1.586,1184.31
332.46,346,866,0,7,1.2246467991473532e-16,-1.0,5.3899,350.38
1349.97,82,1506,2,9,-0.8660254037844385,-0.5000000000000004,2.9455,1389.73
807.14,12,1417,0,6,0.49999999999999994,-0.8660254037844387,2.4827,827.18
4874.11,264,1436,1,5,0.8660254037844387,-0.4999999999999998,4.281,5082.77
673.17,194,1043,0,10,-1.0,-1.8369701987210297e-16,4.0858,700.68
583.5,306,1049,1,10,-1.0,-1.8369701987210297e-16,6.0693,618.91
1042.42,39,701,1,3,0.8660254037844386,0.5000000000000001,-1.0651,1031.32
92.38,29,650,0,10,-1.0,-1.8369701987210297e-16,0.6853,93.02
734.0,207,1514,1,4,1.0,6.123233995736766e-17,5.5848,774.99
45.69,322,198,0,2,0.49999999999999994,0.8660254037844387,2.3802,46.77
1108.67,148,1388,1,11,-0.8660254037844386,0.5000000000000001,0.5424,1114.69
706.12,291,1226,0,3,0.8660254037844386,0.5000000000000001,3.888,733.57
1853.38,331,232,1,3,0.8660254037844386,0.5000000000000001,0.8236,1868.64
1727.43,318,396,0,4,1.0,6.123233995736766e-17,2.7846,1775.54
326.68,186,606,1,6,0.49999999999999994,-0.8660254037844387,8.2606,353.67
1336.8,255,1374,0,2,0.49999999999999994,0.8660254037844387,0.6148,1345.02
193.13,192,801,1,2,0.49999999999999994,0.8660254037844387,-0.6545,191.86
346.46,246,1174,0,5,0.8660254037844387,-0.4999999999999998,7.176,371.32
72.83,207,919,0,3,0.8660254037844386,0.5000000000000001,2.7616,74.84
61.08,192,377,1,3,0.8660254037844386,0.5000000000000001,2.2558,62.45
2500.57,159,1016,0,11,-0.8660254037844386,0.5000000000000001,2.6132,2565.92
5000.0,238,970,0,8,-0.4999999999999997,-0.8660254037844388,2.3298,5116.49
607.71,274,1540,1,1,0.0,1.0,3.4811,628.87
109.26,336,1385,0,2,0.49999999999999994,0.8660254037844387,2.954,112.48
79.76,224,1256,2,10,-1.0,-1.8369701987210297e-16,6.3179,84.8
72.49,36,1325,0,4,1.0,6.123233995736766e-17,1.4874,73.57
2649.5,215,669,2,2,0.49999999999999994,0.8660254037844387,2.1771,2707.18
398.67,115,1084,2,8,-0.4999999999999997,-0.8660254037844388,6.1629,423.24
3177.8,9,885,0,11,-0.8660254037844386,0.5000000000000001,-1.2039,3139.54
210.31,26,295,0,5,0.8660254037844387,-0.4999999999999998,1.7199,213.92
791.45,216,964,1,9,-0.8660254037844385,-0.5000000000000004,3.4529,818.78
1310.81,345,1232,1,6,0.49999999999999994,-0.8660254037844387,7.89,1414.23
56.97,185,649,0,2,0.49999999999999994,0.8660254037844387,2.3622,58.32
1307.34,162,1014,0,10,-1.0,-1.8369701987210297e-16,3.6622,1355.22
2384.37,32,1129,0,12,-0.5000000000000004,0.8660254037844384,-0.7197,2367.21
57.71,247,1108,1,12,-0.5000000000000004,0.8660254037844384,3.2111,59.56
60.23,20,776,1,2,0.49999999999999994,0.8660254037844387,0.5097,60.54
478.21,307,431,0,7,1.2246467991473532e-16,-1.0,4.8444,501.38
5000.0,298,1007,0,8,-0.4999999999999997,-0.8660254037844388,8.1188,5405.94
5000.0,362,1455,1,1,0.0,1.0,1.4832,5074.16
78.26,104,935,2,12,-0.5000000000000004,0.8660254037844384,1.9494,79.79
1728.06,59,776,0,2,0.49999999999999994,0.8660254037844387,-2.224,1689.63
2520.25,109,1373,0,4,1.0,6.123233995736766e-17,3.3361,2604.33
2613.58,292,477,0,12,-0.5000000000000004,0.8660254037844384,2.9151,2689.77
71.29,80,1423,1,7,1.2246467991473532e-16,-1.0,5.1118,74.93
3982.26,324,416,0,9,-0.8660254037844385,-0.5000000000000004,5.7221,4210.13
1958.08,56,420,0,6,0.49999999999999994,-0.8660254037844387,1.3965,1985.43
745.38,17,601,1,10,-1.0,-1.8369701987210297e-16,0.9033,752.11
47.19,80,121,0,1,0.0,1.0,-2.5099,46.01
144.0,275,716,0,9,-0.8660254037844385,-0.5000000000000004,5.7335,152.26
222.06,220,560,0,1,0.0,1.0,0.4699,223.11
2272.73,129,381,0,3,0.8660254037844386,0.5000000000000001,0.3609,2280.93
1999.42,240,1146,0,7,1.2246467991473532e-16,-1.0,7.5696,2150.77
4077.94,237,798,0,6,0.49999999999999994,-0.8660254037844387,7.3994,4379.68
283.97,203,330,0,2,0.49999999999999994,0.8660254037844387,-0.6957,282.0
2922.32,188,324,0,10,-1.0,-1.8369701987210297e-16,3.7336,3031.43
3856.65,37,1449,2,4,1.0,6.123233995736766e-17,2.2387,3942.98
49.74,95,877,2,11,-0.8660254037844386,0.5000000000000001,1.5206,50.49
137.38,193,619,0,1,0.0,1.0,3.726,142.5
1718.31,49,447,1,3,0.8660254037844386,0.5000000000000001,-1.5066,1692.42
1302.31,174,1215,0,4,1.0,6.123233995736766e-17,2.3183,1332.5
128.68,42,739,1,8,-0.4999999999999997,-0.8660254037844388,2.5947,132.02
2059.69,288,1193,2,5,0.8660254037844387,-0.4999999999999998,4.7698,2157.94
197.11,37,702,1,2,0.49999999999999994,0.8660254037844387,-0.5148,196.1
951.12,33,1283,1,7,1.2246467991473532e-16,-1.0,1.9358,969.54
3688.5,233,632,0,12,-0.5000000000000004,0.8660254037844384,0.0676,3690.99
182.89,80,1349,0,2,0.49999999999999994,0.8660254037844387,1.3437,185.35
70.14,128,1100,0,4,1.0,6.123233995736766e-17,2.454,71.86
1059.79,115,745,0,6,0.49999999999999994,-0.8660254037844387,4.9317,1112.05
1502.22,79,908,1,9,-0.8660254037844385,-0.5000000000000004,4.039,1562.89
223.04,278,948,0,2,0.49999999999999994,0.8660254037844387,4.3769,232.8
484.97,253,1054,0,3,0.8660254037844386,0.5000000000000001,7.519,521.43
593.01,87,1297,1,3,0.8660254037844386,0.5000000000000001,1.5994,602.49
1645.46,251,217,1,8,-0.4999999999999997,-0.8660254037844388,6.0015,1744.22
1123.26,261,616,1,1,0.0,1.0,0.9811,1134.29
165.54,197,680,0,8,-0.4999999999999997,-0.8660254037844388,5.0808,173.95
179.85,211,980,1,6,0.49999999999999994,-0.8660254037844387,5.5164,189.77
164.73,342,175,0,4,1.0,6.123233995736766e-17,4.2286,171.7
78.31,166,447,1,11,-0.8660254037844386,0.5000000000000001,1.4597,79.45
87.37,141,717,0,10,-1.0,-1.8369701987210297e-16,1.8296,88.97
2179.96,197,695,0,10,-1.0,-1.8369701987210297e-16,1.2149,2206.44
2486.06,305,1180,3,11,-0.8660254037844386,0.5000000000000001,2.8812,2557.69
119.27,259,146,0,3,0.8660254037844386,0.5000000000000001,3.6347,123.61
3113.55,27,1205,0,11,-0.8660254037844386,0.5000000000000001,2.7973,3200.65
617.14,168,483,0,3,0.8660254037844386,0.5000000000000001,0.9575,623.05
1437.42,270,1227,3,4,1.0,6.123233995736766e-17,1.3472,1456.78
3982.66,81,1784,2,7,1.2246467991473532e-16,-1.0,1.0536,4024.63
188.5,361,597,0,9,-0.8660254037844385,-0.5000000000000004,7.4637,202.57
975.33,295,626,1,7,1.2246467991473532e-16,-1.0,3.71,1011.52
174.33,309,430,0,7,1.2246467991473532e-16,-1.0,6.1674,185.08
3811.34,29,1191,1,5,0.8660254037844387,-0.4999999999999998,1.9994,3887.54
250.18,212,1439,0,8,-0.4999999999999997,-0.8660254037844388,3.6778,259.38
943.24,193,860,0,6,0.49999999999999994,-0.8660254037844387,6.04,1000.21
100.86,229,531,1,6,0.49999999999999994,-0.8660254037844387,6.5653,107.48
335.31,311,1578,2,8,-0.4999999999999997,-0.8660254037844388,5.9194,355.16
179.38,129,106,0,8,-0.4999999999999997,-0.8660254037844388,3.6316,185.9
1551.3,195,642,0,4,1.0,6.123233995736766e-17,2.6283,1592.07
156.71,248,600,2,2,0.49999999999999994,0.8660254037844387,3.2548,161.81
158.95,275,93,0,4,1.0,6.123233995736766e-17,3.4211,164.38
64.76,281,1497,0,5,0.8660254037844387,-0.4999999999999998,6.193,68.77
157.16,123,168,0,2,0.49999999999999994,0.8660254037844387,-0.6427,156.15
214.35,365,1364,0,3,0.8660254037844386,0.5000000000000001,0.3289,215.06
638.46,3,838,0,12,-0.5000000000000004,0.8660254037844384,0.7543,643.28
281.6,180,511,0,4,1.0,6.123233995736766e-17,3.1099,290.36
5000.0,222,1301,0,9,-0.8660254037844385,-0.5000000000000004,2.9534,5147.67
435.23,22,50,0,2,0.49999999999999994,0.8660254037844387,1.5814,442.11
76.42,165,1223,1,12,-0.5000000000000004,0.8660254037844384,2.4657,78.31
2527.15,218,1162,0,3,0.8660254037844386,0.5000000000000001,1.9627,2576.75
59.16,222,796,1,5,0.8660254037844387,-0.4999999999999998,6.28,62.88
2171.68,43,482,0,10,-1.0,-1.8369701987210297e-16,1.1866,2197.45
225.06,101,58,0,3,0.8660254037844386,0.5000000000000001,1.09,227.51
44.88,89,77,0,7,1.2246467991473532e-16,-1.0,2.8961,46.18
3455.4,234,109,0,10,-1.0,-1.8369701987210297e-16,2.879,3554.88
505.01,120,934,1,1,0.0,1.0,1.6375,513.28
2739.42,209,817,0,1,0.0,1.0,-0.0003,2739.41
343.12,267,852,1,10,-1.0,-1.8369701987210297e-16,0.8288,345.97
487.58,291,1395,2,4,1.0,6.123233995736766e-17,4.8169,511.06
240.41,67,571,0,11,-0.8660254037844386,0.5000000000000001,2.0393,245.31
342.05,330,1655,2,12,-0.5000000000000004,0.8660254037844384,3.4441,353.83
2202.08,60,996,0,11,-0.8660254037844386,0.5000000000000001,0.6437,2216.25
69.6,8,1409,0,12,-0.5000000000000004,0.8660254037844384,1.8676,70.9
546.39,16,1102,0,10,-1.0,-1.8369701987210297e-16,0.5107,549.18
135.4,73,412,1,5,0.8660254037844387,-0.4999999999999998,2.1905,138.37
691.33,319,997,1,12,-0.5000000000000004,0.8660254037844384,0.5356,695.04
157.04,76,1629,3,5,0.8660254037844387,-0.4999999999999998,4.0627,163.42
175.85,253,164,1,8,-0.4999999999999997,-0.8660254037844388,4.3172,183.44
424.2,153,109,0,1,0.0,1.0,0.2336,425.19
1123.28,14,237,2,12,-0.5000000000000004,0.8660254037844384,-2.4385,1095.89
3643.78,162,672,2,8,-0.4999999999999997,-0.8660254037844388,2.4123,3731.68
185.23,10,1460,1,12,-0.5000000000000004,0.8660254037844384,0.8915,186.88
392.25,174,488,1,5,0.8660254037844387,-0.4999999999999998,5.7388,414.76
206.85,204,476,1,4,1.0,6.123233995736766e-17,4.2622,215.67
802.97,190,694,0,7,1.2246467991473532e-16,-1.0,2.3939,822.19
254.71,103,852,2,11,-0.8660254037844386,0.5000000000000001,0.8697,256.92
94.6,280,1800,3,7,1.2246467991473532e-16,-1.0,5.6233,99.92
652.98,218,268,1,10,-1.0,-1.8369701987210297e-16,3.8012,677.8
67.87,93,1269,0,3,0.8660254037844386,0.5000000000000001,1.6061,68.96
48.48,159,378,0,10,-1.0,-1.8369701987210297e-16,1.5378,49.22
3055.13,39,950,2,9,-0.8660254037844385,-0.5000000000000004,2.2252,3123.11
2870.56,337,959,2,11,-0.8660254037844386,0.5000000000000001,1.8238,2922.91
866.46,275,1564,1,1,0.0,1.0,0.6686,872.26
46.46,105,719,2,5,0.8660254037844387,-0.4999999999999998,2.5679,47.65
216.88,247,545,0,2,0.49999999999999994,0.8660254037844387,0.0178,216.92
266.83,248,1226,2,5,0.8660254037844387,-0.4999999999999998,4.5565,278.99
1577.57,223,1020,0,10,-1.0,-1.8369701987210297e-16,2.893,1623.2
2016.67,19,579,0,8,-0.4999999999999997,-0.8660254037844388,2.9525,2076.22
195.66,321,236,0,10,-1.0,-1.8369701987210297e-16,3.5716,202.65
409.4,349,1193,0,9,-0.8660254037844385,-0.5000000000000004,6.1037,434.39
170.82,356,1356,0,12,-0.5000000000000004,0.8660254037844384,3.1284,176.17
1570.95,358,1029,1,11,-0.8660254037844386,0.5000000000000001,2.4206,1608.98
303.27,339,1315,0,8,-0.4999999999999997,-0.8660254037844388,5.2115,319.08
1186.72,270,608,1,11,-0.8660254037844386,0.5000000000000001,3.2901,1225.76
1636.2,20,1303,0,1,0.0,1.0,-0.883,1621.76
120.54,170,1402,1,9,-0.8660254037844385,-0.5000000000000004,1.5696,122.43
3875.08,89,1358,0,7,1.2246467991473532e-16,-1.0,1.635,3938.43
3003.54,80,1585,1,12,-0.5000000000000004,0.8660254037844384,1.2101,3039.88
679.06,304,653,1,7,1.2246467991473532e-16,-1.0,5.2693,714.84
54.69,297,219,0,3,0.8660254037844386,0.5000000000000001,2.912,56.29
120.52,191,1135,0,9,-0.8660254037844385,-0.5000000000000004,5.2444,126.84
80.98,269,1020,0,12,-0.5000000000000004,0.8660254037844384,3.9101,84.15
462.14,47,987,0,1,0.0,1.0,2.3291,472.9
179.63,81,963,0,1,0.0,1.0,1.562,182.44
1724.21,314,104,0,8,-0.4999999999999997,-0.8660254037844388,4.7949,1806.89
429.35,165,1253,1,7,1.2246467991473532e-16,-1.0,4.0951,446.94
397.41,200,749,0,7,1.2246467991473532e-16,-1.0,3.1977,410.11
2629.82,169,90,0,2,0.49999999999999994,0.8660254037844387,0.256,2636.55
885.17,73,1290,0,7,1.2246467991473532e-16,-1.0,5.0439,929.81
209.96,302,85,0,7,1.2246467991473532e-16,-1.0,7.0888,224.84
4128.51,277,384,0,11,-0.8660254037844386,0.5000000000000001,4.25,4303.97
377.58,250,614,1,5,0.8660254037844387,-0.4999999999999998,2.4156,386.7
862.8,129,1308,1,5,0.8660254037844387,-0.4999999999999998,2.337,882.96
213.96,235,161,0,1,0.0,1.0,2.0327,218.31
1039.65,348,604,0,7,1.2246467991473532e-16,-1.0,5.9803,1101.83
1699.76,237,578,0,8,-0.4999999999999997,-0.8660254037844388,6.7977,1815.31
907.05,180,826,1,4,1.0,6.123233995736766e-17,2.115,926.24
188.46,98,1315,0,9,-0.8660254037844385,-0.5000000000000004,7.2652,202.15
3828.95,191,728,1,12,-0.5000000000000004,0.8660254037844384,0.3328,3841.69
497.19,136,710,1,3,0.8660254037844386,0.5000000000000001,3.5802,514.99
2294.55,223,816,1,7,1.2246467991473532e-16,-1.0,0.8483,2314.01
46.21,16,616,0,9,-0.8660254037844385,-0.5000000000000004,3.4723,47.81
721.62,69,1800,2,1,0.0,1.0,-0.8219,715.69
3375.96,288,434,0,3,0.8660254037844386,0.5000000000000001,-1.2479,3333.83
933.97,139,210,0,5,0.8660254037844387,-0.4999999999999998,2.5035,957.35
83.42,158,1044,2,2,0.49999999999999994,0.8660254037844387,-0.8249,82.73
1033.75,199,283,1,5,0.8660254037844387,-0.4999999999999998,1.8043,1052.4
60.25,160,1206,0,2,0.49999999999999994,0.8660254037844387,2.841,61.96
335.88,277,1344,0,11,-0.8660254037844386,0.5000000000000001,3.4793,347.57
174.58,89,1254,0,8,-0.4999999999999997,-0.8660254037844388,5.4331,184.07
191.6,277,1437,1,4,1.0,6.123233995736766e-17,4.5663,200.35
54.93,76,658,0,10,-1.0,-1.8369701987210297e-16,6.2454,58.36
981.54,135,1061,0,1,0.0,1.0,1.1355,992.68
1477.51,215,622,0,8,-0.4999999999999997,-0.8660254037844388,4.7348,1547.47
237.46,324,1800,3,9,-0.8660254037844385,-0.5000000000000004,5.0811,249.52
628.26,85,447,1,10,-1.0,-1.8369701987210297e-16,0.9639,634.32
387.43,214,249,0,3,0.8660254037844386,0.5000000000000001,-0.6336,384.98
5000.0,23,1623,2,8,-0.4999999999999997,-0.8660254037844388,2.6689,5133.45
2011.44,27,569,0,10,-1.0,-1.8369701987210297e-16,2.4904,2061.53
3649.44,280,580,1,10,-1.0,-1.8369701987210297e-16,4.8265,3825.58
2619.22,263,1180,1,3,0.8660254037844386,0.5000000000000001,3.0785,2699.85
957.28,137,543,0,12,-0.5000000000000004,0.8660254037844384,0.0091,957.36
78.03,228,1304,1,4,1.0,6.123233995736766e-17,4.5174,81.56
2691.58,139,944,2,5,0.8660254037844387,-0.4999999999999998,4.8687,2822.62
2027.58,101,1186,0,3,0.8660254037844386,0.5000000000000001,0.8699,2045.22
133.6,157,162,0,2,0.49999999999999994,0.8660254037844387,-1.0279,132.22
200.44,114,1325,1,4,1.0,6.123233995736766e-17,6.1339,212.73
505.01,298,523,0,2,0.49999999999999994,0.8660254037844387,0.5597,507.83
172.04,150,660,0,9,-0.8660254037844385,-0.5000000000000004,1.93,175.36
5000.0,117,1399,0,8,-0.4999999999999997,-0.8660254037844388,4.5182,5225.91
117.64,196,856,1,5,0.8660254037844387,-0.4999999999999998,5.0948,123.64
73.93,277,266,1,7,1.2246467991473532e-16,-1.0,5.9279,78.31
55.96,100,876,2,8,-0.4999999999999997,-0.8660254037844388,5.1272,58.82
542.53,343,395,0,3,0.8660254037844386,0.5000000000000001,2.6255,556.77
1693.08,169,1315,3,4,1.0,6.123233995736766e-17,0.9714,1709.53
625.76,241,362,0,11,-0.8660254037844386,0.5000000000000001,1.0795,632.51
144.54,350,1215,1,1,0.0,1.0,3.1096,149.03
3315.92,157,604,1,12,-0.5000000000000004,0.8660254037844384,0.574,3334.96
278.54,73,722,0,12,-0.5000000000000004,0.8660254037844384,1.9777,284.05
115.62,273,1497,1,4,1.0,6.123233995736766e-17,3.1133,119.22
126.87,2,973,0,4,1.0,6.123233995736766e-17,-0.2306,126.58
423.99,167,1076,0,3,0.8660254037844386,0.5000000000000001,3.8192,440.18
742.09,358,1355,1,7,1.2246467991473532e-16,-1.0,5.4666,782.66
1022.1,151,1384,0,3,0.8660254037844386,0.5000000000000001,0.5446,1027.66
84.25,250,1505,1,10,-1.0,-1.8369701987210297e-16,1.5646,85.57
3481.31,192,1293,0,5,0.8660254037844387,-0.4999999999999998,6.1552,3695.58
209.76,78,541,0,12,-0.5000000000000004,0.8660254037844384,0.9175,211.68
178.78,116,1135,1,11,-0.8660254037844386,0.5000000000000001,2.6246,183.47
1458.96,191,1236,0,5,0.8660254037844387,-0.4999999999999998,4.8685,1529.99
893.58,38,1078,2,8,-0.4999999999999997,-0.8660254037844388,2.4742,915.69
4754.35,151,884,3,1,0.0,1.0,-1.4617,4684.85
331.43,151,786,0,1,0.0,1.0,1.0951,335.06
93.1,305,359,0,7,1.2246467991473532e-16,-1.0,4.7382,97.51
5000.0,45,1048,0,6,0.49999999999999994,-0.8660254037844387,0.3609,5018.05
577.65,308,1488,1,5,0.8660254037844387,-0.4999999999999998,8.4191,626.29
1212.78,150,1066,0,2,0.49999999999999994,0.8660254037844387,1.1363,1226.56
65.59,238,1319,2,11,-0.8660254037844386,0.5000000000000001,1.9787,66.89
233.21,203,1112,3,5,0.8660254037844387,-0.4999999999999998,2.1244,238.17
5000.0,109,829,0,6,0.49999999999999994,-0.8660254037844387,5.1853,5259.26
4441.5,340,833,1,5,0.8660254037844387,-0.4999999999999998,4.5082,4641.73
4123.27,82,375,0,6,0.49999999999999994,-0.8660254037844387,1.273,4175.76
2574.33,13,1028,0,8,-0.4999999999999997,-0.8660254037844388,2.0625,2627.42
457.82,274,553,0,10,-1.0,-1.8369701987210297e-16,4.2069,477.08
589.48,227,460,1,7,1.2246467991473532e-16,-1.0,3.8683,612.28
80.03,325,1210,0,2,0.49999999999999994,0.8660254037844387,4.9386,83.99
2139.58,167,1144,2,11,-0.8660254037844386,0.5000000000000001,3.8298,2221.53
1652.2,6,802,0,4,1.0,6.123233995736766e-17,-0.1333,1650.0
1437.36,7,1039,1,1,0.0,1.0,-2.2329,1405.27
238.95,158,532,2,1,0.0,1.0,-1.4241,235.55
168.75,91,904,1,10,-1.0,-1.8369701987210297e-16,2.1504,172.37
2233.44,337,836,0,5,0.8660254037844387,-0.4999999999999998,2.041,2279.02
4764.19,43,788,0,1,0.0,1.0,0.6559,4795.44
244.6,322,55,0,10,-1.0,-1.8369701987210297e-16,1.4782,248.22
71.15,79,1137,0,4,1.0,6.123233995736766e-17,1.9916,72.57
3739.32,43,1287,2,12,-0.5000000000000004,0.8660254037844384,-1.4122,3686.51
1425.75,100,1147,0,11,-0.8660254037844386,0.5000000000000001,3.3452,1473.44
1133.52,52,778,0,1,0.0,1.0,-1.8294,1112.79
3854.61,146,722,1,9,-0.8660254037844385,-0.5000000000000004,2.2708,3942.14
1356.38,120,1258,0,8,-0.4999999999999997,-0.8660254037844388,4.7333,1420.59
867.91,193,953,2,3,0.8660254037844386,0.5000000000000001,0.0626,868.45
1318.43,196,704,0,5,0.8660254037844387,-0.4999999999999998,3.6554,1366.63
328.19,0,69,0,6,0.49999999999999994,-0.8660254037844387,-0.9752,324.99
154.96,45,481,1,2,0.49999999999999994,0.8660254037844387,-1.3362,152.89
118.83,59,209,0,9,-0.8660254037844385,-0.5000000000000004,4.3681,124.02
1412.97,71,887,2,4,1.0,6.123233995736766e-17,1.7705,1437.99
127.44,34,426,0,12,-0.5000000000000004,0.8660254037844384,-0.8337,126.38
3460.57,115,529,0,10,-1.0,-1.8369701987210297e-16,0.0106,3460.94
370.16,201,1159,0,8,-0.4999999999999997,-0.8660254037844388,5.3296,389.89
1052.0,113,1039,0,2,0.49999999999999994,0.8660254037844387,-1.4541,1036.7
69.09,120,1340,1,1,0.0,1.0,0.8511,69.68
472.03,171,1232,0,2,0.49999999999999994,0.8660254037844387,1.2027,477.7
273.73,200,560,1,6,0.49999999999999994,-0.8660254037844387,3.8585,284.29
1732.84,121,1067,2,10,-1.0,-1.8369701987210297e-16,0.9883,1749.97
75.64,81,1311,0,2,0.49999999999999994,0.8660254037844387,2.3605,77.42
283.39,149,607,1,9,-0.8660254037844385,-0.5000000000000004,1.8333,288.59
2523.68,8,592,0,1,0.0,1.0,-0.4218,2513.03
1177.97,180,1010,1,4,1.0,6.123233995736766e-17,4.1545,1226.91
2206.66,344,1206,0,8,-0.4999999999999997,-0.8660254037844388,9.3397,2412.75
1409.42,145,396,1,10,-1.0,-1.8369701987210297e-16,1.6327,1432.43
1059.3,39,724,0,10,-1.0,-1.8369701987210297e-16,3.4246,1095.57
253.52,258,397,0,7,1.2246467991473532e-16,-1.0,7.0703,271.45
353.76,46,1082,0,1,0.0,1.0,0.5094,355.56
50.86,70,397,0,4,1.0,6.123233995736766e-17,0.3431,51.04
106.07,53,695,2,10,-1.0,-1.8369701987210297e-16,2.5124,108.73
599.78,323,549,0,1,0.0,1.0,2.3235,613.71
2925.29,359,825,3,9,-0.8660254037844385,-0.5000000000000004,5.9566,3099.54
943.21,208,1017,0,9,-0.8660254037844385,-0.5000000000000004,5.5244,995.32
250.6,226,414,0,10,-1.0,-1.8369701987210297e-16,4.965,263.04
2399.84,236,759,0,3,0.8660254037844386,0.5000000000000001,1.2192,2429.1
442.84,223,1059,0,3,0.8660254037844386,0.5000000000000001,3.3225,457.55
190.26,199,1304,1,3,0.8660254037844386,0.5000000000000001,-0.2335,189.82
87.02,361,1381,0,5,0.8660254037844387,-0.4999999999999998,7.5842,93.62
1901.13,268,464,2,7,1.2246467991473532e-16,-1.0,5.5357,2006.37
938.78,32,959,0,2,0.49999999999999994,0.8660254037844387,1.7735,955.43
659.68,143,523,0,7,1.2246467991473532e-16,-1.0,3.8151,684.84
1662.54,356,1164,0,3,0.8660254037844386,0.5000000000000001,0.7293,1674.67
794.65,147,776,1,7,1.2246467991473532e-16,-1.0,3.289,820.79
174.35,74,65,0,4,1.0,6.123233995736766e-17,1.2389,176.51
1098.77,317,1631,2,12,-0.5000000000000004,0.8660254037844384,2.1115,1121.97
106.6,228,1151,0,4,1.0,6.123233995736766e-17,1.5607,108.27
172.22,205,526,0,11,-0.8660254037844386,0.5000000000000001,2.405,176.37
715.8,153,1347,1,3,0.8660254037844386,0.5000000000000001,0.0429,716.11
62.65,45,754,1,2,0.49999999999999994,0.8660254037844387,2.2607,64.07
2185.76,140,748,1,3,0.8660254037844386,0.5000000000000001,-2.8771,2122.88
51.39,160,481,0,6,0.49999999999999994,-0.8660254037844387,6.5565,54.76
284.09,340,949,1,11,-0.8660254037844386,0.5000000000000001,3.173,293.1
528.81,112,1492,0,3,0.8660254037844386,0.5000000000000001,-1.0982,523.01
979.11,54,634,3,10,-1.0,-1.8369701987210297e-16,2.0479,999.16
104.24,156,908,0,9,-0.8660254037844385,-0.5000000000000004,6.8186,111.34
1890.67,364,435,1,5,0.8660254037844387,-0.4999999999999998,5.8493,2001.27
273.09,176,225,0,5,0.8660254037844387,-0.4999999999999998,3.67,283.12
112.98,138,197,1,12,-0.5000000000000004,0.8660254037844384,-0.9255,111.93
70.97,244,824,2,9,-0.8660254037844385,-0.5000000000000004,4.4447,74.12
4409.22,237,1431,2,3,0.8660254037844386,0.5000000000000001,2.0576,4499.95
365.06,109,1116,0,11,-0.8660254037844386,0.5000000000000001,1.1964,369.43
340.22,354,1209,0,5,0.8660254037844387,-0.4999999999999998,4.9017,356.89
87.48,217,345,1,1,0.0,1.0,1.6199,88.9
414.0,21,373,1,10,-1.0,-1.8369701987210297e-16,0.4444,415.84
282.87,149,1652,1,11,-0.8660254037844386,0.5000000000000001,3.4813,292.71
130.75,337,1386,0,6,0.49999999999999994,-0.8660254037844387,9.5091,143.19
1865.59,143,1064,0,9,-0.8660254037844385,-0.5000000000000004,4.8861,1956.74
3989.68,207,1267,0,3,0.8660254037844386,0.5000000000000001,0.4213,4006.48
304.41,224,1403,1,11,-0.8660254037844386,0.5000000000000001,2.6762,312.56
192.23,257,884,0,5,0.8660254037844387,-0.4999999999999998,6.059,203.88
272.62,319,737,0,4,1.0,6.123233995736766e-17,5.8537,288.58
4894.97,54,1632,1,7,1.2246467991473532e-16,-1.0,4.2811,5104.53
827.72,189,1029,0,4,1.0,6.123233995736766e-17,3.2285,854.45
134.99,195,1751,2,8,-0.4999999999999997,-0.8660254037844388,4.197,140.66
771.79,55,346,0,9,-0.8660254037844385,-0.5000000000000004,3.4287,798.25
262.01,246,369,0,5,0.8660254037844387,-0.4999999999999998,5.0044,275.12
55.61,43,961,0,10,-1.0,-1.8369701987210297e-16,3.0519,57.31
5000.0,166,1434,0,6,0.49999999999999994,-0.8660254037844387,3.4778,5173.89
89.13,120,1098,1,12,-0.5000000000000004,0.8660254037844384,4.4239,93.07
322.72,56,689,0,4,1.0,6.123233995736766e-17,2.3825,330.4
750.78,300,81,0,9,-0.8660254037844385,-0.5000000000000004,3.6584,778.25
595.52,89,270,0,7,1.2246467991473532e-16,-1.0,3.7005,617.56
42.84,93,587,1,12,-0.5000000000000004,0.8660254037844384,0.2905,42.96
687.44,312,428,1,3,0.8660254037844386,0.5000000000000001,0.0472,687.76
1655.0,321,1067,0,3,0.8660254037844386,0.5000000000000001,3.5896,1714.41
2916.67,12,1041,0,11,-0.8660254037844386,0.5000000000000001,-2.4285,2845.84
104.75,101,597,0,11,-0.8660254037844386,0.5000000000000001,1.9637,106.81
74.57,259,1665,1,9,-0.8660254037844385,-0.5000000000000004,3.0628,76.86
3837.59,284,618,0,6,0.49999999999999994,-0.8660254037844387,1.6841,3902.22
1140.51,365,693,0,5,0.8660254037844387,-0.4999999999999998,6.1244,1210.36
434.12,203,1037,1,8,-0.4999999999999997,-0.8660254037844388,3.256,448.26
1522.29,2,879,0,9,-0.8660254037844385,-0.5000000000000004,2.1211,1554.58
82.61,319,449,1,4,1.0,6.123233995736766e-17,4.1624,86.05
3848.85,58,482,0,1,0.0,1.0,-1.0302,3809.2
1119.28,44,1168,2,1,0.0,1.0,-2.4742,1091.59
3617.68,246,1275,0,5,0.8660254037844387,-0.4999999999999998,4.2968,3773.13
626.94,220,661,0,9,-0.8660254037844385,-0.5000000000000004,3.3302,647.82
1591.33,21,212,0,6,0.49999999999999994,-0.8660254037844387,2.9659,1638.53
271.1,61,1284,0,8,-0.4999999999999997,-0.8660254037844388,3.6619,281.03
96.4,215,1078,1,6,0.49999999999999994,-0.8660254037844387,5.2339,101.44
242.5,93,680,0,4,1.0,6.123233995736766e-17,3.7058,251.48
3454.23,250,898,0,9,-0.8660254037844385,-0.5000000000000004,3.3661,3570.5
1585.12,150,1454,1,9,-0.8660254037844385,-0.5000000000000004,0.579,1594.3
283.98,215,46,0,12,-0.5000000000000004,0.8660254037844384,-0.776,281.77
139.42,173,791,1,10,-1.0,-1.8369701987210297e-16,4.7382,146.03
1024.46,133,1566,1,5,0.8660254037844387,-0.4999999999999998,3.401,1059.3
684.93,125,482,0,9,-0.8660254037844385,-0.5000000000000004,3.5067,708.95
745.89,255,1565,1,5,0.8660254037844387,-0.4999999999999998,4.961,782.89
1305.64,188,576,2,11,-0.8660254037844386,0.5000000000000001,3.0436,1345.38
151.77,217,911,1,8,-0.4999999999999997,-0.8660254037844388,2.2711,155.22
390.11,211,146,0,11,-0.8660254037844386,0.5000000000000001,1.33,395.3
231.82,75,1101,0,4,1.0,6.123233995736766e-17,2.8655,238.46
119.58,334,861,2,1,0.0,1.0,1.9583,121.92
276.6,206,1392,1,2,0.49999999999999994,0.8660254037844387,3.0509,285.04
1626.15,262,233,0,7,1.2246467991473532e-16,-1.0,5.6865,1718.62
62.13,322,214,0,12,-0.5000000000000004,0.8660254037844384,2.0509,63.4
175.61,338,890,1,8,-0.4999999999999997,-0.8660254037844388,3.7348,182.17
467.24,244,363,1,10,-1.0,-1.8369701987210297e-16,6.2835,496.6
305.88,288,902,2,6,0.49999999999999994,-0.8660254037844387,5.0664,321.38
2865.61,172,1524,2,12,-0.5000000000000004,0.8660254037844384,0.1456,2869.78
1886.98,270,779,0,12,-0.5000000000000004,0.8660254037844384,3.6062,1955.03
1205.14,117,954,1,3,0.8660254037844386,0.5000000000000001,0.2064,1207.63
134.95,260,177,0,11,-0.8660254037844386,0.5000000000000001,4.3534,140.82
58.23,31,1034,0,1,0.0,1.0,0.0298,58.25
156.53,334,177,0,8,-0.4999999999999997,-0.8660254037844388,8.4159,169.7
888.79,89,1227,2,6,0.49999999999999994,-0.8660254037844387,3.5944,920.73
90.29,240,1196,0,4,1.0,6.123233995736766e-17,3.7451,93.67
2642.46,4,1102,0,12,-0.5000000000000004,0.8660254037844384,2.1215,2698.52
4557.66,56,558,0,8,-0.4999999999999997,-0.8660254037844388,3.4805,4716.28
1218.21,361,270,0,2,0.49999999999999994,0.8660254037844387,0.7214,1227.0
404.5,305,1254,0,2,0.49999999999999994,0.8660254037844387,0.9128,408.19
1690.67,81,358,0,2,0.49999999999999994,0.8660254037844387,0.2771,1695.36
171.47,47,766,0,4,1.0,6.123233995736766e-17,4.329,178.89
3605.03,298,390,0,1,0.0,1.0,1.4537,3657.43
195.66,362,204,1,4,1.0,6.123233995736766e-17,4.0125,203.51
1191.87,61,787,1,10,-1.0,-1.8369701987210297e-16,3.3047,1231.26
52.78,243,914,1,11,-0.8660254037844386,0.5000000000000001,3.965,54.87
1081.59,103,1150,0,10,-1.0,-1.8369701987210297e-16,1.4312,1097.07
218.65,272,1101,0,6,0.49999999999999994,-0.8660254037844387,5.5277,230.74
92.49,153,1255,0,9,-0.8660254037844385,-0.5000000000000004,5.8383,97.89
420.63,45,1350,2,12,-0.5000000000000004,0.8660254037844384,0.0536,420.86
73.5,118,629,0,1,0.0,1.0,2.7413,75.51
102.62,197,541,0,11,-0.8660254037844386,0.5000000000000001,3.2105,105.92
3672.15,292,1311,2,9,-0.8660254037844385,-0.5000000000000004,4.6877,3844.3
66.82,7,1091,2,5,0.8660254037844387,-0.4999999999999998,2.333,68.37
793.96,350,474,0,6,0.49999999999999994,-0.8660254037844387,7.057,849.99
46.76,237,232,1,6,0.49999999999999994,-0.8660254037844387,5.7545,49.45
1388.41,320,737,0,2,0.49999999999999994,0.8660254037844387,1.7472,1412.67
4718.63,340,728,0,3,0.8660254037844386,0.5000000000000001,2.4693,4835.14
458.36,56,1414,0,4,1.0,6.123233995736766e-17,2.8455,471.4
5000.0,34,1674,2,1,0.0,1.0,-1.7355,4913.23
842.97,284,437,0,7,1.2246467991473532e-16,-1.0,7.2547,904.12
596.5,68,266,1,6,0.49999999999999994,-0.8660254037844387,2.5116,611.48
125.32,54,1192,0,4,1.0,6.123233995736766e-17,0.6606,126.15
4263.66,171,872,1,3,0.8660254037844386,0.5000000000000001,-0.8112,4229.08
2149.87,334,314,1,12,-0.5000000000000004,0.8660254037844384,0.3934,2158.33
101.2,291,1229,1,9,-0.8660254037844385,-0.5000000000000004,6.6394,107.92
53.36,189,933,2,6,0.49999999999999994,-0.8660254037844387,3.6653,55.31
220.2,71,504,1,9,-0.8660254037844385,-0.5000000000000004,3.4381,227.77
109.46,123,1085,1,5,0.8660254037844387,-0.4999999999999998,2.8388,112.57
272.79,251,1188,0,3,0.8660254037844386,0.5000000000000001,3.7378,282.98
5000.0,57,1702,3,9,-0.8660254037844385,-0.5000000000000004,1.4621,5073.11
2395.55,191,444,0,10,-1.0,-1.8369701987210297e-16,0.4539,2406.42
400.81,4,907,0,8,-0.4999999999999997,-0.8660254037844388,3.5217,414.93
170.94,118,723,0,7,1.2246467991473532e-16,-1.0,7.4833,183.73
891.44,90,1310,0,1,0.0,1.0,0.1227,892.54
3292.92,249,448,1,8,-0.4999999999999997,-0.8660254037844388,3.861,3420.06
2377.37,334,1240,0,8,-0.4999999999999997,-0.8660254037844388,6.3445,2528.2
2589.17,53,549,0,5,0.8660254037844387,-0.4999999999999998,2.0037,2641.05
1821.98,291,1120,2,3,0.8660254037844386,0.5000000000000001,1.7539,1853.93
557.55,240,1208,2,12,-0.5000000000000004,0.8660254037844384,1.0418,563.36
83.93,354,551,0,5,0.8660254037844387,-0.4999999999999998,3.6041,86.96
2124.17,333,817,2,4,1.0,6.123233995736766e-17,3.4213,2196.84
940.87,36,574,0,9,-0.8660254037844385,-0.5000000000000004,0.3672,944.32
1944.72,272,929,0,6,0.49999999999999994,-0.8660254037844387,5.9124,2059.7
1751.59,216,1372,2,7,1.2246467991473532e-16,-1.0,5.2696,1843.89
170.0,41,1169,1,8,-0.4999999999999997,-0.8660254037844388,4.2497,177.22
198.99,94,1089,1,5,0.8660254037844387,-0.4999999999999998,2.1741,203.32
1962.76,339,119,0,2,0.49999999999999994,0.8660254037844387,1.5183,1992.56
303.79,198,619,0,3,0.8660254037844386,0.5000000000000001,2.1118,310.2
97.37,123,503,0,12,-0.5000000000000004,0.8660254037844384,0.274,97.63
954.63,117,893,2,7,1.2246467991473532e-16,-1.0,6.3324,1015.08
180.11,306,601,0,6,0.49999999999999994,-0.8660254037844387,4.8829,188.91
791.54,103,302,0,4,1.0,6.123233995736766e-17,2.1464,808.53
989.69,58,1449,0,9,-0.8660254037844385,-0.5000000000000004,5.2958,1042.1
762.16,210,132,1,11,-0.8660254037844386,0.5000000000000001,1.1125,770.64
5000.0,363,912,0,10,-1.0,-1.8369701987210297e-16,3.2051,5160.25
179.34,67,921,1,7,1.2246467991473532e-16,-1.0,3.2567,185.18
5000.0,93,1069,0,6,0.49999999999999994,-0.8660254037844387,1.5458,5077.29
2101.17,171,1254,0,11,-0.8660254037844386,0.5000000000000001,2.0733,2144.74
2942.5,73,989,0,11,-0.8660254037844386,0.5000000000000001,0.8756,2968.27
2444.22,238,1161,0,5,0.8660254037844387,-0.4999999999999998,4.0699,2543.69
46.84,92,589,1,12,-0.5000000000000004,0.8660254037844384,2.6085,48.07
654.21,46,1557,1,10,-1.0,-1.8369701987210297e-16,1.3993,663.37
58.4,95,172,0,11,-0.8660254037844386,0.5000000000000001,-1.308,57.64
1260.59,340,1019,0,1,0.0,1.0,4.6154,1318.77
49.25,342,258,0,2,0.49999999999999994,0.8660254037844387,0.9079,49.7
46.94,185,581,2,4,1.0,6.123233995736766e-17,3.3507,48.52
4338.55,146,1656,2,10,-1.0,-1.8369701987210297e-16,2.4765,4445.99
4045.41,299,1171,1,1,0.0,1.0,1.1983,4093.89
977.02,71,967,0,1,0.0,1.0,1.4272,990.97
500.5,239,1251,0,1,0.0,1.0,2.2984,512.01
2032.9,248,708,3,3,0.8660254037844386,0.5000000000000001,-0.1236,2030.39
4898.65,259,978,0,12,-0.5000000000000004,0.8660254037844384,-1.3936,4830.39
51.04,79,457,1,9,-0.8660254037844385,-0.5000000000000004,0.2648,51.17
73.99,262,866,2,9,-0.8660254037844385,-0.5000000000000004,8.7282,80.45
3257.4,223,761,1,4,1.0,6.123233995736766e-17,3.4935,3371.2
80.72,320,1029,1,8,-0.4999999999999997,-0.8660254037844388,8.3912,87.49
1014.38,63,139,0,10,-1.0,-1.8369701987210297e-16,4.3412,1058.41
456.82,224,218,2,7,1.2246467991473532e-16,-1.0,3.0098,470.57
397.31,303,91,0,11,-0.8660254037844386,0.5000000000000001,2.022,405.34
65.51,101,645,2,7,1.2246467991473532e-16,-1.0,1.3637,66.4
1551.31,272,883,0,4,1.0,6.123233995736766e-17,3.2745,1602.1
661.7,36,407,1,8,-0.4999999999999997,-0.8660254037844388,1.5645,672.06
5000.0,262,1800,2,12,-0.5000000000000004,0.8660254037844384,0.2305,5011.52
455.54,221,847,1,10,-1.0,-1.8369701987210297e-16,4.7912,477.36
3103.48,70,486,0,6,0.49999999999999994,-0.8660254037844387,3.8232,3222.13
140.38,24,1345,0,8,-0.4999999999999997,-0.8660254037844388,5.5326,148.15
107.28,272,533,1,12,-0.5000000000000004,0.8660254037844384,0.1703,107.46
3464.53,88,441,1,9,-0.8660254037844385,-0.5000000000000004,1.5766,3519.15
70.32,182,599,0,7,1.2246467991473532e-16,-1.0,6.2782,74.74
123.94,22,604,2,4,1.0,6.123233995736766e-17,3.3666,128.11
107.36,352,1393,2,11,-0.8660254037844386,0.5000000000000001,3.6983,111.34
1631.19,200,1504,2,12,-0.5000000000000004,0.8660254037844384,0.223,1634.83
1744.33,340,680,1,1,0.0,1.0,2.9624,1796.0
4227.22,58,1800,3,1,0.0,1.0,-2.4362,4124.24
67.91,75,245,2,2,0.49999999999999994,0.8660254037844387,-0.2556,67.74
221.01,223,818,0,5,0.8660254037844387,-0.4999999999999998,5.806,233.85
242.17,221,1476,3,2,0.49999999999999994,0.8660254037844387,0.1499,242.53
4353.2,289,593,0,11,-0.8660254037844386,0.5000000000000001,1.2012,4405.49
936.26,339,1643,2,11,-0.8660254037844386,0.5000000000000001,2.4159,958.88
223.46,300,764,1,3,0.8660254037844386,0.5000000000000001,2.3692,228.76
240.63,51,1457,1,10,-1.0,-1.8369701987210297e-16,-0.2331,240.07
234.97,113,1004,0,2,0.49999999999999994,0.8660254037844387,2.5376,240.94
1144.74,334,381,0,10,-1.0,-1.8369701987210297e-16,4.2715,1193.64
764.36,200,1255,0,5,0.8660254037844387,-0.4999999999999998,3.4551,790.77
640.4,317,154,1,1,0.0,1.0,-0.7373,635.68
374.88,206,608,2,6,0.49999999999999994,-0.8660254037844387,4.6442,392.29
62.94,18,1180,0,10,-1.0,-1.8369701987210297e-16,4.9523,66.06
1518.42,173,1358,0,12,-0.5000000000000004,0.8660254037844384,2.8744,1562.06
1334.12,301,673,1,2,0.49999999999999994,0.8660254037844387,3.1129,1375.65
121.91,239,1002,0,11,-0.8660254037844386,0.5000000000000001,3.1167,125.71
1142.55,48,1060,0,4,1.0,6.123233995736766e-17,2.28,1168.6
3431.01,76,1119,0,6,0.49999999999999994,-0.8660254037844387,3.3128,3544.67
1043.93,312,1555,1,2,0.49999999999999994,0.8660254037844387,0.9833,1054.19
834.22,358,248,1,12,-0.5000000000000004,0.8660254037844384,1.4271,846.13
1084.25,275,553,2,10,-1.0,-1.8369701987210297e-16,0.8195,1093.14
275.93,35,1382,0,8,-0.4999999999999997,-0.8660254037844388,2.9102,283.96
101.01,226,837,0,9,-0.8660254037844385,-0.5000000000000004,4.6854,105.74
444.03,303,881,1,11,-0.8660254037844386,0.5000000000000001,2.3402,454.42
138.17,234,1027,3,2,0.49999999999999994,0.8660254037844387,0.9414,139.47
1114.34,217,572,0,3,0.8660254037844386,0.5000000000000001,-1.2304,1100.63
1262.93,171,745,2,1,0.0,1.0,-1.9154,1238.74
48.1,89,810,1,6,0.49999999999999994,-0.8660254037844387,6.5814,51.26
3162.99,102,297,2,6,0.49999999999999994,-0.8660254037844387,1.4657,3209.35
3269.86,272,471,0,1,0.0,1.0,1.6865,3325.01
115.28,25,1491,0,8,-0.4999999999999997,-0.8660254037844388,4.8042,120.82
359.48,30,282,0,1,0.0,1.0,-1.356,354.61
145.46,145,1223,1,10,-1.0,-1.8369701987210297e-16,1.8842,148.2
3185.83,283,225,2,9,-0.8660254037844385,-0.5000000000000004,1.4248,3231.23
786.14,240,1113,0,10,-1.0,-1.8369701987210297e-16,6.7688,839.35
1107.76,215,429,0,2,0.49999999999999994,0.8660254037844387,0.0526,1108.34
5000.0,195,1067,0,11,-0.8660254037844386,0.5000000000000001,4.5071,5225.35
1130.45,40,852,1,7,1.2246467991473532e-16,-1.0,2.1408,1154.65
3555.27,121,1562,2,11,-0.8660254037844386,0.5000000000000001,-0.2611,3545.98
162.9,29,1015,0,9,-0.8660254037844385,-0.5000000000000004,3.3498,168.35
144.27,277,943,1,8,-0.4999999999999997,-0.8660254037844388,5.6544,152.42
435.79,274,1112,0,1,0.0,1.0,1.0041,440.17
4021.06,94,1800,2,9,-0.8660254037844385,-0.5000000000000004,1.9088,4097.81
63.03,107,1129,1,6,0.49999999999999994,-0.8660254037844387,2.4587,64.58
305.26,116,298,0,11,-0.8660254037844386,0.5000000000000001,1.5759,310.07
1839.41,325,347,1,9,-0.8660254037844385,-0.5000000000000004,3.8601,1910.42
115.77,178,1008,1,1,0.0,1.0,2.5534,118.72
842.42,278,899,2,11,-0.8660254037844386,0.5000000000000001,0.997,850.82
69.87,164,1015,1,1,0.0,1.0,2.5343,71.64
54.95,255,1016,0,4,1.0,6.123233995736766e-17,5.492,57.96
173.77,193,407,1,3,0.8660254037844386,0.5000000000000001,1.8144,176.92
2418.67,101,1204,1,12,-0.5000000000000004,0.8660254037844384,2.8073,2486.57
75.07,320,1488,0,2,0.49999999999999994,0.8660254037844387,4.4734,78.43
271.08,259,1150,3,11,-0.8660254037844386,0.5000000000000001,1.0533,273.94
1871.76,281,1397,0,3,0.8660254037844386,0.5000000000000001,5.2406,1969.85
357.64,347,1800,2,8,-0.4999999999999997,-0.8660254037844388,6.5242,380.97
432.6,91,654,0,2,0.49999999999999994,0.8660254037844387,3.1798,446.36
595.59,33,1203,0,5,0.8660254037844387,-0.4999999999999998,0.0271,595.75
4373.37,213,1402,0,8,-0.4999999999999997,-0.8660254037844388,4.5116,4570.68
3635.92,119,1425,1,9,-0.8660254037844385,-0.5000000000000004,2.3224,3720.36
58.79,159,766,2,11,-0.8660254037844386,0.5000000000000001,-1.2819,58.04
1375.09,85,1015,0,10,-1.0,-1.8369701987210297e-16,2.2868,1406.53
651.32,145,907,0,7,1.2246467991473532e-16,-1.0,4.3643,679.75
251.81,143,965,2,4,1.0,6.123233995736766e-17,-0.7626,249.89
548.53,128,1190,1,4,1.0,6.123233995736766e-17,1.2835,555.57
3832.57,271,1405,0,12,-0.5000000000000004,0.8660254037844384,4.0714,3988.61
1390.52,216,362,2,8,-0.4999999999999997,-0.8660254037844388,4.2692,1449.88
865.14,173,1357,0,11,-0.8660254037844386,0.5000000000000001,1.231,875.79
99.93,41,580,0,6,0.49999999999999994,-0.8660254037844387,2.6404,102.56
1059.22,208,1251,0,6,0.49999999999999994,-0.8660254037844387,6.5115,1128.19
401.9,64,392,1,10,-1.0,-1.8369701987210297e-16,-2.0788,393.54
485.62,114,1342,0,9,-0.8660254037844385,-0.5000000000000004,4.8957,509.39
4005.66,151,923,2,3,0.8660254037844386,0.5000000000000001,-2.5186,3904.77
5000.0,51,1379,0,7,1.2246467991473532e-16,-1.0,5.9692,5298.46
4143.3,142,1033,3,3,0.8660254037844386,0.5000000000000001,0.6129,4168.7
1790.18,97,1131,0,10,-1.0,-1.8369701987210297e-16,-0.5994,1779.45
850.0,311,912,0,1,0.0,1.0,1.6332,863.88
175.04,314,336,0,10,-1.0,-1.8369701987210297e-16,4.5385,182.99
3520.51,1,408,0,12,-0.5000000000000004,0.8660254037844384,-5.2198,3336.75
417.83,220,829,0,1,0.0,1.0,1.6927,424.91
126.23,234,1047,2,8,-0.4999999999999997,-0.8660254037844388,5.8097,133.56
90.05,138,1180,1,1,0.0,1.0,-1.8713,88.37
2942.85,171,1359,1,5,0.8660254037844387,-0.4999999999999998,4.4174,3072.84
261.09,289,1171,0,5,0.8660254037844387,-0.4999999999999998,5.6254,275.77
1333.99,138,344,2,7,1.2246467991473532e-16,-1.0,3.8093,1384.8
915.67,23,765,0,12,-0.5000000000000004,0.8660254037844384,-1.0209,906.32
142.41,136,344,1,6,0.49999999999999994,-0.8660254037844387,2.1675,145.5
2764.53,92,991,1,5,0.8660254037844387,-0.4999999999999998,0.5885,2780.8
2622.46,140,825,0,2,0.49999999999999994,0.8660254037844387,0.0834,2624.65
139.31,84,1494,0,11,-0.8660254037844386,0.5000000000000001,1.9564,142.04
87.57,54,1078,2,4,1.0,6.123233995736766e-17,3.2076,90.38
785.35,360,703,0,6,0.49999999999999994,-0.8660254037844387,5.6635,829.83
144.49,47,899,1,2,0.49999999999999994,0.8660254037844387,-2.2152,141.28
191.89,258,572,2,4,1.0,6.123233995736766e-17,2.164,196.04
2890.18,262,132,0,7,1.2246467991473532e-16,-1.0,1.8437,2943.47
122.72,226,1078,0,11,-0.8660254037844386,0.5000000000000001,4.0401,127.68
384.21,333,482,0,4,1.0,6.123233995736766e-17,5.018,403.48
175.71,1,673,1,7,1.2246467991473532e-16,-1.0,3.6687,182.16
319.53,110,1489,0,11,-0.8660254037844386,0.5000000000000001,1.7581,325.14
230.4,67,406,0,5,0.8660254037844387,-0.4999999999999998,1.7511,234.43
202.19,211,1361,0,4,1.0,6.123233995736766e-17,3.5844,209.44
1913.43,232,1353,3,1,0.0,1.0,-0.4131,1905.53
2054.22,328,813,2,11,-0.8660254037844386,0.5000000000000001,0.9446,2073.62
776.8,138,1565,1,2,0.49999999999999994,0.8660254037844387,3.1371,801.17
3707.83,86,1282,2,3,0.8660254037844386,0.5000000000000001,-0.7886,3678.59
82.77,338,661,1,2,0.49999999999999994,0.8660254037844387,2.5424,84.88
505.76,246,912,2,9,-0.8660254037844385,-0.5000000000000004,2.633,519.08
2188.34,279,587,0,5,0.8660254037844387,-0.4999999999999998,3.0954,2256.08
1079.58,162,1275,0,9,-0.8660254037844385,-0.5000000000000004,2.1631,1102.94
5000.0,163,1124,2,8,-0.4999999999999997,-0.8660254037844388,1.6545,5082.72
566.15,142,98,0,1,0.0,1.0,2.4146,579.82
4929.3,274,1046,0,4,1.0,6.123233995736766e-17,4.3865,5145.52
88.01,77,1276,1,1,0.0,1.0,0.0946,88.1
57.01,356,828,1,1,0.0,1.0,1.8502,58.07
321.76,64,1387,0,6,0.49999999999999994,-0.8660254037844387,6.2278,341.8
2406.68,168,663,0,4,1.0,6.123233995736766e-17,1.0966,2433.07
51.51,115,429,0,2,0.49999999999999994,0.8660254037844387,-1.5351,50.72
175.48,235,1065,0,5,0.8660254037844387,-0.4999999999999998,6.1908,186.34
3836.23,249,230,0,6,0.49999999999999994,-0.8660254037844387,2.5047,3932.31
1271.03,336,1479,0,12,-0.5000000000000004,0.8660254037844384,0.8349,1281.65
332.87,288,1108,1,8,-0.4999999999999997,-0.8660254037844388,4.1511,346.69
60.81,91,505,0,5,0.8660254037844387,-0.4999999999999998,4.2377,63.39
1248.53,75,163,0,6,0.49999999999999994,-0.8660254037844387,2.19,1275.87
3929.86,324,989,1,2,0.49999999999999994,0.8660254037844387,0.1268,3934.84
1658.22,178,898,0,5,0.8660254037844387,-0.4999999999999998,4.5391,1733.49
97.08,35,1201,0,7,1.2246467991473532e-16,-1.0,3.3312,100.31
507.22,301,457,0,1,0.0,1.0,-0.7399,503.47
265.94,237,467,1,12,-0.5000000000000004,0.8660254037844384,-0.7429,263.97
3210.54,9,645,0,7,1.2246467991473532e-16,-1.0,2.2478,3282.71
2076.55,286,1236,0,10,-1.0,-1.8369701987210297e-16,2.7238,2133.11
2667.86,222,1547,1,4,1.0,6.123233995736766e-17,2.9632,2746.92
318.7,224,752,1,11,-0.8660254037844386,0.5000000000000001,3.9028,331.14
40.0,316,188,1,5,0.8660254037844387,-0.4999999999999998,3.509,41.4
1310.29,181,372,2,12,-0.5000000000000004,0.8660254037844384,3.1737,1351.87
959.04,168,909,1,7,1.2246467991473532e-16,-1.0,4.7711,1004.8
65.58,225,81,0,8,-0.4999999999999997,-0.8660254037844388,4.5674,68.58
1924.56,72,1098,0,3,0.8660254037844386,0.5000000000000001,-1.1708,1902.03
68.54,55,93,0,12,-0.5000000000000004,0.8660254037844384,-0.8928,67.93
1487.77,308,661,0,3,0.8660254037844386,0.5000000000000001,2.2684,1521.52
1632.48,78,1206,0,1,0.0,1.0,1.1454,1651.18
48.2,184,726,0,6,0.49999999999999994,-0.8660254037844387,4.7863,50.51
2130.83,98,1258,1,11,-0.8660254037844386,0.5000000000000001,1.238,2157.2
301.38,84,689,1,12,-0.5000000000000004,0.8660254037844384,0.1297,301.77
612.73,218,1200,0,11,-0.8660254037844386,0.5000000000000001,4.2781,638.94
4315.39,293,666,0,7,1.2246467991473532e-16,-1.0,6.8975,4613.05
4223.67,161,1141,0,12,-0.5000000000000004,0.8660254037844384,1.4405,4284.51
369.43,50,1431,0,6,0.49999999999999994,-0.8660254037844387,5.2718,388.9
1255.16,89,599,0,6,0.49999999999999994,-0.8660254037844387,5.0327,1318.33
447.25,60,382,0,3,0.8660254037844386,0.5000000000000001,1.1463,452.38
2917.71,323,1403,0,10,-1.0,-1.8369701987210297e-16,4.5782,3051.29
262.04,116,1690,3,4,1.0,6.123233995736766e-17,2.2091,267.83
540.53,136,1323,0,3,0.8660254037844386,0.5000000000000001,4.5884,565.34
77.93,25,787,1,5,0.8660254037844387,-0.4999999999999998,2.6794,80.02
3424.8,163,552,0,8,-0.4999999999999997,-0.8660254037844388,4.8797,3591.92
2569.24,334,225,0,4,1.0,6.123233995736766e-17,1.8579,2616.98
204.06,149,1170,0,5,0.8660254037844387,-0.4999999999999998,6.9627,218.27
951.86,238,1696,2,4,1.0,6.123233995736766e-17,3.3523,983.77
338.94,66,1238,0,8,-0.4999999999999997,-0.8660254037844388,3.8109,351.86
86.33,52,468,0,9,-0.8660254037844385,-0.5000000000000004,2.8954,88.83
63.63,267,1323,3,9,-0.8660254037844385,-0.5000000000000004,3.9474,66.15
2302.76,24,763,0,2,0.49999999999999994,0.8660254037844387,-0.9547,2280.77
142.62,164,220,0,5,0.8660254037844387,-0.4999999999999998,3.9647,148.27
407.22,115,259,1,8,-0.4999999999999997,-0.8660254037844388,2.6337,417.95
3027.99,5,531,0,3,0.8660254037844386,0.5000000000000001,-3.4701,2922.91
52.31,194,988,2,1,0.0,1.0,3.7755,54.28
818.34,352,1484,0,4,1.0,6.123233995736766e-17,5.1972,860.87
5000.0,25,1418,1,9,-0.8660254037844385,-0.5000000000000004,1.9095,5095.47
2456.2,298,1087,0,8,-0.4999999999999997,-0.8660254037844388,5.5417,2592.31
177.05,197,1673,1,2,0.49999999999999994,0.8660254037844387,3.3587,182.99
149.24,264,1410,1,9,-0.8660254037844385,-0.5000000000000004,5.3764,157.27
1751.77,35,890,1,3,0.8660254037844386,0.5000000000000001,-0.8922,1736.14
91.17,318,1800,2,9,-0.8660254037844385,-0.5000000000000004,4.9172,95.65
997.31,4,1463,1,7,1.2246467991473532e-16,-1.0,4.2862,1040.06
117.22,331,340,0,2,0.49999999999999994,0.8660254037844387,2.8831,120.6
2165.2,240,456,0,5,0.8660254037844387,-0.4999999999999998,3.5821,2242.76
366.56,123,1454,0,10,-1.0,-1.8369701987210297e-16,2.6215,376.16
234.68,2,53,0,6,0.49999999999999994,-0.8660254037844387,1.1937,237.48
2044.22,223,799,0,9,-0.8660254037844385,-0.5000000000000004,5.6859,2160.45
68.69,32,760,1,9,-0.8660254037844385,-0.5000000000000004,1.241,69.54
946.15,222,1284,1,1,0.0,1.0,2.0734,965.77
5000.0,282,1800,3,12,-0.5000000000000004,0.8660254037844384,1.3617,5068.09
909.75,97,508,0,5,0.8660254037844387,-0.4999999999999998,3.0006,937.04
59.84,87,518,1,10,-1.0,-1.8369701987210297e-16,1.7099,60.86
3229.49,81,703,1,6,0.49999999999999994,-0.8660254037844387,0.3552,3240.96
95.17,82,1341,3,7,1.2246467991473532e-16,-1.0,4.4659,99.42
246.96,41,653,1,5,0.8660254037844387,-0.4999999999999998,-0.1326,246.63
121.7,91,980,0,11,-0.8660254037844386,0.5000000000000001,2.3911,124.61
1301.07,241,551,0,2,0.49999999999999994,0.8660254037844387,1.3192,1318.23
190.88,110,1369,2,11,-0.8660254037844386,0.5000000000000001,2.359,195.38
123.23,285,270,1,3,0.8660254037844386,0.5000000000000001,0.8694,124.3
321.68,299,776,1,11,-0.8660254037844386,0.5000000000000001,1.4447,326.33
163.36,278,603,1,1,0.0,1.0,2.5202,167.47
2062.13,197,1041,1,1,0.0,1.0,0.2082,2066.43
646.56,115,1199,1,2,0.49999999999999994,0.8660254037844387,-2.5434,630.12
764.75,340,1409,2,7,1.2246467991473532e-16,-1.0,5.5191,806.95
123.09,75,1518,2,4,1.0,6.123233995736766e-17,4.6783,128.85
4192.9,170,1204,0,8,-0.4999999999999997,-0.8660254037844388,5.3421,4416.89
177.16,166,105,0,10,-1.0,-1.8369701987210297e-16,0.6163,178.25
312.76,272,1031,0,1,0.0,1.0,3.2193,322.83
104.87,200,69,0,7,1.2246467991473532e-16,-1.0,6.2621,111.44
4282.87,292,793,1,9,-0.8660254037844385,-0.5000000000000004,1.3003,4338.56
903.87,336,1077,1,6,0.49999999999999994,-0.8660254037844387,5.1895,950.78
56.25,142,509,0,12,-0.5000000000000004,0.8660254037844384,3.3924,58.16
132.27,320,1063,0,8,-0.4999999999999997,-0.8660254037844388,4.6753,138.46
542.35,62,1204,0,1,0.0,1.0,-0.1354,541.61
121.04,335,996,1,7,1.2246467991473532e-16,-1.0,6.3934,128.78
876.91,65,1022,1,5,0.8660254037844387,-0.4999999999999998,1.7554,892.3
262.08,311,1461,0,2,0.49999999999999994,0.8660254037844387,5.4014,276.24
270.47,142,994,0,12,-0.5000000000000004,0.8660254037844384,3.5187,279.98
1733.33,353,598,1,3,0.8660254037844386,0.5000000000000001,1.769,1763.99
618.83,47,1000,0,2,0.49999999999999994,0.8660254037844387,-1.3694,610.36
78.82,170,807,1,3,0.8660254037844386,0.5000000000000001,4.1767,82.11
197.26,330,251,2,10,-1.0,-1.8369701987210297e-16,3.934,205.02
4106.66,17,1378,0,8,-0.4999999999999997,-0.8660254037844388,2.6648,4216.1
3049.68,96,1203,0,10,-1.0,-1.8369701987210297e-16,3.0568,3142.9
1841.19,30,944,0,6,0.49999999999999994,-0.8660254037844387,3.8311,1911.73
2819.66,117,1024,0,2,0.49999999999999994,0.8660254037844387,-0.8261,2796.37
76.57,142,885,0,5,0.8660254037844387,-0.4999999999999998,3.798,79.48
76.36,226,544,0,3,0.8660254037844386,0.5000000000000001,2.9737,78.63
65.59,94,1403,0,7,1.2246467991473532e-16,-1.0,2.5842,67.28
87.33,58,920,1,4,1.0,6.123233995736766e-17,1.6323,88.75
2090.54,62,538,0,12,-0.5000000000000004,0.8660254037844384,-1.9042,2050.74
64.72,343,1218,1,5,0.8660254037844387,-0.4999999999999998,6.2704,68.78
337.07,348,273,0,4,1.0,6.123233995736766e-17,2.2215,344.56
135.58,81,510,0,12,-0.5000000000000004,0.8660254037844384,1.2705,137.3
1869.71,71,233,0,7,1.2246467991473532e-16,-1.0,2.8987,1923.91
1567.88,19,168,0,3,0.8660254037844386,0.5000000000000001,-1.4521,1545.11
2116.77,351,1241,0,6,0.49999999999999994,-0.8660254037844387,6.8184,2261.1
288.89,258,921,1,4,1.0,6.123233995736766e-17,4.6406,302.3
4535.91,278,1514,2,9,-0.8660254037844385,-0.5000000000000004,3.2245,4682.17
3540.07,106,973,0,7,1.2246467991473532e-16,-1.0,4.0781,3684.44
858.44,234,385,0,9,-0.8660254037844385,-0.5000000000000004,2.7517,882.06
704.74,21,352,0,12,-0.5000000000000004,0.8660254037844384,-2.3383,688.26
236.27,247,906,1,9,-0.8660254037844385,-0.5000000000000004,7.109,253.07
1151.75,212,182,0,5,0.8660254037844387,-0.4999999999999998,2.7564,1183.49
4200.1,121,896,0,3,0.8660254037844386,0.5000000000000001,1.0781,4245.38
228.16,260,1185,2,7,1.2246467991473532e-16,-1.0,5.3325,240.33
147.34,236,475,2,6,0.49999999999999994,-0.8660254037844387,4.867,154.51
176.42,160,1046,1,4,1.0,6.123233995736766e-17,2.3836,180.62
5000.0,68,1280,0,10,-1.0,-1.8369701987210297e-16,1.0343,5051.72
761.67,8,1368,0,11,-0.8660254037844386,0.5000000000000001,1.64,774.16
4351.26,343,654,0,5,0.8660254037844387,-0.4999999999999998,2.4403,4457.44
651.96,102,239,1,9,-0.8660254037844385,-0.5000000000000004,2.048,665.31
240.62,110,1534,1,12,-0.5000000000000004,0.8660254037844384,-0.2143,240.11
780.64,249,847,0,1,0.0,1.0,-1.3202,770.34
122.12,93,1585,2,5,0.8660254037844387,-0.4999999999999998,3.0712,125.87
283.89,137,110,0,9,-0.8660254037844385,-0.5000000000000004,1.1993,287.29
350.01,260,651,1,6,0.49999999999999994,-0.8660254037844387,3.0675,360.75
627.29,217,460,0,10,-1.0,-1.8369701987210297e-16,6.8246,670.1
334.77,240,1088,0,6,0.49999999999999994,-0.8660254037844387,6.8052,357.56
452.41,1,1036,0,1,0.0,1.0,-0.0385,452.23
3382.91,165,1211,1,6,0.49999999999999994,-0.8660254037844387,3.8227,3512.22
104.23,173,623,0,5,0.8660254037844387,-0.4999999999999998,2.7896,107.13
3275.89,231,498,0,11,-0.8660254037844386,0.5000000000000001,1.3148,3318.96
499.6,55,445,1,2,0.49999999999999994,0.8660254037844387,-1.5266,491.98
792.39,58,517,1,2,0.49999999999999994,0.8660254037844387,-3.9395,761.17
61.29,279,351,1,2,0.49999999999999994,0.8660254037844387,4.4041,63.99
115.07,246,1418,1,7,1.2246467991473532e-16,-1.0,6.0947,122.08
1650.44,296,1102,1,12,-0.5000000000000004,0.8660254037844384,0.3933,1656.94
3672.34,99,1118,1,8,-0.4999999999999997,-0.8660254037844388,3.3568,3795.61
680.36,365,1334,0,10,-1.0,-1.8369701987210297e-16,2.8802,699.96
120.06,99,1121,0,11,-0.8660254037844386,0.5000000000000001,0.9224,121.16
1820.17,238,511,0,8,-0.4999999999999997,-0.8660254037844388,6.8043,1944.02
3200.71,59,500,0,8,-0.4999999999999997,-0.8660254037844388,1.7752,3257.53
867.2,336,230,0,3,0.8660254037844386,0.5000000000000001,2.226,886.5
127.89,121,1096,0,12,-0.5000000000000004,0.8660254037844384,1.9612,130.4
409.41,293,1318,0,10,-1.0,-1.8369701987210297e-16,4.4179,427.49
4509.77,121,1174,1,11,-0.8660254037844386,0.5000000000000001,-0.1248,4504.14
116.12,289,847,1,12,-0.5000000000000004,0.8660254037844384,5.9131,122.98
96.16,166,636,1,5,0.8660254037844387,-0.4999999999999998,2.8415,98.9
1224.43,22,819,2,2,0.49999999999999994,0.8660254037844387,-3.2837,1184.22
529.94,69,438,0,11,-0.8660254037844386,0.5000000000000001,1.2147,536.38
99.15,250,285,0,6,0.49999999999999994,-0.8660254037844387,3.4174,102.54
836.0,70,673,0,12,-0.5000000000000004,0.8660254037844384,1.478,848.35
3318.39,100,389,0,9,-0.8660254037844385,-0.5000000000000004,1.7992,3378.1
3089.57,198,1121,0,4,1.0,6.123233995736766e-17,3.2351,3189.51
60.38,92,1582,2,5,0.8660254037844387,-0.4999999999999998,3.7462,62.65
2421.56,47,326,0,8,-0.4999999999999997,-0.8660254037844388,1.5843,2459.93
638.52,228,53,0,5,0.8660254037844387,-0.4999999999999998,4.6247,668.05
206.01,252,1317,0,4,1.0,6.123233995736766e-17,5.6483,217.64
64.42,268,472,0,3,0.8660254037844386,0.5000000000000001,3.9707,66.98
4091.23,345,570,1,8,-0.4999999999999997,-0.8660254037844388,2.4119,4189.9
67.74,45,1476,1,1,0.0,1.0,-0.2578,67.57
137.07,156,1385,1,2,0.49999999999999994,0.8660254037844387,1.4849,139.1
1223.08,85,1075,1,1,0.0,1.0,2.1276,1249.11
1342.06,329,271,0,9,-0.8660254037844385,-0.5000000000000004,1.9794,1368.63
188.29,197,1072,0,1,0.0,1.0,1.1751,190.51
1758.9,35,1219,1,6,0.49999999999999994,-0.8660254037844387,4.1482,1831.86
1699.62,253,690,0,2,0.49999999999999994,0.8660254037844387,0.0743,1700.88
2181.89,15,862,0,8,-0.4999999999999997,-0.8660254037844388,1.4655,2213.87
1707.38,100,826,0,1,0.0,1.0,2.4765,1749.66
62.46,264,1188,1,1,0.0,1.0,2.9523,64.3
3240.37,185,795,0,5,0.8660254037844387,-0.4999999999999998,4.925,3399.96
839.95,278,1745,3,9,-0.8660254037844385,-0.5000000000000004,4.5454,878.13
259.78,209,96,0,2,0.49999999999999994,0.8660254037844387,1.0598,262.53
40.0,308,121,0,6,0.49999999999999994,-0.8660254037844387,5.7437,42.3
607.48,205,265,0,10,-1.0,-1.8369701987210297e-16,3.7875,630.49
80.33,20,262,0,8,-0.4999999999999997,-0.8660254037844388,1.5445,81.57
629.98,26,771,0,10,-1.0,-1.8369701987210297e-16,3.9108,654.61
89.82,284,314,1,4,1.0,6.123233995736766e-17,2.5579,92.11
990.9,14,323,0,12,-0.5000000000000004,0.8660254037844384,-0.1324,989.59
73.06,137,801,0,2,0.49999999999999994,0.8660254037844387,2.5794,74.94
1006.74,5,1354,0,8,-0.4999999999999997,-0.8660254037844388,1.9244,1026.11
1176.89,111,1213,0,6,0.49999999999999994,-0.8660254037844387,4.9578,1235.23
263.22,217,612,2,1,0.0,1.0,0.6431,264.91
2622.97,63,124,0,12,-0.5000000000000004,0.8660254037844384,-4.1945,2512.95
646.62,170,1201,1,9,-0.8660254037844385,-0.5000000000000004,3.6312,670.1
1924.62,364,1179,0,3,0.8660254037844386,0.5000000000000001,1.6004,1955.42
489.2,25,1397,0,1,0.0,1.0,0.5997,492.13
1973.92,23,844,1,9,-0.8660254037844385,-0.5000000000000004,1.0733,1995.1
2397.62,99,130,0,7,1.2246467991473532e-16,-1.0,3.9664,2492.72
439.95,302,1800,2,1,0.0,1.0,0.5398,442.32
3978.64,148,463,0,12,-0.5000000000000004,0.8660254037844384,-1.9526,3900.95
90.77,234,602,0,9,-0.8660254037844385,-0.5000000000000004,3.492,93.94
2610.64,12,1008,2,6,0.49999999999999994,-0.8660254037844387,4.3077,2723.1
737.68,269,1478,0,3,0.8660254037844386,0.5000000000000001,7.7645,794.95
83.38,24,864,3,4,1.0,6.123233995736766e-17,3.3723,86.19
939.38,260,1063,2,6,0.49999999999999994,-0.8660254037844387,2.1023,959.13
88.47,54,779,0,1,0.0,1.0,-1.5309,87.11
4081.25,314,1486,0,5,0.8660254037844387,-0.4999999999999998,3.4664,4222.72
2915.66,108,1619,1,3,0.8660254037844386,0.5000000000000001,1.8774,2970.4
1127.76,67,965,0,2,0.49999999999999994,0.8660254037844387,3.2811,1164.76
107.38,123,261,1,2,0.49999999999999994,0.8660254037844387,1.419,108.91
4056.23,0,549,0,5,0.8660254037844387,-0.4999999999999998,0.9434,4094.49
2939.71,60,1014,0,5,0.8660254037844387,-0.4999999999999998,1.1443,2973.35
1649.53,219,1214,0,5,0.8660254037844387,-0.4999999999999998,3.9804,1715.19
316.8,110,1338,1,9,-0.8660254037844385,-0.5000000000000004,3.7147,328.56
463.55,129,853,1,7,1.2246467991473532e-16,-1.0,5.61,489.56
267.28,295,1220,1,3,0.8660254037844386,0.5000000000000001,2.5211,274.02
2313.28,45,494,0,12,-0.5000000000000004,0.8660254037844384,-0.4569,2302.71
221.07,144,970,0,9,-0.8660254037844385,-0.5000000000000004,4.917,231.94
144.29,68,741,0,6,0.49999999999999994,-0.8660254037844387,4.4419,150.7
145.31,176,1040,0,1,0.0,1.0,1.4129,147.36
387.58,121,1314,0,11,-0.8660254037844386,0.5000000000000001,2.3717,396.78
1108.75,16,1446,1,9,-0.8660254037844385,-0.5000000000000004,1.5286,1125.7
2754.22,25,1111,0,6,0.49999999999999994,-0.8660254037844387,1.6271,2799.03
4356.39,311,1163,0,2,0.49999999999999994,0.8660254037844387,3.5294,4510.15
57.26,20,443,1,2,0.49999999999999994,0.8660254037844387,1.5163,58.13
47.84,286,314,0,4,1.0,6.123233995736766e-17,4.3098,49.9
306.62,335,1541,3,3,0.8660254037844386,0.5000000000000001,2.3201,313.74
2231.72,170,832,0,3,0.8660254037844386,0.5000000000000001,2.7518,2293.13
3302.56,114,673,0,5,0.8660254037844387,-0.4999999999999998,3.0496,3403.28
125.77,284,1485,2,1,0.0,1.0,3.6341,130.34
142.67,359,327,1,4,1.0,6.123233995736766e-17,3.9977,148.37
2708.02,44,392,1,11,-0.8660254037844386,0.5000000000000001,-0.2935,2700.07
564.15,352,259,0,11,-0.8660254037844386,0.5000000000000001,5.2427,593.73
338.69,345,869,0,1,0.0,1.0,4.7891,354.91
113.78,52,276,1,9,-0.8660254037844385,-0.5000000000000004,1.7298,115.75
58.29,20,110,0,12,-0.5000000000000004,0.8660254037844384,0.7366,58.72
87.96,261,1145,1,7,1.2246467991473532e-16,-1.0,4.7079,92.1
1309.99,28,1114,0,5,0.8660254037844387,-0.4999999999999998,2.0194,1336.45
1213.56,219,420,0,6,0.49999999999999994,-0.8660254037844387,5.5473,1280.88
298.2,23,1051,0,3,0.8660254037844386,0.5000000000000001,3.2051,307.76
630.95,252,278,1,5,0.8660254037844387,-0.4999999999999998,2.1308,644.4
93.65,84,641,0,12,-0.5000000000000004,0.8660254037844384,0.9357,94.53
48.6,35,901,3,8,-0.4999999999999997,-0.8660254037844388,2.4001,49.76
68.87,24,549,0,6,0.49999999999999994,-0.8660254037844387,3.3354,71.17
95.85,69,1307,0,2,0.49999999999999994,0.8660254037844387,-0.4589,95.41
3683.07,197,159,0,11,-0.8660254037844386,0.5000000000000001,1.3468,3732.68
158.86,28,1114,1,2,0.49999999999999994,0.8660254037844387,-1.9566,155.75
81.39,293,650,1,9,-0.8660254037844385,-0.5000000000000004,6.7824,86.91
2013.39,221,752,0,4,1.0,6.123233995736766e-17,5.0163,2114.38
218.89,108,337,0,4,1.0,6.123233995736766e-17,1.2097,221.54
148.61,361,1322,1,3,0.8660254037844386,0.5000000000000001,2.1096,151.75
98.14,241,133,0,5,0.8660254037844387,-0.4999999999999998,4.2084,102.27
67.24,245,216,1,9,-0.8660254037844385,-0.5000000000000004,3.1213,69.34
65.64,63,744,1,5,0.8660254037844387,-0.4999999999999998,2.7401,67.44
1455.33,260,1330,0,1,0.0,1.0,1.9651,1483.93
287.9,204,277,1,4,1.0,6.123233995736766e-17,0.862,290.38
82.17,360,523,1,2,0.49999999999999994,0.8660254037844387,5.1069,86.37
1993.21,174,761,0,5,0.8660254037844387,-0.4999999999999998,2.6288,2045.6
40.0,248,76,0,11,-0.8660254037844386,0.5000000000000001,3.7322,41.49
370.26,124,822,0,12,-0.5000000000000004,0.8660254037844384,-0.1496,369.71
81.2,14,718,1,12,-0.5000000000000004,0.8660254037844384,-0.4483,80.83
60.94,46,1184,1,2,0.49999999999999994,0.8660254037844387,1.1484,61.64
466.2,317,130,0,6,0.49999999999999994,-0.8660254037844387,5.1838,490.36
79.26,270,302,0,1,0.0,1.0,1.4652,80.42
52.19,133,288,0,6,0.49999999999999994,-0.8660254037844387,3.6496,54.09
521.57,255,1118,0,7,1.2246467991473532e-16,-1.0,5.5579,550.56
2924.32,1,1120,0,10,-1.0,-1.8369701987210297e-16,-0.5642,2907.82
359.56,13,214,0,5,0.8660254037844387,-0.4999999999999998,1.844,366.19
65.09,185,634,0,1,0.0,1.0,4.5325,68.04
228.19,228,1223,1,6,0.49999999999999994,-0.8660254037844387,6.073,242.05
273.59,342,133,1,6,0.49999999999999994,-0.8660254037844387,5.7318,289.27
135.15,278,191,0,8,-0.4999999999999997,-0.8660254037844388,6.9393,144.53
252.63,94,1072,1,2,0.49999999999999994,0.8660254037844387,-0.0161,252.58
523.75,298,867,0,8,-0.4999999999999997,-0.8660254037844388,3.3329,541.2
4585.02,179,1074,0,5,0.8660254037844387,-0.4999999999999998,3.7976,4759.14
2362.43,302,1399,3,9,-0.8660254037844385,-0.5000000000000004,4.5253,2469.34
155.32,63,1358,0,12,-0.5000000000000004,0.8660254037844384,4.1989,161.84
1490.92,9,227,0,3,0.8660254037844386,0.5000000000000001,-2.8693,1448.14
241.07,21,270,0,10,-1.0,-1.8369701987210297e-16,2.4573,246.99
2519.33,362,1185,1,2,0.49999999999999994,0.8660254037844387,2.4599,2581.3
1066.99,29,1293,0,12,-0.5000000000000004,0.8660254037844384,-0.8197,1058.24
884.43,343,346,2,6,0.49999999999999994,-0.8660254037844387,2.4863,906.41
295.97,266,1076,0,9,-0.8660254037844385,-0.5000000000000004,4.6473,309.72
1777.29,53,1461,0,10,-1.0,-1.8369701987210297e-16,2.5905,1823.33
713.12,316,865,0,8,-0.4999999999999997,-0.8660254037844388,7.8466,769.08
1088.46,52,1453,1,5,0.8660254037844387,-0.4999999999999998,-1.8017,1068.85
536.71,52,426,0,10,-1.0,-1.8369701987210297e-16,1.9895,547.39
77.13,210,1621,2,6,0.49999999999999994,-0.8660254037844387,4.3068,80.46
435.66,105,921,2,8,-0.4999999999999997,-0.8660254037844388,2.5442,446.74
52.97,106,479,0,8,-0.4999999999999997,-0.8660254037844388,5.106,55.67
85.68,71,333,0,6,0.49999999999999994,-0.8660254037844387,6.6007,91.34
545.56,222,1286,0,2,0.49999999999999994,0.8660254037844387,1.1353,551.75
363.73,9,1182,1,4,1.0,6.123233995736766e-17,0.8386,366.78
70.98,89,1348,1,12,-0.5000000000000004,0.8660254037844384,-1.2932,70.07
102.06,202,1069,0,7,1.2246467991473532e-16,-1.0,7.0027,109.2
396.75,178,795,2,8,-0.4999999999999997,-0.8660254037844388,2.8715,408.14
3713.87,256,323,0,4,1.0,6.123233995736766e-17,4.7698,3891.01
533.58,79,1194,1,9,-0.8660254037844385,-0.5000000000000004,3.4448,551.96
1659.27,237,649,1,6,0.49999999999999994,-0.8660254037844387,3.7342,1721.23
419.54,278,988,0,3,0.8660254037844386,0.5000000000000001,2.9665,431.99
146.26,142,1357,0,2,0.49999999999999994,0.8660254037844387,2.6369,150.12
60.46,93,1135,0,5,0.8660254037844387,-0.4999999999999998,5.4225,63.73
286.27,203,1041,2,7,1.2246467991473532e-16,-1.0,3.0382,294.97
4565.73,211,1368,0,4,1.0,6.123233995736766e-17,2.9774,4701.68
237.46,34,1067,1,3,0.8660254037844386,0.5000000000000001,0.6109,238.91
265.52,206,729,0,4,1.0,6.123233995736766e-17,4.0515,276.28
1602.42,56,1440,0,4,1.0,6.123233995736766e-17,3.7571,1662.63
1463.88,208,850,2,9,-0.8660254037844385,-0.5000000000000004,0.7533,1474.9
688.75,341,346,0,6,0.49999999999999994,-0.8660254037844387,6.7967,735.56
187.91,196,381,1,6,0.49999999999999994,-0.8660254037844387,4.8494,197.02
4444.21,278,958,0,2,0.49999999999999994,0.8660254037844387,1.0671,4491.63
252.31,113,787,0,7,1.2246467991473532e-16,-1.0,6.1516,267.83
220.1,337,1171,0,12,-0.5000000000000004,0.8660254037844384,2.939,226.57
1993.08,297,258,0,9,-0.8660254037844385,-0.5000000000000004,0.9963,2012.94
3566.32,335,642,1,6,0.49999999999999994,-0.8660254037844387,-0.4011,3552.01
3335.48,271,220,0,4,1.0,6.123233995736766e-17,0.5145,3352.64
519.66,237,494,0,5,0.8660254037844387,-0.4999999999999998,3.4478,537.58
3696.51,192,1443,0,1,0.0,1.0,1.3328,3745.77
138.49,339,1429,1,1,0.0,1.0,3.7975,143.75
3162.26,310,873,1,10,-1.0,-1.8369701987210297e-16,2.7685,3249.81
1293.99,152,277,1,11,-0.8660254037844386,0.5000000000000001,-2.0653,1267.27
394.26,31,1800,3,12,-0.5000000000000004,0.8660254037844384,-1.9914,386.41
119.32,1,274,0,8,-0.4999999999999997,-0.8660254037844388,1.9139,121.6
1295.76,85,192,0,12,-0.5000000000000004,0.8660254037844384,1.649,1317.13
342.81,22,643,0,5,0.8660254037844387,-0.4999999999999998,3.2043,353.8
5000.0,77,1415,0,4,1.0,6.123233995736766e-17,-0.6282,4968.59
3309.82,40,1445,1,3,0.8660254037844386,0.5000000000000001,-0.6658,3287.78
1921.05,359,793,1,3,0.8660254037844386,0.5000000000000001,3.5714,1989.66
223.22,34,707,0,9,-0.8660254037844385,-0.5000000000000004,2.9053,229.71
1109.92,229,493,2,1,0.0,1.0,-2.8089,1078.75
1447.94,128,438,0,12,-0.5000000000000004,0.8660254037844384,1.1869,1465.13
370.46,63,1190,1,10,-1.0,-1.8369701987210297e-16,2.4379,379.5
70.53,256,656,0,5,0.8660254037844387,-0.4999999999999998,5.1796,74.18
2018.2,355,1662,1,9,-0.8660254037844385,-0.5000000000000004,3.7034,2092.94
184.26,289,693,0,2,0.49999999999999994,0.8660254037844387,4.2955,192.17
103.27,356,1398,2,6,0.49999999999999994,-0.8660254037844387,3.4995,106.88
66.83,216,1369,2,2,0.49999999999999994,0.8660254037844387,-0.6019,66.43
223.66,246,784,0,2,0.49999999999999994,0.8660254037844387,1.3833,226.76
646.76,53,1309,0,1,0.0,1.0,0.5612,650.39
70.69,311,1471,1,10,-1.0,-1.8369701987210297e-16,2.7911,72.66
631.35,273,698,1,9,-0.8660254037844385,-0.5000000000000004,3.3839,652.72
2814.23,92,450,0,11,-0.8660254037844386,0.5000000000000001,-0.3549,2804.24
898.39,129,1178,1,12,-0.5000000000000004,0.8660254037844384,0.9722,907.13
448.03,223,444,2,12,-0.5000000000000004,0.8660254037844384,-0.2181,447.05
162.97,4,1234,1,12,-0.5000000000000004,0.8660254037844384,-0.9456,161.43
362.7,299,678,0,1,0.0,1.0,1.206,367.08
975.64,102,1509,2,10,-1.0,-1.8369701987210297e-16,2.9944,1004.86
2182.14,27,234,0,9,-0.8660254037844385,-0.5000000000000004,1.8741,2223.04
3196.08,120,882,0,2,0.49999999999999994,0.8660254037844387,1.3107,3237.97
418.76,305,1215,3,2,0.49999999999999994,0.8660254037844387,0.0231,418.86
79.33,100,66,0,12,-0.5000000000000004,0.8660254037844384,-0.6484,78.81
1360.24,197,808,0,11,-0.8660254037844386,0.5000000000000001,2.6869,1396.79
4838.36,297,1229,1,4,1.0,6.123233995736766e-17,2.3655,4952.81
4093.5,12,712,1,1,0.0,1.0,-3.6308,3944.87
5000.0,278,936,0,5,0.8660254037844387,-0.4999999999999998,4.9483,5247.42
139.55,105,520,0,1,0.0,1.0,-1.3163,137.72
2640.38,254,935,0,9,-0.8660254037844385,-0.5000000000000004,4.0952,2748.51
51.04,68,399,0,5,0.8660254037844387,-0.4999999999999998,4.4853,53.33
44.1,50,454,0,1,0.0,1.0,0.2427,44.21
842.5,288,148,0,12,-0.5000000000000004,0.8660254037844384,-0.5484,837.88
66.15,295,441,2,10,-1.0,-1.8369701987210297e-16,3.8519,68.7
235.94,359,363,1,11,-0.8660254037844386,0.5000000000000001,1.8318,240.26
43.72,247,547,1,12,-0.5000000000000004,0.8660254037844384,3.1423,45.09
78.93,170,1247,2,1,0.0,1.0,1.7536,80.31
117.77,71,789,2,10,-1.0,-1.8369701987210297e-16,0.9927,118.94
602.63,108,688,1,10,-1.0,-1.8369701987210297e-16,0.5863,606.17
181.95,237,297,0,10,-1.0,-1.8369701987210297e-16,2.0916,185.76
653.64,126,774,1,4,1.0,6.123233995736766e-17,5.8643,691.97
857.87,176,401,0,5,0.8660254037844387,-0.4999999999999998,-0.1416,856.65
43.14,61,523,0,12,-0.5000000000000004,0.8660254037844384,-2.0627,42.25
1912.43,160,145,0,1,0.0,1.0,1.0106,1931.76
62.52,87,780,0,8,-0.4999999999999997,-0.8660254037844388,6.068,66.32
2516.46,41,437,0,10,-1.0,-1.8369701987210297e-16,1.0257,2542.27
5000.0,48,1094,1,10,-1.0,-1.8369701987210297e-16,-2.2382,4888.09
4418.03,189,1497,0,8,-0.4999999999999997,-0.8660254037844388,5.5781,4664.48
608.65,134,751,0,10,-1.0,-1.8369701987210297e-16,1.199,615.94
1811.12,36,789,0,11,-0.8660254037844386,0.5000000000000001,-0.0804,1809.67
130.52,188,1538,2,10,-1.0,-1.8369701987210297e-16,3.734,135.39
3587.4,60,546,0,2,0.49999999999999994,0.8660254037844387,-0.0668,3585.0
41.31,5,250,0,3,0.8660254037844386,0.5000000000000001,-1.2032,40.81
743.78,48,1264,1,4,1.0,6.123233995736766e-17,3.278,768.16
472.0,164,1184,1,5,0.8660254037844387,-0.4999999999999998,5.0834,495.99
2007.09,349,728,0,5,0.8660254037844387,-0.4999999999999998,3.5175,2077.69
1497.19,88,711,1,3,0.8660254037844386,0.5000000000000001,-0.6005,1488.2
160.47,104,87,0,9,-0.8660254037844385,-0.5000000000000004,1.6312,163.09
109.62,88,1152,2,2,0.49999999999999994,0.8660254037844387,0.214,109.85
2187.58,130,1076,1,10,-1.0,-1.8369701987210297e-16,2.7826,2248.45
5000.0,262,985,1,8,-0.4999999999999997,-0.8660254037844388,1.7857,5089.29
66.27,117,487,0,12,-0.5000000000000004,0.8660254037844384,-1.8499,65.04
1227.76,240,407,1,1,0.0,1.0,-1.1375,1213.79
565.63,328,876,0,4,1.0,6.123233995736766e-17,6.5305,602.57
222.33,346,947,0,11,-0.8660254037844386,0.5000000000000001,4.5171,232.37
42.18,206,452,1,6,0.49999999999999994,-0.8660254037844387,7.1812,45.21
1187.64,261,424,1,7,1.2246467991473532e-16,-1.0,4.0942,1236.26
87.57,336,747,0,1,0.0,1.0,1.8665,89.2
1913.43,287,270,2,10,-1.0,-1.8369701987210297e-16,-1.043,1893.47
134.4,109,326,0,4,1.0,6.123233995736766e-17,1.0753,135.85
841.01,48,1070,1,12,-0.5000000000000004,0.8660254037844384,-1.4648,828.69
159.26,42,480,0,5,0.8660254037844387,-0.4999999999999998,-0.9058,157.82
1276.51,322,715,0,3,0.8660254037844386,0.5000000000000001,1.6191,1297.17
97.24,203,1439,2,8,-0.4999999999999997,-0.8660254037844388,3.7629,100.9
192.23,108,302,0,6,0.49999999999999994,-0.8660254037844387,3.912,199.75
466.24,126,690,2,6,0.49999999999999994,-0.8660254037844387,3.1103,480.74
659.99,103,478,0,12,-0.5000000000000004,0.8660254037844384,0.5922,663.9
735.16,293,879,1,5,0.8660254037844387,-0.4999999999999998,2.071,750.38
71.58,224,860,0,5,0.8660254037844387,-0.4999999999999998,3.717,74.25
41.26,321,232,1,8,-0.4999999999999997,-0.8660254037844388,6.6929,44.02
144.4,110,960,2,3,0.8660254037844386,0.5000000000000001,0.7032,145.42
66.03,172,1278,1,10,-1.0,-1.8369701987210297e-16,4.9149,69.27
163.5,44,1284,0,3,0.8660254037844386,0.5000000000000001,1.3997,165.79
65.74,355,988,1,3,0.8660254037844386,0.5000000000000001,4.2455,68.53
632.83,187,1131,1,1,0.0,1.0,1.6876,643.51
92.71,202,1229,0,5,0.8660254037844387,-0.4999999999999998,4.6097,96.98
394.39,151,1290,1,7,1.2246467991473532e-16,-1.0,3.8751,409.67
1816.39,99,897,1,9,-0.8660254037844385,-0.5000000000000004,1.3926,1841.68
1893.19,347,968,1,11,-0.8660254037844386,0.5000000000000001,2.5061,1940.64
879.83,178,1492,0,10,-1.0,-1.8369701987210297e-16,4.2276,917.02
63.54,246,1147,0,4,1.0,6.123233995736766e-17,4.2267,66.22
527.78,13,674,2,10,-1.0,-1.8369701987210297e-16,1.5379,535.9
155.07,100,849,1,3,0.8660254037844386,0.5000000000000001,4.0778,161.4
798.52,294,1125,0,3,0.8660254037844386,0.5000000000000001,1.9419,814.02
3656.26,32,1246,3,5,0.8660254037844387,-0.4999999999999998,2.1911,3736.37
769.47,37,674,0,7,1.2246467991473532e-16,-1.0,3.2291,794.32
4299.65,296,930,0,3,0.8660254037844386,0.5000000000000001,3.2355,4438.77
116.33,113,662,1,11,-0.8660254037844386,0.5000000000000001,1.2232,117.75
188.39,100,1163,1,4,1.0,6.123233995736766e-17,4.4561,196.78
109.5,206,1348,2,5,0.8660254037844387,-0.4999999999999998,4.8065,114.77
88.36,71,1579,1,8,-0.4999999999999997,-0.8660254037844388,3.8056,91.72
63.81,15,1436,0,6,0.49999999999999994,-0.8660254037844387,3.4471,66.01
4290.42,1,1080,0,5,0.8660254037844387,-0.4999999999999998,-0.4289,4272.01
463.6,29,1145,0,12,-0.5000000000000004,0.8660254037844384,-0.7414,460.16
4964.12,58,1601,2,6,0.49999999999999994,-0.8660254037844387,4.0065,5163.0
2515.29,254,525,0,2,0.49999999999999994,0.8660254037844387,2.7409,2584.24
1999.08,109,1378,0,9,-0.8660254037844385,-0.5000000000000004,2.4031,2047.12
3643.51,26,787,0,9,-0.8660254037844385,-0.5000000000000004,0.1111,3647.56
202.37,5,1308,0,3,0.8660254037844386,0.5000000000000001,2.2073,206.84
2239.07,174,361,0,11,-0.8660254037844386,0.5000000000000001,1.5079,2272.83
1097.33,307,703,1,5,0.8660254037844387,-0.4999999999999998,1.2456,1111.0
864.93,123,948,0,2,0.49999999999999994,0.8660254037844387,5.1837,909.76
942.39,23,1157,2,3,0.8660254037844386,0.5000000000000001,-0.7959,934.89
3366.05,83,933,2,9,-0.8660254037844385,-0.5000000000000004,4.0871,3503.63
3162.02,182,366,0,3,0.8660254037844386,0.5000000000000001,1.1439,3198.19
90.36,69,529,2,6,0.49999999999999994,-0.8660254037844387,1.3066,91.54
79.17,358,1103,0,9,-0.8660254037844385,-0.5000000000000004,6.9288,84.65
121.42,279,75,0,11,-0.8660254037844386,0.5000000000000001,0.2165,121.68
1668.89,126,218,0,6,0.49999999999999994,-0.8660254037844387,2.7351,1714.54
97.17,348,1600,1,11,-0.8660254037844386,0.5000000000000001,2.4461,99.55
1404.7,118,1613,1,4,1.0,6.123233995736766e-17,1.6994,1428.57
231.81,51,159,0,11,-0.8660254037844386,0.5000000000000001,0.4749,232.92
2732.53,343,314,1,4,1.0,6.123233995736766e-17,2.9436,2812.97
2182.4,351,764,1,1,0.0,1.0,-0.7888,2165.18
563.07,114,1065,1,9,-0.8660254037844385,-0.5000000000000004,2.238,575.67
232.05,217,322,0,10,-1.0,-1.8369701987210297e-16,0.191,232.5
3177.8,63,1613,1,12,-0.5000000000000004,0.8660254037844384,0.3651,3189.4
150.44,234,871,1,12,-0.5000000000000004,0.8660254037844384,2.3302,153.95
631.57,252,826,0,2,0.49999999999999994,0.8660254037844387,0.307,633.51
3111.15,259,389,1,8,-0.4999999999999997,-0.8660254037844388,5.8279,3292.46
724.57,208,493,0,9,-0.8660254037844385,-0.5000000000000004,4.543,757.48
4457.41,257,1271,1,8,-0.4999999999999997,-0.8660254037844388,4.5308,4659.37
416.41,203,1089,1,1,0.0,1.0,0.5247,418.59
770.41,300,372,0,1,0.0,1.0,0.3645,773.22
3883.22,65,687,0,9,-0.8660254037844385,-0.5000000000000004,1.013,3922.55
1286.58,176,460,1,11,-0.8660254037844386,0.5000000000000001,2.4023,1317.49
3287.36,152,777,1,3,0.8660254037844386,0.5000000000000001,1.1167,3324.07
2134.02,195,584,1,1,0.0,1.0,-1.6819,2098.13
90.8,52,1675,1,5,0.8660254037844387,-0.4999999999999998,5.2936,95.61
140.87,118,478,0,4,1.0,6.123233995736766e-17,2.5679,144.49
1548.91,349,734,0,12,-0.5000000000000004,0.8660254037844384,0.9288,1563.29
3511.96,38,1133,1,12,-0.5000000000000004,0.8660254037844384,1.8915,3578.39
1507.16,232,104,0,7,1.2246467991473532e-16,-1.0,2.3527,1542.62
169.62,243,413,1,12,-0.5000000000000004,0.8660254037844384,0.1002,169.79
1158.78,173,1484,0,3,0.8660254037844386,0.5000000000000001,2.2005,1184.28
1208.82,12,1059,0,12,-0.5000000000000004,0.8660254037844384,-0.25,1205.79
331.85,12,591,1,6,0.49999999999999994,-0.8660254037844387,1.0911,335.47
745.72,100,820,1,6,0.49999999999999994,-0.8660254037844387,0.1056,746.51
5000.0,37,1479,1,1,0.0,1.0,-1.2331,4938.35
505.88,34,331,0,3,0.8660254037844386,0.5000000000000001,-1.778,496.88
110.54,58,699,1,3,0.8660254037844386,0.5000000000000001,0.2968,110.86
431.27,69,394,0,6,0.49999999999999994,-0.8660254037844387,2.0179,439.97
122.77,306,1188,1,3,0.8660254037844386,0.5000000000000001,1.9854,125.21
1262.18,233,948,1,2,0.49999999999999994,0.8660254037844387,0.7203,1271.27
3359.44,11,773,0,8,-0.4999999999999997,-0.8660254037844388,1.2278,3400.69
1071.08,230,692,1,11,-0.8660254037844386,0.5000000000000001,0.3316,1074.63
2731.57,50,654,1,1,0.0,1.0,-0.1571,2727.28
1487.29,154,792,0,7,1.2246467991473532e-16,-1.0,3.0338,1532.41
460.6,13,1439,1,12,-0.5000000000000004,0.8660254037844384,-1.0733,455.65
718.51,33,1228,0,5,0.8660254037844387,-0.4999999999999998,2.6668,737.67
738.57,48,1645,2,3,0.8660254037844386,0.5000000000000001,-2.7021,718.62
218.45,158,111,0,1,0.0,1.0,-1.425,215.33
73.14,169,758,0,12,-0.5000000000000004,0.8660254037844384,2.0157,74.62
1254.04,129,774,1,5,0.8660254037844387,-0.4999999999999998,2.5996,1286.64
75.12,226,1406,0,2,0.49999999999999994,0.8660254037844387,1.8252,76.49
129.37,263,1204,3,11,-0.8660254037844386,0.5000000000000001,2.0312,131.99
341.9,266,404,0,10,-1.0,-1.8369701987210297e-16,3.9443,355.38
4254.89,211,410,0,9,-0.8660254037844385,-0.5000000000000004,4.0684,4427.99
164.27,199,328,0,2,0.49999999999999994,0.8660254037844387,2.4046,168.22
1952.3,179,688,0,1,0.0,1.0,2.3523,1998.23
294.25,87,429,0,3,0.8660254037844386,0.5000000000000001,1.1453,297.62
140.66,178,870,0,2,0.49999999999999994,0.8660254037844387,0.0729,140.76
44.92,3,381,0,7,1.2246467991473532e-16,-1.0,2.513,46.05
75.8,353,896,0,5,0.8660254037844387,-0.4999999999999998,4.5464,79.25
363.76,135,941,0,10,-1.0,-1.8369701987210297e-16,4.4278,379.87
346.87,276,1020,0,2,0.49999999999999994,0.8660254037844387,4.815,363.58
1128.5,350,1329,0,9,-0.8660254037844385,-0.5000000000000004,5.5958,1191.65
47.12,181,156,0,12,-0.5000000000000004,0.8660254037844384,2.8882,48.48
131.66,315,122,0,2,0.49999999999999994,0.8660254037844387,3.6601,136.48
51.69,175,714,0,8,-0.4999999999999997,-0.8660254037844388,6.0299,54.81
2944.02,48,796,0,7,1.2246467991473532e-16,-1.0,3.9428,3060.1
359.31,9,1148,0,2,0.49999999999999994,0.8660254037844387,1.263,363.85
659.34,49,669,2,4,1.0,6.123233995736766e-17,-1.7869,647.56
1322.94,344,707,0,10,-1.0,-1.8369701987210297e-16,4.3897,1381.01
179.74,173,935,0,11,-0.8660254037844386,0.5000000000000001,3.6597,186.32
97.65,116,1089,1,5,0.8660254037844387,-0.4999999999999998,1.79,99.4
754.66,163,835,0,2,0.49999999999999994,0.8660254037844387,4.0819,785.47
3569.35,93,904,0,3,0.8660254037844386,0.5000000000000001,2.4554,3656.99
2595.84,318,396,1,11,-0.8660254037844386,0.5000000000000001,3.1403,2677.36
210.84,365,961,1,7,1.2246467991473532e-16,-1.0,7.3437,226.33
177.24,31,1265,3,6,0.49999999999999994,-0.8660254037844387,0.8815,178.81
195.75,263,403,2,1,0.0,1.0,-1.3406,193.12
200.85,122,1685,1,10,-1.0,-1.8369701987210297e-16,2.8187,206.51
4996.01,17,1135,1,6,0.49999999999999994,-0.8660254037844387,3.0248,5147.12
63.37,337,1090,0,7,1.2246467991473532e-16,-1.0,8.3221,68.64
117.23,22,981,2,11,-0.8660254037844386,0.5000000000000001,2.5387,120.21
71.04,75,1637,1,7,1.2246467991473532e-16,-1.0,4.22,74.04
1866.15,9,53,0,12,-0.5000000000000004,0.8660254037844384,-3.0415,1809.39
563.5,172,1439,0,7,1.2246467991473532e-16,-1.0,5.5368,594.7
123.12,219,584,1,5,0.8660254037844387,-0.4999999999999998,2.5499,126.26
379.5,117,1332,0,12,-0.5000000000000004,0.8660254037844384,3.6851,393.48
62.43,26,370,1,8,-0.4999999999999997,-0.8660254037844388,2.2013,63.8
69.84,42,500,0,10,-1.0,-1.8369701987210297e-16,2.3278,71.46
4385.12,341,1009,1,3,0.8660254037844386,0.5000000000000001,3.6849,4546.71
1393.46,294,1002,0,9,-0.8660254037844385,-0.5000000000000004,3.8188,1446.68
735.12,342,275,1,7,1.2246467991473532e-16,-1.0,5.2804,773.94
404.19,194,567,0,2,0.49999999999999994,0.8660254037844387,1.4199,409.93
580.44,199,1271,0,4,1.0,6.123233995736766e-17,5.1705,610.45
1465.12,287,311,0,11,-0.8660254037844386,0.5000000000000001,1.8443,1492.14
77.46,225,1424,0,7,1.2246467991473532e-16,-1.0,2.4452,79.35
1253.22,159,1079,0,10,-1.0,-1.8369701987210297e-16,1.492,1271.92
846.08,106,1673,1,3,0.8660254037844386,0.5000000000000001,-1.1583,836.28
252.01,177,1360,0,3,0.8660254037844386,0.5000000000000001,5.849,266.75
109.69,23,463,1,12,-0.5000000000000004,0.8660254037844384,1.2701,111.09
3616.96,70,1617,1,6,0.49999999999999994,-0.8660254037844387,-0.2552,3607.73
3851.48,269,765,0,11,-0.8660254037844386,0.5000000000000001,0.769,3881.1
66.28,317,691,2,10,-1.0,-1.8369701987210297e-16,1.6731,67.39
135.23,37,1558,1,5,0.8660254037844387,-0.4999999999999998,3.3465,139.75
1100.32,35,854,1,12,-0.5000000000000004,0.8660254037844384,-2.468,1073.16
2077.85,31,1197,1,10,-1.0,-1.8369701987210297e-16,0.2765,2083.59
541.3,289,1169,1,2,0.49999999999999994,0.8660254037844387,0.0451,541.54
3457.03,113,866,3,2,0.49999999999999994,0.8660254037844387,-0.8819,3426.55
3799.6,119,1476,0,2,0.49999999999999994,0.8660254037844387,-1.8768,3728.28
103.8,4,1259,0,9,-0.8660254037844385,-0.5000000000000004,6.6781,110.74
98.13,355,1008,1,2,0.49999999999999994,0.8660254037844387,5.4409,103.47
74.42,158,880,0,4,1.0,6.123233995736766e-17,7.5663,80.05
2373.39,291,379,1,6,0.49999999999999994,-0.8660254037844387,4.9101,2489.92
753.88,259,1107,0,2,0.49999999999999994,0.8660254037844387,4.6065,788.61
5000.0,51,1369,0,4,1.0,6.123233995736766e-17,2.8428,5142.14
1931.49,293,1752,2,9,-0.8660254037844385,-0.5000000000000004,2.3645,1977.16
1561.02,201,860,0,12,-0.5000000000000004,0.8660254037844384,0.7301,1572.42
111.86,221,1497,0,6,0.49999999999999994,-0.8660254037844387,7.0106,119.7
96.27,73,1389,1,9,-0.8660254037844385,-0.5000000000000004,5.2981,101.37
3835.05,309,860,1,7,1.2246467991473532e-16,-1.0,5.0976,4030.54
559.74,340,1384,1,6,0.49999999999999994,-0.8660254037844387,6.8471,598.07
4095.1,148,273,0,7,1.2246467991473532e-16,-1.0,2.8441,4211.57
256.7,33,1434,2,12,-0.5000000000000004,0.8660254037844384,-1.2432,253.51
1005.98,310,1184,1,1,0.0,1.0,-0.5029,1000.92
720.35,324,908,1,7,1.2246467991473532e-16,-1.0,6.4422,766.76
71.22,185,982,0,1,0.0,1.0,1.4546,72.26
669.0,211,1285,0,11,-0.8660254037844386,0.5000000000000001,0.8154,674.46
3901.04,81,878,0,8,-0.4999999999999997,-0.8660254037844388,2.4808,3997.82
385.21,24,752,1,1,0.0,1.0,-0.6638,382.65
421.1,345,659,0,8,-0.4999999999999997,-0.8660254037844388,7.2345,451.56
1354.02,176,872,0,6,0.49999999999999994,-0.8660254037844387,4.3116,1412.39
2047.22,100,1070,1,1,0.0,1.0,1.1325,2070.41
2097.63,253,501,0,12,-0.5000000000000004,0.8660254037844384,3.3384,2167.66
409.5,9,822,0,5,0.8660254037844387,-0.4999999999999998,1.8125,416.93
335.95,29,463,0,1,0.0,1.0,0.643,338.11
582.34,88,1784,2,8,-0.4999999999999997,-0.8660254037844388,2.2159,595.24
4843.38,164,996,1,5,0.8660254037844387,-0.4999999999999998,1.0442,4893.95
4761.54,134,1480,1,8,-0.4999999999999997,-0.8660254037844388,2.2198,4867.24
927.29,68,1061,2,2,0.49999999999999994,0.8660254037844387,-2.2106,906.79
170.68,128,721,1,10,-1.0,-1.8369701987210297e-16,1.9053,173.93
2902.96,122,465,0,6,0.49999999999999994,-0.8660254037844387,6.2152,3083.38
116.56,192,1108,1,6,0.49999999999999994,-0.8660254037844387,4.5973,121.92
82.37,205,1104,2,10,-1.0,-1.8369701987210297e-16,2.6666,84.57
349.85,323,869,0,7,1.2246467991473532e-16,-1.0,6.94,374.13
1441.4,295,1350,1,1,0.0,1.0,-0.4699,1434.63
61.23,106,788,0,7,1.2246467991473532e-16,-1.0,5.4531,64.56
246.16,330,1325,1,8,-0.4999999999999997,-0.8660254037844388,7.323,264.18
1531.34,190,365,1,4,1.0,6.123233995736766e-17,3.7443,1588.67
1022.11,68,869,2,3,0.8660254037844386,0.5000000000000001,1.586,1038.32
83.0,124,1301,1,1,0.0,1.0,1.6939,84.41
114.29,271,603,0,11,-0.8660254037844386,0.5000000000000001,3.0259,117.74
1664.46,300,1109,0,1,0.0,1.0,1.7583,1693.73
89.95,136,1218,2,8,-0.4999999999999997,-0.8660254037844388,4.9714,94.42
49.18,57,749,0,11,-0.8660254037844386,0.5000000000000001,1.5417,49.94
5000.0,70,857,0,5,0.8660254037844387,-0.4999999999999998,2.3177,5115.89
1096.97,37,1545,1,3,0.8660254037844386,0.5000000000000001,-1.3282,1082.4
399.33,255,1033,0,9,-0.8660254037844385,-0.5000000000000004,6.2631,424.34
1032.42,184,1477,0,8,-0.4999999999999997,-0.8660254037844388,5.5256,1089.47
845.42,165,184,0,1,0.0,1.0,-1.3584,833.94
587.3,245,1228,0,7,1.2246467991473532e-16,-1.0,8.309,636.1
1301.79,303,1430,1,1,0.0,1.0,1.9402,1327.05
1701.42,291,1395,0,5,0.8660254037844387,-0.4999999999999998,2.9038,1750.83
113.38,50,829,0,4,1.0,6.123233995736766e-17,3.9061,117.81
356.65,215,911,1,11,-0.8660254037844386,0.5000000000000001,1.274,361.19
210.25,323,894,0,12,-0.5000000000000004,0.8660254037844384,2.6181,215.75
2584.54,283,1516,1,9,-0.8660254037844385,-0.5000000000000004,4.021,2688.46
2206.33,120,1307,0,9,-0.8660254037844385,-0.5000000000000004,4.7321,2310.74
2765.0,143,1406,0,1,0.0,1.0,0.566,2780.65
493.69,325,1657,1,1,0.0,1.0,3.2122,509.55
770.55,12,1051,1,10,-1.0,-1.8369701987210297e-16,-1.7683,756.92
1265.78,192,856,2,6,0.49999999999999994,-0.8660254037844387,1.8856,1289.65
170.68,42,264,0,7,1.2246467991473532e-16,-1.0,3.3304,176.36
5000.0,327,1351,0,9,-0.8660254037844385,-0.5000000000000004,4.0223,5201.11
223.13,14,266,0,5,0.8660254037844387,-0.4999999999999998,1.3805,226.21
441.39,8,147,0,9,-0.8660254037844385,-0.5000000000000004,2.1101,450.7
2315.46,120,732,0,9,-0.8660254037844385,-0.5000000000000004,1.7812,2356.7
1861.31,73,1369,2,3,0.8660254037844386,0.5000000000000001,-1.3418,1836.33
592.94,181,1290,1,9,-0.8660254037844385,-0.5000000000000004,4.1061,617.29
277.23,109,415,0,3,0.8660254037844386,0.5000000000000001,-1.9571,271.81
962.57,130,775,0,4,1.0,6.123233995736766e-17,3.9462,1000.56
461.45,206,1347,0,10,-1.0,-1.8369701987210297e-16,4.1097,480.41
920.2,205,1209,0,12,-0.5000000000000004,0.8660254037844384,1.9145,937.82
2589.98,342,1484,1,1,0.0,1.0,0.9306,2614.08
105.54,175,1627,2,8,-0.4999999999999997,-0.8660254037844388,5.8329,111.69
957.39,206,177,0,7,1.2246467991473532e-16,-1.0,3.8344,994.1
50.06,248,341,0,8,-0.4999999999999997,-0.8660254037844388,7.3736,53.75
1211.4,63,291,0,10,-1.0,-1.8369701987210297e-16,-1.8508,1188.98
98.71,244,238,0,1,0.0,1.0,1.568,100.26
600.36,315,1574,2,9,-0.8660254037844385,-0.5000000000000004,4.56,627.74
188.5,116,1182,1,4,1.0,6.123233995736766e-17,3.2776,194.67
279.44,65,1582,1,2,0.49999999999999994,0.8660254037844387,2.532,286.51
844.19,126,657,1,6,0.49999999999999994,-0.8660254037844387,1.3712,855.77
470.67,100,1471,0,1,0.0,1.0,-1.1932,465.05
589.16,214,1468,1,8,-0.4999999999999997,-0.8660254037844388,4.4841,615.58
4004.0,316,263,1,7,1.2246467991473532e-16,-1.0,1.3051,4056.26
103.33,218,1309,0,7,1.2246467991473532e-16,-1.0,10.0496,113.71
221.79,45,206,0,1,0.0,1.0,0.5203,222.95
568.4,115,820,1,10,-1.0,-1.8369701987210297e-16,2.7697,584.15
1805.04,252,502,2,1,0.0,1.0,0.8419,1820.23
189.0,120,890,0,4,1.0,6.123233995736766e-17,5.1539,198.74
230.28,214,348,2,5,0.8660254037844387,-0.4999999999999998,2.0613,235.02
2854.86,254,1608,2,9,-0.8660254037844385,-0.5000000000000004,2.9246,2938.36
594.24,120,1038,2,5,0.8660254037844387,-0.4999999999999998,3.136,612.88
3321.18,236,1313,0,10,-1.0,-1.8369701987210297e-16,2.6789,3410.15
61.66,145,675,0,12,-0.5000000000000004,0.8660254037844384,0.3571,61.88
192.58,49,985,1,10,-1.0,-1.8369701987210297e-16,1.0742,194.65
757.66,136,1119,0,1,0.0,1.0,1.4849,768.91
108.88,161,1460,0,10,-1.0,-1.8369701987210297e-16,5.4717,114.84
445.48,0,784,1,3,0.8660254037844386,0.5000000000000001,-2.7144,433.39
52.23,326,803,0,11,-0.8660254037844386,0.5000000000000001,3.9108,54.28
459.08,193,517,0,12,-0.5000000000000004,0.8660254037844384,1.1829,464.51
2773.35,13,352,2,2,0.49999999999999994,0.8660254037844387,-5.2284,2628.35
5000.0,317,1316,0,2,0.49999999999999994,0.8660254037844387,2.9667,5148.33
241.69,312,1310,2,9,-0.8660254037844385,-0.5000000000000004,4.7145,253.08
44.46,4,587,0,2,0.49999999999999994,0.8660254037844387,-1.7547,43.68
4124.83,59,1176,0,12,-0.5000000000000004,0.8660254037844384,-0.8898,4088.13
826.58,133,1237,0,7,1.2246467991473532e-16,-1.0,5.6972,873.67
955.84,185,1479,0,7,1.2246467991473532e-16,-1.0,6.8568,1021.38
2142.81,265,681,0,11,-0.8660254037844386,0.5000000000000001,2.7458,2201.65
244.77,155,389,1,3,0.8660254037844386,0.5000000000000001,3.964,254.47
369.49,223,1161,2,7,1.2246467991473532e-16,-1.0,6.5806,393.81
2550.56,3,686,0,12,-0.5000000000000004,0.8660254037844384,-0.7704,2530.91
396.84,241,347,0,1,0.0,1.0,0.0962,397.22
1649.2,335,1059,1,3,0.8660254037844386,0.5000000000000001,4.3378,1720.74
3228.48,192,647,0,2,0.49999999999999994,0.8660254037844387,-0.3936,3215.77
375.77,166,1328,0,5,0.8660254037844387,-0.4999999999999998,5.776,397.47
2282.32,108,114,0,2,0.49999999999999994,0.8660254037844387,-4.665,2175.85
252.26,349,1087,0,3,0.8660254037844386,0.5000000000000001,3.4906,261.06
4067.31,12,921,0,11,-0.8660254037844386,0.5000000000000001,-2.4904,3966.02
167.6,104,381,0,6,0.49999999999999994,-0.8660254037844387,3.6111,173.65
135.18,50,729,1,5,0.8660254037844387,-0.4999999999999998,0.4091,135.73
1743.18,317,1296,0,6,0.49999999999999994,-0.8660254037844387,5.9776,1847.38
3385.7,176,575,0,12,-0.5000000000000004,0.8660254037844384,1.1866,3425.88
1966.04,337,1012,0,6,0.49999999999999994,-0.8660254037844387,4.9315,2062.99
1576.57,243,791,0,6,0.49999999999999994,-0.8660254037844387,4.5461,1648.24
5000.0,203,1510,2,12,-0.5000000000000004,0.8660254037844384,0.5491,5027.45
752.47,189,1217,1,1,0.0,1.0,0.794,758.44
3884.96,74,1591,2,6,0.49999999999999994,-0.8660254037844387,4.4302,4057.08
70.54,205,1360,0,9,-0.8660254037844385,-0.5000000000000004,4.529,73.73
68.43,250,233,0,7,1.2246467991473532e-16,-1.0,6.3779,72.8
206.05,353,1258,0,11,-0.8660254037844386,0.5000000000000001,4.8143,215.97
5000.0,200,1443,0,11,-0.8660254037844386,0.5000000000000001,-0.2699,4986.5
90.18,343,253,1,5,0.8660254037844387,-0.4999999999999998,4.8128,94.52
281.61,345,706,0,10,-1.0,-1.8369701987210297e-16,4.6422,294.68
47.69,191,416,0,3,0.8660254037844386,0.5000000000000001,1.732,48.51
88.97,160,1475,0,3,0.8660254037844386,0.5000000000000001,5.7991,94.13
676.05,52,557,0,12,-0.5000000000000004,0.8660254037844384,1.5443,686.49
60.83,98,317,0,1,0.0,1.0,-0.8191,60.33
2505.24,321,267,1,5,0.8660254037844387,-0.4999999999999998,4.2151,2610.84
3654.99,50,1428,2,8,-0.4999999999999997,-0.8660254037844388,3.1856,3771.42
653.63,145,130,0,5,0.8660254037844387,-0.4999999999999998,2.8338,672.15
271.4,255,488,0,11,-0.8660254037844386,0.5000000000000001,1.0823,274.33
3247.94,88,852,0,4,1.0,6.123233995736766e-17,0.2902,3257.37
342.46,356,110,0,7,1.2246467991473532e-16,-1.0,6.4521,364.56
100.57,237,529,1,2,0.49999999999999994,0.8660254037844387,2.4099,102.99
316.42,10,1492,0,3,0.8660254037844386,0.5000000000000001,0.3407,317.5
276.8,90,1230,3,3,0.8660254037844386,0.5000000000000001,2.1585,282.77
632.18,271,622,2,9,-0.8660254037844385,-0.5000000000000004,5.7052,668.24
387.26,315,1311,0,3,0.8660254037844386,0.5000000000000001,6.0954,410.87
1719.85,339,360,2,9,-0.8660254037844385,-0.5000000000000004,5.2996,1810.99
773.23,311,489,1,5,0.8660254037844387,-0.4999999999999998,4.0088,804.23
196.85,27,1800,3,7,1.2246467991473532e-16,-1.0,0.556,197.95
366.16,267,1141,0,11,-0.8660254037844386,0.5000000000000001,2.9792,377.07
1560.78,40,1313,3,11,-0.8660254037844386,0.5000000000000001,-1.4303,1538.46
192.9,28,1472,0,1,0.0,1.0,-0.5992,191.75
76.58,253,884,0,10,-1.0,-1.8369701987210297e-16,4.1033,79.73
1570.18,175,1368,2,12,-0.5000000000000004,0.8660254037844384,-1.5795,1545.38
420.16,237,1478,0,9,-0.8660254037844385,-0.5000000000000004,6.3287,446.75
85.57,311,779,0,3,0.8660254037844386,0.5000000000000001,6.4322,91.08
451.29,25,744,0,8,-0.4999999999999997,-0.8660254037844388,6.7377,481.69
736.42,193,1011,0,8,-0.4999999999999997,-0.8660254037844388,5.4999,776.92
40.0,305,142,0,8,-0.4999999999999997,-0.8660254037844388,5.3628,42.15
1903.59,161,669,0,6,0.49999999999999994,-0.8660254037844387,4.0253,1980.21
540.26,191,1051,0,7,1.2246467991473532e-16,-1.0,7.6082,581.37
52.7,182,833,1,8,-0.4999999999999997,-0.8660254037844388,7.2061,56.5
3138.03,332,1079,0,6,0.49999999999999994,-0.8660254037844387,5.4592,3309.35
704.58,18,713,1,10,-1.0,-1.8369701987210297e-16,2.2254,720.26
3609.9,321,388,1,9,-0.8660254037844385,-0.5000000000000004,3.685,3742.92
140.44,298,338,1,4,1.0,6.123233995736766e-17,2.3101,143.68
354.2,297,1028,1,8,-0.4999999999999997,-0.8660254037844388,5.5454,373.84
963.96,150,688,2,10,-1.0,-1.8369701987210297e-16,3.8669,1001.24
3270.4,188,582,0,6,0.49999999999999994,-0.8660254037844387,5.1591,3439.12
2059.84,135,957,1,9,-0.8660254037844385,-0.5000000000000004,2.0571,2102.21
710.6,92,253,2,2,0.49999999999999994,0.8660254037844387,-0.2888,708.55
2053.28,320,897,1,5,0.8660254037844387,-0.4999999999999998,5.4108,2164.37
65.67,185,498,0,9,-0.8660254037844385,-0.5000000000000004,4.0779,68.35
1345.02,264,691,1,11,-0.8660254037844386,0.5000000000000001,0.6602,1353.9
943.25,36,1595,1,8,-0.4999999999999997,-0.8660254037844388,1.1945,954.52
218.46,288,1391,0,8,-0.4999999999999997,-0.8660254037844388,4.2215,227.69
132.58,241,638,1,5,0.8660254037844387,-0.4999999999999998,3.5592,137.29
230.97,365,1483,1,9,-0.8660254037844385,-0.5000000000000004,5.6569,244.04
70.36,49,369,0,5,0.8660254037844387,-0.4999999999999998,4.6835,73.65
156.3,197,550,0,1,0.0,1.0,2.8032,160.68
84.4,187,1414,0,3,0.8660254037844386,0.5000000000000001,3.6786,87.5
929.21,197,418,1,8,-0.4999999999999997,-0.8660254037844388,0.8031,936.67
494.82,19,601,0,12,-0.5000000000000004,0.8660254037844384,-0.2401,493.63
104.08,173,1366,1,6,0.49999999999999994,-0.8660254037844387,2.8692,107.07
1622.66,109,1414,0,11,-0.8660254037844386,0.5000000000000001,2.7394,1667.11
136.92,225,1610,2,10,-1.0,-1.8369701987210297e-16,4.7947,143.48
613.06,84,1484,1,7,1.2246467991473532e-16,-1.0,4.0524,637.9
4817.95,159,1653,1,10,-1.0,-1.8369701987210297e-16,3.3985,4981.69
1694.18,226,729,0,5,0.8660254037844387,-0.4999999999999998,5.5704,1788.56
667.57,23,515,0,6,0.49999999999999994,-0.8660254037844387,2.7107,685.67
722.31,287,775,1,9,-0.8660254037844385,-0.5000000000000004,4.1305,752.14
49.29,261,220,0,8,-0.4999999999999997,-0.8660254037844388,3.4107,50.97
277.26,20,245,0,7,1.2246467991473532e-16,-1.0,2.1451,283.21
261.21,23,1462,0,6,0.49999999999999994,-0.8660254037844387,2.3672,267.39
361.69,311,322,0,12,-0.5000000000000004,0.8660254037844384,0.4568,363.34
4578.02,103,1066,1,1,0.0,1.0,-1.6707,4501.53
1627.87,315,383,0,1,0.0,1.0,-1.7869,1598.78
931.09,182,1011,0,6,0.49999999999999994,-0.8660254037844387,6.3859,990.55
1299.05,125,729,0,1,0.0,1.0,0.5289,1305.92
1133.42,100,198,0,5,0.8660254037844387,-0.4999999999999998,3.7513,1175.94
377.37,241,586,0,7,1.2246467991473532e-16,-1.0,6.8371,403.17
3314.48,40,1410,2,5,0.8660254037844387,-0.4999999999999998,1.9473,3379.02
1112.63,147,1676,2,3,0.8660254037844386,0.5000000000000001,1.9863,1134.73
1529.31,126,946,2,4,1.0,6.123233995736766e-17,1.4259,1551.12
43.74,56,476,0,8,-0.4999999999999997,-0.8660254037844388,5.8417,46.3
686.86,129,1107,0,12,-0.5000000000000004,0.8660254037844384,0.3872,689.52
252.76,193,663,0,10,-1.0,-1.8369701987210297e-16,3.5132,261.64
47.67,247,311,1,7,1.2246467991473532e-16,-1.0,4.72,49.92
777.66,31,315,1,2,0.49999999999999994,0.8660254037844387,1.18,786.83
3622.67,319,748,1,3,0.8660254037844386,0.5000000000000001,1.1067,3662.76
1298.5,321,439,0,6,0.49999999999999994,-0.8660254037844387,7.0505,1390.05
54.63,253,351,1,3,0.8660254037844386,0.5000000000000001,0.2096,54.74
75.2,338,1527,2,9,-0.8660254037844385,-0.5000000000000004,5.5889,79.4
236.0,156,713,0,5,0.8660254037844387,-0.4999999999999998,4.034,245.52
163.2,300,1155,1,11,-0.8660254037844386,0.5000000000000001,1.938,166.36
41.18,266,283,1,4,1.0,6.123233995736766e-17,2.2512,42.11
53.89,205,630,0,6,0.49999999999999994,-0.8660254037844387,6.4641,57.38
234.9,65,901,2,9,-0.8660254037844385,-0.5000000000000004,1.8309,239.2
93.73,204,1111,2,3,0.8660254037844386,0.5000000000000001,0.7562,94.43
150.08,329,1517,1,10,-1.0,-1.8369701987210297e-16,6.1682,159.34
2808.88,360,712,0,8,-0.4999999999999997,-0.8660254037844388,5.6432,2967.39
5000.0,163,757,0,8,-0.4999999999999997,-0.8660254037844388,4.5638,5228.19
2637.42,90,1473,1,6,0.49999999999999994,-0.8660254037844387,4.8816,2766.16
133.6,273,625,0,12,-0.5000000000000004,0.8660254037844384,4.9617,140.23
101.83,27,619,0,10,-1.0,-1.8369701987210297e-16,-1.5761,100.22
576.81,55,277,0,3,0.8660254037844386,0.5000000000000001,-0.2331,575.47
2186.12,205,1096,0,7,1.2246467991473532e-16,-1.0,2.6401,2243.83
795.91,362,258,1,11,-0.8660254037844386,0.5000000000000001,6.0253,843.86
1748.11,120,363,0,4,1.0,6.123233995736766e-17,1.6269,1776.55
449.47,162,653,0,7,1.2246467991473532e-16,-1.0,6.4191,478.32
4835.66,117,677,0,10,-1.0,-1.8369701987210297e-16,0.8237,4875.49
1398.69,161,101,0,4,1.0,6.123233995736766e-17,0.8523,1410.61
61.44,2,815,0,7,1.2246467991473532e-16,-1.0,5.2606,64.67
341.57,217,1460,0,7,1.2246467991473532e-16,-1.0,6.9646,365.36
505.18,218,197,0,3,0.8660254037844386,0.5000000000000001,4.0542,525.66
136.26,115,763,0,3,0.8660254037844386,0.5000000000000001,0.8996,137.48
342.79,96,1057,1,7,1.2246467991473532e-16,-1.0,3.935,356.28
827.89,278,516,0,3,0.8660254037844386,0.5000000000000001,3.1668,854.11
707.38,68,1115,1,12,-0.5000000000000004,0.8660254037844384,0.8472,713.37
2503.87,17,541,0,7,1.2246467991473532e-16,-1.0,2.8925,2576.29
135.59,14,444,1,9,-0.8660254037844385,-0.5000000000000004,-0.3763,135.08
4363.86,322,1332,1,5,0.8660254037844387,-0.4999999999999998,3.067,4497.69
283.8,133,1499,0,4,1.0,6.123233995736766e-17,4.0235,295.22
3584.68,37,817,1,6,0.49999999999999994,-0.8660254037844387,-0.2011,3577.47
122.94,321,382,1,9,-0.8660254037844385,-0.5000000000000004,3.381,127.09
413.93,54,283,0,5,0.8660254037844387,-0.4999999999999998,2.1582,422.86
4774.33,123,1444,1,4,1.0,6.123233995736766e-17,0.6206,4803.96
218.38,7,1467,1,2,0.49999999999999994,0.8660254037844387,-0.1387,218.07
2599.34,248,760,0,7,1.2246467991473532e-16,-1.0,5.0363,2730.25
614.22,255,1529,2,9,-0.8660254037844385,-0.5000000000000004,2.8292,631.6
285.98,276,369,0,7,1.2246467991473532e-16,-1.0,4.4917,298.83
1082.69,96,854,1,4,1.0,6.123233995736766e-17,3.429,1119.81
92.63,120,371,2,3,0.8660254037844386,0.5000000000000001,0.9864,93.55
1086.94,343,1150,3,5,0.8660254037844387,-0.4999999999999998,4.071,1131.19
124.03,300,1205,1,5,0.8660254037844387,-0.4999999999999998,5.6524,131.04
1728.91,13,1536,1,3,0.8660254037844386,0.5000000000000001,-1.8932,1696.18
981.28,253,1143,0,12,-0.5000000000000004,0.8660254037844384,1.2719,993.76
101.17,297,1013,0,4,1.0,6.123233995736766e-17,1.4829,102.67
81.67,204,1159,2,4,1.0,6.123233995736766e-17,2.2982,83.55
901.66,234,960,0,8,-0.4999999999999997,-0.8660254037844388,4.4134,941.46
81.45,0,790,1,10,-1.0,-1.8369701987210297e-16,1.63,82.78
908.85,10,773,0,6,0.49999999999999994,-0.8660254037844387,1.6268,923.63
4246.33,12,296,0,9,-0.8660254037844385,-0.5000000000000004,1.7732,4321.63
59.84,58,74,0,2,0.49999999999999994,0.8660254037844387,-0.733,59.41
523.74,362,1194,0,7,1.2246467991473532e-16,-1.0,7.2365,561.64
3726.67,232,767,0,1,0.0,1.0,0.944,3761.85
4869.79,286,1313,0,2,0.49999999999999994,0.8660254037844387,3.1085,5021.16
48.97,108,816,3,8,-0.4999999999999997,-0.8660254037844388,5.0541,51.45
1988.76,343,680,1,3,0.8660254037844386,0.5000000000000001,0.7657,2003.99
130.8,72,608,1,1,0.0,1.0,2.472,134.03
1950.23,330,1269,0,3,0.8660254037844386,0.5000000000000001,1.9746,1988.74
234.55,11,593,0,10,-1.0,-1.8369701987210297e-16,0.9508,236.78
146.28,7,1034,1,8,-0.4999999999999997,-0.8660254037844388,2.155,149.44
326.43,28,167,0,5,0.8660254037844387,-0.4999999999999998,3.8636,339.04
110.72,289,812,0,12,-0.5000000000000004,0.8660254037844384,1.489,112.37
377.5,94,1167,2,5,0.8660254037844387,-0.4999999999999998,3.7281,391.57
327.09,165,934,0,11,-0.8660254037844386,0.5000000000000001,-0.8133,324.43
4993.82,172,1275,2,5,0.8660254037844387,-0.4999999999999998,3.8361,5185.39
466.15,288,201,0,1,0.0,1.0,0.8687,470.2
923.84,127,117,0,2,0.49999999999999994,0.8660254037844387,-1.0512,914.13
83.48,2,227,0,4,1.0,6.123233995736766e-17,-0.4984,83.07
4416.63,141,561,2,3,0.8660254037844386,0.5000000000000001,-0.4736,4395.71
565.61,105,1208,1,2,0.49999999999999994,0.8660254037844387,-0.0846,565.13
60.7,267,616,1,5,0.8660254037844387,-0.4999999999999998,2.6204,62.29
1086.58,274,1457,0,12,-0.5000000000000004,0.8660254037844384,1.1694,1099.29
184.12,33,627,2,3,0.8660254037844386,0.5000000000000001,0.8035,185.6
198.22,290,976,1,3,0.8660254037844386,0.5000000000000001,2.6067,203.39
246.11,25,1268,1,12,-0.5000000000000004,0.8660254037844384,-1.3765,242.72
303.89,226,286,1,3,0.8660254037844386,0.5000000000000001,1.5079,308.47
186.14,142,898,1,10,-1.0,-1.8369701987210297e-16,3.618,192.87
1444.44,110,302,1,8,-0.4999999999999997,-0.8660254037844388,3.3388,1492.66
130.16,176,1195,0,12,-0.5000000000000004,0.8660254037844384,2.8967,133.93
99.03,113,1153,2,7,1.2246467991473532e-16,-1.0,6.1552,105.12
95.1,290,1303,0,8,-0.4999999999999997,-0.8660254037844388,6.9933,101.75
393.62,353,1620,3,3,0.8660254037844386,0.5000000000000001,2.0509,401.7
71.78,298,506,0,7,1.2246467991473532e-16,-1.0,7.7907,77.37
42.1,160,270,0,9,-0.8660254037844385,-0.5000000000000004,2.8418,43.3
150.63,184,275,0,12,-0.5000000000000004,0.8660254037844384,0.5867,151.51
3661.88,163,263,1,2,0.49999999999999994,0.8660254037844387,-3.2403,3543.23
43.84,290,482,0,2,0.49999999999999994,0.8660254037844387,5.414,46.22
73.88,202,1246,1,1,0.0,1.0,5.0162,77.59
699.96,171,721,1,10,-1.0,-1.8369701987210297e-16,2.0504,714.32
390.0,149,257,0,1,0.0,1.0,1.3068,395.1
57.64,137,161,0,11,-0.8660254037844386,0.5000000000000001,2.4959,59.08
3112.31,202,769,1,5,0.8660254037844387,-0.4999999999999998,3.4467,3219.59
1064.89,252,794,2,4,1.0,6.123233995736766e-17,4.1378,1108.95
561.25,158,1113,0,12,-0.5000000000000004,0.8660254037844384,-0.3501,559.28
554.97,295,713,2,9,-0.8660254037844385,-0.5000000000000004,3.5846,574.87
1569.78,302,227,0,7,1.2246467991473532e-16,-1.0,1.6303,1595.38
68.93,157,659,1,11,-0.8660254037844386,0.5000000000000001,0.4416,69.23
3747.69,332,779,1,10,-1.0,-1.8369701987210297e-16,0.7486,3775.74
57.84,63,99,0,8,-0.4999999999999997,-0.8660254037844388,0.4754,58.12
315.17,341,207,0,4,1.0,6.123233995736766e-17,3.023,324.69
198.63,107,1613,1,12,-0.5000000000000004,0.8660254037844384,1.619,201.84
995.22,206,550,0,9,-0.8660254037844385,-0.5000000000000004,2.7845,1022.94
2887.01,103,1134,0,12,-0.5000000000000004,0.8660254037844384,-0.4203,2874.87
1094.24,161,1373,0,12,-0.5000000000000004,0.8660254037844384,0.2528,1097.01
111.32,124,413,1,7,1.2246467991473532e-16,-1.0,4.309,116.11
2098.54,258,1044,0,5,0.8660254037844387,-0.4999999999999998,3.6689,2175.53
4903.24,29,1257,0,12,-0.5000000000000004,0.8660254037844384,-2.1129,4799.64
76.05,306,420,3,12,-0.5000000000000004,0.8660254037844384,2.2328,77.74
139.8,330,599,1,2,0.49999999999999994,0.8660254037844387,1.1127,141.36
448.88,206,240,0,8,-0.4999999999999997,-0.8660254037844388,2.4028,459.67
1113.17,200,91,0,8,-0.4999999999999997,-0.8660254037844388,4.6523,1164.95
75.49,256,472,0,9,-0.8660254037844385,-0.5000000000000004,2.553,77.42
48.55,72,311,0,12,-0.5000000000000004,0.8660254037844384,2.1385,49.59
857.98,274,1348,0,4,1.0,6.123233995736766e-17,2.6187,880.45
1718.37,80,390,0,12,-0.5000000000000004,0.8660254037844384,-0.6019,1708.03
222.84,247,1132,0,8,-0.4999999999999997,-0.8660254037844388,4.767,233.46
556.62,111,247,1,1,0.0,1.0,-1.0159,550.96
2262.29,273,944,0,7,1.2246467991473532e-16,-1.0,4.8192,2371.32
60.87,289,1056,0,2,0.49999999999999994,0.8660254037844387,1.9252,62.04
183.91,76,443,2,12,-0.5000000000000004,0.8660254037844384,-3.2638,177.91
190.26,225,672,0,10,-1.0,-1.8369701987210297e-16,3.137,196.23
1851.24,182,1570,1,11,-0.8660254037844386,0.5000000000000001,2.2532,1892.95
1180.89,107,939,0,8,-0.4999999999999997,-0.8660254037844388,5.027,1240.25
2780.64,215,1317,1,5,0.8660254037844387,-0.4999999999999998,2.6103,2853.23
604.04,363,663,0,6,0.49999999999999994,-0.8660254037844387,5.1024,634.86
116.94,0,393,0,12,-0.5000000000000004,0.8660254037844384,-1.3291,115.39
362.44,350,841,1,2,0.49999999999999994,0.8660254037844387,2.5294,371.6
289.92,313,633,0,11,-0.8660254037844386,0.5000000000000001,3.4045,299.79
1441.02,193,1476,0,6,0.49999999999999994,-0.8660254037844387,4.3816,1504.16
4105.02,223,668,0,8,-0.4999999999999997,-0.8660254037844388,3.9457,4266.99
444.37,135,958,0,9,-0.8660254037844385,-0.5000000000000004,3.6396,460.55
1021.73,47,900,0,1,0.0,1.0,-4.0625,980.22
101.2,209,586,0,2,0.49999999999999994,0.8660254037844387,1.5054,102.72
660.15,298,590,0,2,0.49999999999999994,0.8660254037844387,3.2393,681.54
1810.01,84,1422,1,10,-1.0,-1.8369701987210297e-16,3.6056,1875.28
1430.3,262,421,1,1,0.0,1.0,2.0269,1459.29
4469.58,273,650,0,8,-0.4999999999999997,-0.8660254037844388,4.9996,4693.04
5000.0,277,1400,2,2,0.49999999999999994,0.8660254037844387,-0.9737,4951.31
394.11,124,127,0,10,-1.0,-1.8369701987210297e-16,0.8433,397.43
3064.55,143,1031,0,12,-0.5000000000000004,0.8660254037844384,-0.4,3052.29
1832.39,152,1336,1,5,0.8660254037844387,-0.4999999999999998,1.1012,1852.57
556.28,312,832,1,3,0.8660254037844386,0.5000000000000001,1.3301,563.68
57.47,329,893,0,6,0.49999999999999994,-0.8660254037844387,5.9457,60.89
5000.0,151,1218,3,9,-0.8660254037844385,-0.5000000000000004,-0.2974,4985.13
5000.0,355,1428,2,9,-0.8660254037844385,-0.5000000000000004,5.5322,5276.61
397.05,208,118,0,8,-0.4999999999999997,-0.8660254037844388,5.0836,417.23
257.48,140,1036,1,7,1.2246467991473532e-16,-1.0,4.7762,269.77
79.95,0,856,1,8,-0.4999999999999997,-0.8660254037844388,3.1912,82.5
45.45,223,304,2,3,0.8660254037844386,0.5000000000000001,1.7882,46.27
2561.39,236,1401,1,3,0.8660254037844386,0.5000000000000001,0.8028,2581.95
257.95,354,265,0,12,-0.5000000000000004,0.8660254037844384,5.0309,270.92
741.17,262,1105,1,7,1.2246467991473532e-16,-1.0,4.2814,772.91
239.39,10,1282,0,11,-0.8660254037844386,0.5000000000000001,-1.6581,235.42
1083.68,207,1506,1,8,-0.4999999999999997,-0.8660254037844388,4.9097,1136.89
1840.18,271,1062,1,6,0.49999999999999994,-0.8660254037844387,5.7031,1945.13
3738.02,181,1270,1,7,1.2246467991473532e-16,-1.0,3.8748,3882.86
519.78,157,896,0,9,-0.8660254037844385,-0.5000000000000004,6.0135,551.04
229.26,296,1177,0,3,0.8660254037844386,0.5000000000000001,4.1958,238.88
88.03,223,1590,1,6,0.49999999999999994,-0.8660254037844387,4.6221,92.1
2610.53,249,712,0,9,-0.8660254037844385,-0.5000000000000004,3.221,2694.62
2530.68,169,646,0,2,0.49999999999999994,0.8660254037844387,0.8132,2551.26
201.35,101,297,0,1,0.0,1.0,0.1638,201.68
157.79,189,1622,2,2,0.49999999999999994,0.8660254037844387,3.1777,162.8
1430.38,351,1373,0,8,-0.4999999999999997,-0.8660254037844388,7.5207,1537.95
1949.24,220,1248,1,3,0.8660254037844386,0.5000000000000001,-0.5671,1938.18
1574.85,258,1004,0,6,0.49999999999999994,-0.8660254037844387,5.1051,1655.24
54.36,45,422,1,2,0.49999999999999994,0.8660254037844387,-2.3257,53.1
5000.0,361,1369,0,4,1.0,6.123233995736766e-17,6.55,5327.5
452.6,89,129,0,1,0.0,1.0,-2.2493,442.42
900.24,355,944,0,10,-1.0,-1.8369701987210297e-16,4.8333,943.75
49.89,163,414,0,6,0.49999999999999994,-0.8660254037844387,3.8908,51.84
49.66,336,846,1,3,0.8660254037844386,0.5000000000000001,0.7558,50.03
66.11,326,296,1,7,1.2246467991473532e-16,-1.0,3.8053,68.63
241.56,276,385,1,12,-0.5000000000000004,0.8660254037844384,1.0395,244.07
3800.79,335,684,1,10,-1.0,-1.8369701987210297e-16,3.9279,3950.08
1437.21,223,804,1,11,-0.8660254037844386,0.5000000000000001,2.3698,1471.26
5000.0,310,1592,3,5,0.8660254037844387,-0.4999999999999998,1.2331,5061.66
1275.38,63,1078,1,5,0.8660254037844387,-0.4999999999999998,2.7027,1309.85
54.14,25,90,0,4,1.0,6.123233995736766e-17,2.3401,55.41
1594.66,198,1400,0,4,1.0,6.123233995736766e-17,4.0652,1659.49
1068.67,296,1092,1,12,-0.5000000000000004,0.8660254037844384,1.2499,1082.02
3820.54,280,1426,1,2,0.49999999999999994,0.8660254037844387,1.5398,3879.37
792.83,193,1559,1,11,-0.8660254037844386,0.5000000000000001,2.1905,810.19
152.58,190,792,0,11,-0.8660254037844386,0.5000000000000001,4.9799,160.18
1266.5,223,472,1,11,-0.8660254037844386,0.5000000000000001,3.6366,1312.56
1612.64,317,697,0,8,-0.4999999999999997,-0.8660254037844388,6.4377,1716.46
599.8,308,1044,0,11,-0.8660254037844386,0.5000000000000001,3.5429,621.05
53.81,40,191,1,1,0.0,1.0,-1.3035,53.11
430.7,218,1578,1,10,-1.0,-1.8369701987210297e-16,3.6089,446.24
2277.66,139,556,0,7,1.2246467991473532e-16,-1.0,4.2095,2373.54
218.59,292,1005,0,12,-0.5000000000000004,0.8660254037844384,2.3045,223.63
1915.77,185,1550,1,2,0.49999999999999994,0.8660254037844387,3.776,1988.11
192.32,362,1304,0,12,-0.5000000000000004,0.8660254037844384,2.61,197.33
257.22,158,1123,0,7,1.2246467991473532e-16,-1.0,7.6225,276.83
211.86,248,646,1,2,0.49999999999999994,0.8660254037844387,-1.5714,208.53
91.73,39,919,1,7,1.2246467991473532e-16,-1.0,3.4484,94.9
249.45,341,775,0,1,0.0,1.0,2.384,255.4
1768.79,56,1300,0,1,0.0,1.0,0.076,1770.13
245.71,138,323,1,7,1.2246467991473532e-16,-1.0,3.2581,253.72
138.24,306,78,0,10,-1.0,-1.8369701987210297e-16,5.6758,146.08
994.6,354,217,0,2,0.49999999999999994,0.8660254037844387,1.2019,1006.55
693.56,177,1439,0,4,1.0,6.123233995736766e-17,1.9191,706.87
381.08,177,832,0,5,0.8660254037844387,-0.4999999999999998,2.9811,392.44
2261.55,17,1142,1,7,1.2246467991473532e-16,-1.0,1.6593,2299.07
216.45,358,182,0,1,0.0,1.0,3.0958,223.15
491.42,6,535,3,8,-0.4999999999999997,-0.8660254037844388,1.9169,500.84
60.21,9,991,0,6,0.49999999999999994,-0.8660254037844387,1.9382,61.38
261.17,173,1138,1,12,-0.5000000000000004,0.8660254037844384,0.2891,261.93
138.74,1,666,0,4,1.0,6.123233995736766e-17,-0.3932,138.2
2479.45,60,369,1,6,0.49999999999999994,-0.8660254037844387,1.3281,2512.38
54.69,229,1091,2,1,0.0,1.0,2.9248,56.29
1405.65,258,976,0,12,-0.5000000000000004,0.8660254037844384,2.1667,1436.1
1390.77,109,355,0,11,-0.8660254037844386,0.5000000000000001,1.1644,1406.97
201.64,291,679,2,5,0.8660254037844387,-0.4999999999999998,5.3893,212.51
183.55,222,1362,2,6,0.49999999999999994,-0.8660254037844387,4.1321,191.13
91.78,83,794,3,11,-0.8660254037844386,0.5000000000000001,-1.8023,90.12
132.44,260,189,0,4,1.0,6.123233995736766e-17,2.5618,135.83
3834.7,216,959,0,3,0.8660254037844386,0.5000000000000001,3.2886,3960.8
41.18,297,78,0,3,0.8660254037844386,0.5000000000000001,3.6214,42.67
415.98,56,906,1,9,-0.8660254037844385,-0.5000000000000004,2.6644,427.07
172.47,84,874,0,3,0.8660254037844386,0.5000000000000001,3.2845,178.14
929.86,111,138,0,2,0.49999999999999994,0.8660254037844387,-0.4065,926.08
263.47,124,1235,1,2,0.49999999999999994,0.8660254037844387,0.5522,264.93
291.26,325,1242,0,12,-0.5000000000000004,0.8660254037844384,0.9799,294.11
80.79,268,1595,1,11,-0.8660254037844386,0.5000000000000001,5.4114,85.16
2995.86,199,432,0,12,-0.5000000000000004,0.8660254037844384,0.2985,3004.8
496.79,197,603,1,4,1.0,6.123233995736766e-17,1.8664,506.06
70.51,324,945,0,6,0.49999999999999994,-0.8660254037844387,6.8716,75.35
1830.77,163,1138,1,6,0.49999999999999994,-0.8660254037844387,6.2226,1944.7
2015.87,82,932,0,7,1.2246467991473532e-16,-1.0,5.3097,2122.9
371.31,50,503,0,1,0.0,1.0,-1.0039,367.58
3518.94,120,126,0,8,-0.4999999999999997,-0.8660254037844388,3.2425,3633.05
103.84,239,260,1,1,0.0,1.0,2.7048,106.65
3338.74,172,1497,0,4,1.0,6.123233995736766e-17,3.4388,3453.55
2435.91,154,636,0,4,1.0,6.123233995736766e-17,2.3527,2493.22
552.45,175,854,1,9,-0.8660254037844385,-0.5000000000000004,0.5042,555.23
655.29,356,956,0,11,-0.8660254037844386,0.5000000000000001,5.5721,691.8
66.04,365,343,0,9,-0.8660254037844385,-0.5000000000000004,4.1227,68.76
82.58,59,601,0,6,0.49999999999999994,-0.8660254037844387,1.2742,83.64
335.86,41,680,0,7,1.2246467991473532e-16,-1.0,1.0522,339.4
2724.89,89,183,0,7,1.2246467991473532e-16,-1.0,1.3227,2760.93
138.99,311,923,0,2,0.49999999999999994,0.8660254037844387,4.0372,144.6
363.26,168,327,0,12,-0.5000000000000004,0.8660254037844384,2.5264,372.44
44.67,316,49,0,12,-0.5000000000000004,0.8660254037844384,2.5895,45.83
213.98,236,1112,1,3,0.8660254037844386,0.5000000000000001,5.4449,225.63
250.22,202,649,1,2,0.49999999999999994,0.8660254037844387,0.6684,251.9
5000.0,103,1090,0,2,0.49999999999999994,0.8660254037844387,-0.0452,4997.74
120.7,125,825,0,8,-0.4999999999999997,-0.8660254037844388,2.2959,123.47
58.36,54,289,1,1,0.0,1.0,-1.7363,57.35
68.47,190,1056,0,2,0.49999999999999994,0.8660254037844387,-0.4986,68.13
414.69,102,235,1,8,-0.4999999999999997,-0.8660254037844388,0.7187,417.67
488.58,107,501,0,2,0.49999999999999994,0.8660254037844387,1.304,494.95
133.3,14,1043,0,1,0.0,1.0,-2.508,129.96
143.75,292,633,0,1,0.0,1.0,0.1337,143.94
208.95,343,814,1,9,-0.8660254037844385,-0.5000000000000004,2.7909,214.79
41.14,182,367,0,5,0.8660254037844387,-0.4999999999999998,5.4679,43.38
2172.51,196,691,0,4,1.0,6.123233995736766e-17,5.1284,2283.92
1593.25,338,471,0,8,-0.4999999999999997,-0.8660254037844388,5.1258,1674.91
283.19,187,1650,1,3,0.8660254037844386,0.5000000000000001,3.8615,294.12
796.95,227,1045,0,7,1.2246467991473532e-16,-1.0,3.9285,828.25
289.83,156,1604,1,6,0.49999999999999994,-0.8660254037844387,6.7202,309.31
48.48,188,536,0,9,-0.8660254037844385,-0.5000000000000004,3.5993,50.23
981.6,191,1428,0,8,-0.4999999999999997,-0.8660254037844388,6.1554,1042.02
1239.82,260,452,0,9,-0.8660254037844385,-0.5000000000000004,3.9175,1288.39
202.11,221,773,3,3,0.8660254037844386,0.5000000000000001,-1.642,198.79
130.01,184,479,0,2,0.49999999999999994,0.8660254037844387,0.3101,130.41
174.37,27,903,0,7,1.2246467991473532e-16,-1.0,4.3399,181.93
272.09,331,1125,1,1,0.0,1.0,-0.2868,271.31
316.49,325,139,0,6,0.49999999999999994,-0.8660254037844387,5.6998,334.53
1740.19,67,861,0,8,-0.4999999999999997,-0.8660254037844388,1.2114,1761.27
155.22,107,1432,0,10,-1.0,-1.8369701987210297e-16,4.2692,161.85
1321.11,356,848,1,8,-0.4999999999999997,-0.8660254037844388,3.3764,1365.72
5000.0,117,1063,0,12,-0.5000000000000004,0.8660254037844384,1.1028,5055.14
124.65,297,1171,1,7,1.2246467991473532e-16,-1.0,7.7556,134.32
692.37,287,1680,1,6,0.49999999999999994,-0.8660254037844387,5.3012,729.07
284.24,315,980,0,3,0.8660254037844386,0.5000000000000001,3.7326,294.85
794.35,5,730,0,9,-0.8660254037844385,-0.5000000000000004,3.8935,825.28
2124.93,176,127,1,10,-1.0,-1.8369701987210297e-16,-0.326,2118.0
3880.97,206,1607,2,4,1.0,6.123233995736766e-17,1.2173,3928.22
347.5,306,633,1,1,0.0,1.0,2.6294,356.64
2139.38,82,1391,0,1,0.0,1.0,0.6755,2153.83
471.3,112,594,1,8,-0.4999999999999997,-0.8660254037844388,3.1009,485.92
1767.58,65,802,1,8,-0.4999999999999997,-0.8660254037844388,0.8157,1782.0
3939.54,278,1686,2,2,0.49999999999999994,0.8660254037844387,2.347,4032.0
1075.81,365,265,0,1,0.0,1.0,-0.4222,1071.26
57.1,51,632,1,8,-0.4999999999999997,-0.8660254037844388,6.8879,61.03
181.88,85,1374,1,5,0.8660254037844387,-0.4999999999999998,1.7491,185.06
1898.08,112,922,2,6,0.49999999999999994,-0.8660254037844387,1.0417,1917.86
68.55,325,1654,1,4,1.0,6.123233995736766e-17,5.4846,72.31
586.27,163,1160,2,9,-0.8660254037844385,-0.5000000000000004,3.9518,609.44
1017.02,103,1246,0,9,-0.8660254037844385,-0.5000000000000004,2.0249,1037.61
2348.08,117,842,0,1,0.0,1.0,2.6276,2409.78
1543.55,218,110,0,2,0.49999999999999994,0.8660254037844387,0.6421,1553.46
83.01,141,1460,1,7,1.2246467991473532e-16,-1.0,4.9901,87.15
1118.22,51,656,0,8,-0.4999999999999997,-0.8660254037844388,3.58,1158.25
1831.61,300,683,1,2,0.49999999999999994,0.8660254037844387,3.036,1887.22
91.19,154,1549,3,2,0.49999999999999994,0.8660254037844387,2.9698,93.9
423.73,93,726,2,9,-0.8660254037844385,-0.5000000000000004,2.4749,434.21
1027.09,266,891,1,6,0.49999999999999994,-0.8660254037844387,2.9711,1057.6
255.4,272,1040,1,2,0.49999999999999994,0.8660254037844387,0.3949,256.41
288.65,56,908,0,8,-0.4999999999999997,-0.8660254037844388,1.9403,294.25
87.95,26,1105,0,1,0.0,1.0,-0.5739,87.44
1367.32,16,164,0,3,0.8660254037844386,0.5000000000000001,-1.2664,1350.01
191.76,280,1659,1,9,-0.8660254037844385,-0.5000000000000004,5.7079,202.7
394.68,229,930,0,3,0.8660254037844386,0.5000000000000001,4.6572,413.06
583.3,289,945,0,1,0.0,1.0,-0.854,578.32
87.09,229,1404,1,12,-0.5000000000000004,0.8660254037844384,2.3926,89.17
361.47,147,759,0,3,0.8660254037844386,0.5000000000000001,2.7744,371.5
70.18,215,180,1,7,1.2246467991473532e-16,-1.0,0.3653,70.44
110.23,264,238,0,10,-1.0,-1.8369701987210297e-16,4.2921,114.97
335.0,145,1643,1,12,-0.5000000000000004,0.8660254037844384,5.334,352.87
622.64,334,1481,0,10,-1.0,-1.8369701987210297e-16,5.9638,659.77
274.48,329,239,1,5,0.8660254037844387,-0.4999999999999998,4.6658,287.28
73.71,293,1138,1,11,-0.8660254037844386,0.5000000000000001,3.1747,76.06
272.69,363,1006,0,1,0.0,1.0,3.5921,282.48
45.37,142,285,0,4,1.0,6.123233995736766e-17,5.0593,47.67
188.92,41,1541,2,3,0.8660254037844386,0.5000000000000001,-0.1436,188.65
69.18,177,714,0,7,1.2246467991473532e-16,-1.0,7.6183,74.45
90.8,272,545,1,11,-0.8660254037844386,0.5000000000000001,3.4097,93.89
528.02,285,860,0,10,-1.0,-1.8369701987210297e-16,6.6353,563.06
4684.38,142,1457,1,12,-0.5000000000000004,0.8660254037844384,1.8837,4772.62
98.35,107,360,0,2,0.49999999999999994,0.8660254037844387,0.9897,99.32
1619.79,163,1074,1,10,-1.0,-1.8369701987210297e-16,2.4291,1659.13
65.57,294,1178,1,9,-0.8660254037844385,-0.5000000000000004,5.1581,68.95
249.63,22,955,0,6,0.49999999999999994,-0.8660254037844387,5.0976,262.36
344.98,120,991,0,2,0.49999999999999994,0.8660254037844387,0.4566,346.56
93.96,84,1461,2,2,0.49999999999999994,0.8660254037844387,0.5629,94.49
797.64,294,453,1,11,-0.8660254037844386,0.5000000000000001,1.5284,809.84
76.52,171,585,3,4,1.0,6.123233995736766e-17,-0.2593,76.32
2710.59,31,1617,1,8,-0.4999999999999997,-0.8660254037844388,2.7842,2786.06
689.66,95,598,1,12,-0.5000000000000004,0.8660254037844384,-2.6689,671.26
2026.65,16,1584,1,6,0.49999999999999994,-0.8660254037844387,1.5581,2058.23
93.8,174,747,2,3,0.8660254037844386,0.5000000000000001,2.5988,96.24
181.62,365,431,0,6,0.49999999999999994,-0.8660254037844387,6.5974,193.6
941.1,207,81,0,3,0.8660254037844386,0.5000000000000001,1.1564,951.98
410.07,318,910,1,3,0.8660254037844386,0.5000000000000001,1.7344,417.18
1200.35,271,1692,2,10,-1.0,-1.8369701987210297e-16,4.4211,1253.41
415.41,323,1347,0,5,0.8660254037844387,-0.4999999999999998,4.5774,434.42
999.01,113,488,0,9,-0.8660254037844385,-0.5000000000000004,3.8334,1037.3
960.0,348,816,1,9,-0.8660254037844385,-0.5000000000000004,6.668,1024.01
216.38,87,1139,1,7,1.2246467991473532e-16,-1.0,2.1181,220.97
3905.25,160,1435,0,7,1.2246467991473532e-16,-1.0,4.1626,4067.81
1678.32,249,1150,1,3,0.8660254037844386,0.5000000000000001,1.2766,1699.74
53.44,104,336,0,7,1.2246467991473532e-16,-1.0,4.8528,56.03
51.69,96,563,0,10,-1.0,-1.8369701987210297e-16,1.381,52.41
1655.38,47,1329,1,3,0.8660254037844386,0.5000000000000001,-1.7144,1627.0
664.47,1,79,0,3,0.8660254037844386,0.5000000000000001,-1.6681,653.38
4041.11,183,1073,1,9,-0.8660254037844385,-0.5000000000000004,2.401,4138.13
1342.94,361,1164,0,12,-0.5000000000000004,0.8660254037844384,2.6045,1377.92
116.0,80,660,1,5,0.8660254037844387,-0.4999999999999998,4.3853,121.08
59.25,161,829,0,10,-1.0,-1.8369701987210297e-16,1.42,60.09
704.61,342,1498,2,3,0.8660254037844386,0.5000000000000001,2.431,721.74
531.91,282,1058,1,7,1.2246467991473532e-16,-1.0,4.8496,557.7
2812.21,1,80,0,12,-0.5000000000000004,0.8660254037844384,-2.7873,2733.82
1498.84,183,1401,3,6,0.49999999999999994,-0.8660254037844387,2.2334,1532.32
2780.08,52,381,0,7,1.2246467991473532e-16,-1.0,0.7463,2800.83
1939.78,90,1122,0,2,0.49999999999999994,0.8660254037844387,0.9176,1957.58
978.89,90,749,2,7,1.2246467991473532e-16,-1.0,6.9157,1046.59
844.89,224,1613,2,8,-0.4999999999999997,-0.8660254037844388,4.1882,880.27
607.77,72,445,1,12,-0.5000000000000004,0.8660254037844384,-1.9633,595.83
628.45,92,1650,3,3,0.8660254037844386,0.5000000000000001,-1.2137,620.82
1781.55,82,94,0,5,0.8660254037844387,-0.4999999999999998,2.8662,1832.61
159.86,130,1039,0,8,-0.4999999999999997,-0.8660254037844388,3.9482,166.17
3252.95,240,558,0,12,-0.5000000000000004,0.8660254037844384,2.9672,3349.47
541.96,146,329,0,3,0.8660254037844386,0.5000000000000001,-1.3551,534.62
315.82,119,484,1,9,-0.8660254037844385,-0.5000000000000004,3.1012,325.61
92.17,189,101,0,11,-0.8660254037844386,0.5000000000000001,2.7628,94.71
142.79,225,419,1,8,-0.4999999999999997,-0.8660254037844388,5.8608,151.15
699.19,5,615,0,6,0.49999999999999994,-0.8660254037844387,3.3219,722.41
76.74,325,274,0,3,0.8660254037844386,0.5000000000000001,3.616,79.51
62.14,335,1586,1,4,1.0,6.123233995736766e-17,6.7804,66.35
193.77,220,1248,0,1,0.0,1.0,0.9212,195.55
205.15,210,941,1,2,0.49999999999999994,0.8660254037844387,0.8181,206.83
3236.59,254,377,1,6,0.49999999999999994,-0.8660254037844387,3.0441,3335.12
973.48,161,1648,1,2,0.49999999999999994,0.8660254037844387,3.0769,1003.43
359.66,133,1276,2,1,0.0,1.0,0.8393,362.68
4315.36,129,659,2,9,-0.8660254037844385,-0.5000000000000004,2.6959,4431.7
195.4,58,123,0,1,0.0,1.0,-1.065,193.32
4764.52,307,1088,1,2,0.49999999999999994,0.8660254037844387,2.7483,4895.47
2907.97,117,104,0,8,-0.4999999999999997,-0.8660254037844388,0.17,2912.91
1320.61,104,939,0,12,-0.5000000000000004,0.8660254037844384,-0.137,1318.8
556.35,352,825,1,9,-0.8660254037844385,-0.5000000000000004,4.7037,582.52
2831.29,185,1442,1,1,0.0,1.0,-0.2589,2823.96
202.13,227,680,1,3,0.8660254037844386,0.5000000000000001,1.873,205.91
269.92,89,874,1,9,-0.8660254037844385,-0.5000000000000004,3.9635,280.62
134.16,101,1030,1,9,-0.8660254037844385,-0.5000000000000004,4.0245,139.55
211.49,266,1697,1,5,0.8660254037844387,-0.4999999999999998,7.0338,226.36
101.65,165,1068,0,12,-0.5000000000000004,0.8660254037844384,-0.8519,100.78
2911.0,54,1019,0,11,-0.8660254037844386,0.5000000000000001,2.6868,2989.21
42.17,305,496,0,9,-0.8660254037844385,-0.5000000000000004,4.5951,44.11
364.36,147,956,1,9,-0.8660254037844385,-0.5000000000000004,5.6656,385.0
215.38,244,328,0,10,-1.0,-1.8369701987210297e-16,2.7957,221.4
276.43,124,615,0,2,0.49999999999999994,0.8660254037844387,1.5871,280.82
3057.3,205,1242,0,9,-0.8660254037844385,-0.5000000000000004,2.5448,3135.1
1745.07,283,281,1,12,-0.5000000000000004,0.8660254037844384,-1.4689,1719.44
865.11,323,285,0,3,0.8660254037844386,0.5000000000000001,3.1369,892.24
1293.95,75,897,0,1,0.0,1.0,-4.158,1240.15
2497.13,246,1207,0,5,0.8660254037844387,-0.4999999999999998,2.7055,2564.69
377.66,334,1464,0,4,1.0,6.123233995736766e-17,6.2147,401.13
419.67,235,899,0,12,-0.5000000000000004,0.8660254037844384,1.6024,426.4
163.26,52,1193,2,6,0.49999999999999994,-0.8660254037844387,1.9015,166.36
127.19,69,466,0,8,-0.4999999999999997,-0.8660254037844388,6.1586,135.02
3702.67,74,641,0,12,-0.5000000000000004,0.8660254037844384,2.3251,3788.76
1613.88,38,714,1,10,-1.0,-1.8369701987210297e-16,0.433,1620.87
332.72,275,440,1,9,-0.8660254037844385,-0.5000000000000004,6.0093,352.72
52.51,353,584,0,12,-0.5000000000000004,0.8660254037844384,5.6103,55.46
1309.5,189,361,0,9,-0.8660254037844385,-0.5000000000000004,3.1324,1350.52
4634.2,219,1255,2,3,0.8660254037844386,0.5000000000000001,0.264,4646.43
4657.23,283,1580,2,9,-0.8660254037844385,-0.5000000000000004,3.7606,4832.37
1791.29,152,1471,0,4,1.0,6.123233995736766e-17,0.6708,1803.31
1232.03,172,1411,1,4,1.0,6.123233995736766e-17,3.4043,1273.97
74.6,215,508,0,8,-0.4999999999999997,-0.8660254037844388,5.0463,78.37
90.25,111,1411,0,4,1.0,6.123233995736766e-17,3.7116,93.6
211.07,22,1416,0,1,0.0,1.0,0.2536,211.61
689.06,207,904,1,12,-0.5000000000000004,0.8660254037844384,-0.1418,688.09
2901.64,300,343,0,7,1.2246467991473532e-16,-1.0,4.7735,3040.15
3399.05,26,1177,0,9,-0.8660254037844385,-0.5000000000000004,0.0466,3400.64
153.55,79,209,0,10,-1.0,-1.8369701987210297e-16,0.9853,155.06
244.74,96,570,0,8,-0.4999999999999997,-0.8660254037844388,2.4993,250.86
209.52,294,819,0,8,-0.4999999999999997,-0.8660254037844388,5.0833,220.17
709.89,184,1302,0,10,-1.0,-1.8369701987210297e-16,0.0932,710.55
2783.22,195,1577,1,4,1.0,6.123233995736766e-17,1.9238,2836.76
2290.22,236,1235,0,10,-1.0,-1.8369701987210297e-16,4.2037,2386.49
3090.63,101,750,0,9,-0.8660254037844385,-0.5000000000000004,3.0176,3183.9
419.93,261,261,1,3,0.8660254037844386,0.5000000000000001,3.1388,433.11
1257.65,11,1209,0,2,0.49999999999999994,0.8660254037844387,-2.1223,1230.96
5000.0,41,1292,0,11,-0.8660254037844386,0.5000000000000001,-0.3841,4980.8
1225.71,298,1141,2,11,-0.8660254037844386,0.5000000000000001,3.2879,1266.01
113.6,240,1088,1,12,-0.5000000000000004,0.8660254037844384,2.1943,116.1
269.87,64,1282,0,2,0.49999999999999994,0.8660254037844387,1.2408,273.22
52.53,160,237,0,11,-0.8660254037844386,0.5000000000000001,4.9933,55.15
95.31,18,1228,0,11,-0.8660254037844386,0.5000000000000001,0.9001,96.17
488.02,245,791,0,10,-1.0,-1.8369701987210297e-16,3.1127,503.21
1848.74,276,1470,2,6,0.49999999999999994,-0.8660254037844387,2.9584,1903.43
99.73,101,528,1,7,1.2246467991473532e-16,-1.0,3.662,103.38
230.37,128,941,0,6,0.49999999999999994,-0.8660254037844387,6.5665,245.5
199.49,86,435,0,1,0.0,1.0,1.0095,201.5
2536.76,142,799,0,7,1.2246467991473532e-16,-1.0,6.4279,2699.82
114.91,99,809,0,3,0.8660254037844386,0.5000000000000001,2.6177,117.92
71.36,90,1438,0,3,0.8660254037844386,0.5000000000000001,-0.9265,70.7
997.53,157,1020,0,1,0.0,1.0,1.8714,1016.2
627.87,314,1234,2,6,0.49999999999999994,-0.8660254037844387,5.2715,660.97
45.37,279,733,1,1,0.0,1.0,2.1616,46.35
1661.61,108,839,2,11,-0.8660254037844386,0.5000000000000001,1.7041,1689.93
409.46,345,1406,2,11,-0.8660254037844386,0.5000000000000001,2.4792,419.61
831.45,76,1799,2,10,-1.0,-1.8369701987210297e-16,2.031,848.33
1154.42,333,1160,3,4,1.0,6.123233995736766e-17,0.9923,1165.87
66.42,113,1006,0,2,0.49999999999999994,0.8660254037844387,-0.494,66.1
95.87,197,522,0,7,1.2246467991473532e-16,-1.0,4.7378,100.41
437.94,74,857,0,9,-0.8660254037844385,-0.5000000000000004,2.8331,450.34
115.02,278,1060,1,1,0.0,1.0,3.1634,118.66
92.4,116,1175,1,11,-0.8660254037844386,0.5000000000000001,0.3514,92.73
195.36,319,505,0,6,0.49999999999999994,-0.8660254037844387,8.3862,211.74
322.62,30,640,1,10,-1.0,-1.8369701987210297e-16,-0.5102,320.98
2376.77,183,636,1,1,0.0,1.0,-0.2845,2370.01
751.25,58,756,1,6,0.49999999999999994,-0.8660254037844387,2.8416,772.6
3336.84,325,470,0,6,0.49999999999999994,-0.8660254037844387,5.4258,3517.89
334.3,152,329,0,1,0.0,1.0,1.0874,337.94
441.9,246,773,0,9,-0.8660254037844385,-0.5000000000000004,8.2703,478.45
251.54,321,1289,0,12,-0.5000000000000004,0.8660254037844384,2.4826,257.78
52.58,196,263,1,7,1.2246467991473532e-16,-1.0,5.0713,55.24
117.8,20,1014,0,5,0.8660254037844387,-0.4999999999999998,3.0334,121.37
78.01,80,1233,0,8,-0.4999999999999997,-0.8660254037844388,6.4498,83.04
1577.59,77,1245,0,5,0.8660254037844387,-0.4999999999999998,3.693,1635.85
309.8,334,1504,1,5,0.8660254037844387,-0.4999999999999998,5.9005,328.08
48.9,332,507,0,10,-1.0,-1.8369701987210297e-16,2.5396,50.15
1435.39,174,635,2,8,-0.4999999999999997,-0.8660254037844388,2.3531,1469.17
206.19,325,1494,0,4,1.0,6.123233995736766e-17,3.8151,214.06
3640.5,90,1308,2,5,0.8660254037844387,-0.4999999999999998,1.1474,3682.27
2112.31,248,565,0,11,-0.8660254037844386,0.5000000000000001,0.6717,2126.5
242.23,143,1285,0,7,1.2246467991473532e-16,-1.0,4.852,253.99
125.7,88,746,3,1,0.0,1.0,-1.5683,123.73
5000.0,91,1253,1,11,-0.8660254037844386,0.5000000000000001,-0.2141,4989.29
2973.85,153,1627,1,9,-0.8660254037844385,-0.5000000000000004,2.7329,3055.13
4447.76,124,1312,1,4,1.0,6.123233995736766e-17,0.3767,4464.51
56.31,77,998,0,12,-0.5000000000000004,0.8660254037844384,1.44,57.12
651.6,122,411,1,12,-0.5000000000000004,0.8660254037844384,-1.7609,640.12
211.67,47,1404,0,12,-0.5000000000000004,0.8660254037844384,-0.0325,211.6
278.94,354,875,1,5,0.8660254037844387,-0.4999999999999998,5.3769,293.93
82.66,139,1322,2,12,-0.5000000000000004,0.8660254037844384,-2.8953,80.27
1709.86,39,1111,2,10,-1.0,-1.8369701987210297e-16,3.9508,1777.41
501.8,210,583,1,11,-0.8660254037844386,0.5000000000000001,2.4044,513.87
2129.67,323,1033,1,7,1.2246467991473532e-16,-1.0,5.9464,2256.31
76.73,131,613,0,4,1.0,6.123233995736766e-17,2.4287,78.59
4784.48,309,554,0,3,0.8660254037844386,0.5000000000000001,2.3806,4898.38
318.31,223,1735,2,12,-0.5000000000000004,0.8660254037844384,-0.4335,316.93
4988.88,270,1305,1,7,1.2246467991473532e-16,-1.0,5.7961,5278.04
1150.55,108,757,0,12,-0.5000000000000004,0.8660254037844384,-2.1536,1125.77
55.6,13,132,1,7,1.2246467991473532e-16,-1.0,0.238,55.73
2151.08,126,1077,0,7,1.2246467991473532e-16,-1.0,3.3373,2222.87
768.61,338,1234,1,1,0.0,1.0,4.3231,801.84
91.66,289,358,1,5,0.8660254037844387,-0.4999999999999998,2.8291,94.25
133.03,287,1147,0,7,1.2246467991473532e-16,-1.0,7.5257,143.04
4016.21,321,627,0,2,0.49999999999999994,0.8660254037844387,-1.3517,3961.92
5000.0,136,1331,1,2,0.49999999999999994,0.8660254037844387,0.191,5009.55
871.28,117,1267,0,8,-0.4999999999999997,-0.8660254037844388,7.0495,932.7
136.23,338,1598,3,3,0.8660254037844386,0.5000000000000001,3.4772,140.97
300.77,209,1415,0,9,-0.8660254037844385,-0.5000000000000004,2.0663,306.99
95.57,109,156,0,6,0.49999999999999994,-0.8660254037844387,3.8691,99.27
746.12,101,517,0,5,0.8660254037844387,-0.4999999999999998,2.1378,762.07
237.14,321,265,1,2,0.49999999999999994,0.8660254037844387,3.3667,245.13
236.2,19,463,1,5,0.8660254037844387,-0.4999999999999998,1.4092,239.53
1975.17,22,736,1,7,1.2246467991473532e-16,-1.0,-0.0281,1974.62
3675.53,270,509,2,7,1.2246467991473532e-16,-1.0,3.4803,3803.45
116.42,0,791,1,4,1.0,6.123233995736766e-17,-0.3057,116.06
259.14,62,230,0,1,0.0,1.0,-3.903,249.02
456.01,362,209,0,12,-0.5000000000000004,0.8660254037844384,1.7385,463.94
186.94,155,1581,2,12,-0.5000000000000004,0.8660254037844384,0.9872,188.79
364.11,266,1128,0,11,-0.8660254037844386,0.5000000000000001,4.0229,378.76
59.77,178,896,2,4,1.0,6.123233995736766e-17,4.401,62.4
63.55,33,1243,2,8,-0.4999999999999997,-0.8660254037844388,2.7334,65.29
1678.93,67,532,1,2,0.49999999999999994,0.8660254037844387,-3.4547,1620.93
232.68,278,843,1,11,-0.8660254037844386,0.5000000000000001,1.6723,236.57
1633.28,34,1542,2,1,0.0,1.0,-1.7449,1604.78
71.38,217,913,1,6,0.49999999999999994,-0.8660254037844387,7.3686,76.64
1365.65,127,1395,1,11,-0.8660254037844386,0.5000000000000001,1.0781,1380.37
1028.63,135,750,0,9,-0.8660254037844385,-0.5000000000000004,3.2256,1061.81
2102.9,348,572,0,11,-0.8660254037844386,0.5000000000000001,2.3359,2152.02
154.91,221,1347,0,6,0.49999999999999994,-0.8660254037844387,6.2431,164.59
829.58,225,1739,2,2,0.49999999999999994,0.8660254037844387,3.7701,860.86
2937.82,128,569,1,1,0.0,1.0,-0.9626,2909.54
136.85,139,923,1,2,0.49999999999999994,0.8660254037844387,0.8481,138.01
99.88,250,1169,0,1,0.0,1.0,2.8662,102.74
216.85,14,713,2,6,0.49999999999999994,-0.8660254037844387,1.0369,219.1
5000.0,86,1135,0,1,0.0,1.0,-2.4764,4876.18
124.24,219,1477,1,3,0.8660254037844386,0.5000000000000001,0.3871,124.72
69.86,228,388,0,6,0.49999999999999994,-0.8660254037844387,4.3356,72.89
4638.93,33,665,2,9,-0.8660254037844385,-0.5000000000000004,2.251,4743.35
398.72,288,1643,1,9,-0.8660254037844385,-0.5000000000000004,6.8666,426.1
125.26,198,1495,0,1,0.0,1.0,0.7423,126.19
810.01,87,1295,0,11,-0.8660254037844386,0.5000000000000001,1.1871,819.63
54.17,275,937,0,7,1.2246467991473532e-16,-1.0,7.1404,58.04
264.04,362,169,0,5,0.8660254037844387,-0.4999999999999998,3.843,274.19
70.65,155,1377,0,5,0.8660254037844387,-0.4999999999999998,7.0675,75.64
558.58,103,334,0,11,-0.8660254037844386,0.5000000000000001,1.7897,568.57
728.49,109,305,0,6,0.49999999999999994,-0.8660254037844387,3.7905,756.1
54.68,216,1089,0,3,0.8660254037844386,0.5000000000000001,3.6733,56.69
521.36,17,811,1,6,0.49999999999999994,-0.8660254037844387,0.0735,521.74
5000.0,176,1308,0,1,0.0,1.0,2.8985,5144.92
382.26,9,1316,0,2,0.49999999999999994,0.8660254037844387,0.7456,385.11
4980.83,14,1383,2,4,1.0,6.123233995736766e-17,0.2888,4995.22
5000.0,157,1263,0,3,0.8660254037844386,0.5000000000000001,0.5629,5028.14
156.04,272,1013,1,5,0.8660254037844387,-0.4999999999999998,4.2032,162.6
928.16,323,1700,2,1,0.0,1.0,2.0966,947.62
3089.7,32,1588,1,8,-0.4999999999999997,-0.8660254037844388,4.0978,3216.31
1169.52,89,453,0,2,0.49999999999999994,0.8660254037844387,2.2279,1195.58
1640.77,154,664,0,3,0.8660254037844386,0.5000000000000001,0.2128,1644.26
176.59,210,1082,1,12,-0.5000000000000004,0.8660254037844384,1.7042,179.6
4424.26,361,1414,1,1,0.0,1.0,-1.3566,4364.24
134.63,250,612,0,4,1.0,6.123233995736766e-17,0.4754,135.27
849.07,197,504,1,7,1.2246467991473532e-16,-1.0,4.8769,890.48
2968.55,22,872,2,4,1.0,6.123233995736766e-17,-1.668,2919.04
306.87,29,1326,1,4,1.0,6.123233995736766e-17,-1.4294,302.48
651.8,56,802,0,2,0.49999999999999994,0.8660254037844387,-1.6811,640.84
1051.64,241,416,0,6,0.49999999999999994,-0.8660254037844387,5.0451,1104.7
4311.28,121,1086,0,10,-1.0,-1.8369701987210297e-16,2.8171,4432.73
432.34,88,1005,0,8,-0.4999999999999997,-0.8660254037844388,1.8897,440.51
838.85,245,930,1,12,-0.5000000000000004,0.8660254037844384,3.2317,865.96
99.52,298,947,0,9,-0.8660254037844385,-0.5000000000000004,4.9987,104.49
53.89,160,380,0,10,-1.0,-1.8369701987210297e-16,3.5145,55.78
42.27,322,310,0,6,0.49999999999999994,-0.8660254037844387,6.1185,44.86
541.31,268,1498,2,8,-0.4999999999999997,-0.8660254037844388,4.8919,567.79
690.51,262,1251,2,7,1.2246467991473532e-16,-1.0,3.5324,714.9
90.91,317,1549,1,10,-1.0,-1.8369701987210297e-16,4.8191,95.29
140.48,67,1646,2,7,1.2246467991473532e-16,-1.0,4.2518,146.46
167.95,277,995,2,5,0.8660254037844387,-0.4999999999999998,4.2835,175.14
3120.93,350,718,0,1,0.0,1.0,2.0134,3183.77
92.08,363,1281,0,11,-0.8660254037844386,0.5000000000000001,6.3803,97.96
349.73,211,203,1,6,0.49999999999999994,-0.8660254037844387,3.1065,360.59
2388.89,276,1395,1,10,-1.0,-1.8369701987210297e-16,4.2185,2489.66
2302.08,325,289,0,9,-0.8660254037844385,-0.5000000000000004,3.6371,2385.81
1174.94,311,928,3,1,0.0,1.0,2.4154,1203.32
164.45,328,746,0,8,-0.4999999999999997,-0.8660254037844388,4.5392,171.92
101.24,304,1501,2,6,0.49999999999999994,-0.8660254037844387,7.8171,109.16
96.45,139,783,1,3,0.8660254037844386,0.5000000000000001,1.1068,97.52
2289.25,267,1411,0,4,1.0,6.123233995736766e-17,6.9479,2448.3
222.47,150,1380,2,8,-0.4999999999999997,-0.8660254037844388,4.9458,233.47
278.69,293,1343,1,2,0.49999999999999994,0.8660254037844387,3.8205,289.34
125.32,296,1249,1,8,-0.4999999999999997,-0.8660254037844388,6.0451,132.9
285.22,342,307,1,11,-0.8660254037844386,0.5000000000000001,3.4358,295.02
276.06,215,1243,0,2,0.49999999999999994,0.8660254037844387,3.5052,285.74
272.64,173,925,0,1,0.0,1.0,1.4385,276.56
44.95,60,316,0,1,0.0,1.0,1.0337,45.42
493.81,233,1178,0,9,-0.8660254037844385,-0.5000000000000004,0.0057,493.84
61.0,207,198,0,11,-0.8660254037844386,0.5000000000000001,1.1928,61.73
638.96,188,945,0,12,-0.5000000000000004,0.8660254037844384,1.6703,649.63
1166.41,247,873,0,1,0.0,1.0,2.2794,1193.0
484.1,311,312,1,6,0.49999999999999994,-0.8660254037844387,6.1162,513.71
87.48,54,590,0,1,0.0,1.0,-0.1278,87.37
668.94,157,219,0,5,0.8660254037844387,-0.4999999999999998,2.2956,684.3
413.82,264,1601,2,4,1.0,6.123233995736766e-17,4.6104,432.9
316.33,300,1692,3,8,-0.4999999999999997,-0.8660254037844388,6.5895,337.18
122.39,284,1557,1,11,-0.8660254037844386,0.5000000000000001,4.6518,128.08
5000.0,292,755,0,10,-1.0,-1.8369701987210297e-16,3.1941,5159.7
281.16,312,692,1,1,0.0,1.0,5.7315,297.27
524.62,352,1439,0,3,0.8660254037844386,0.5000000000000001,4.1362,546.32
65.01,222,568,1,4,1.0,6.123233995736766e-17,3.7212,67.42
1113.5,91,891,2,4,1.0,6.123233995736766e-17,3.3311,1150.59
139.76,206,239,0,5,0.8660254037844387,-0.4999999999999998,6.364,148.66
1985.89,259,1673,2,8,-0.4999999999999997,-0.8660254037844388,5.3835,2092.8
53.28,36,421,1,9,-0.8660254037844385,-0.5000000000000004,0.7796,53.69
137.82,277,96,0,12,-0.5000000000000004,0.8660254037844384,1.8406,140.36
1934.39,199,1258,0,9,-0.8660254037844385,-0.5000000000000004,4.9845,2030.81
368.86,342,1360,1,4,1.0,6.123233995736766e-17,7.4398,396.3
67.89,77,1287,0,3,0.8660254037844386,0.5000000000000001,6.6706,72.42
2410.74,331,1295,0,5,0.8660254037844387,-0.4999999999999998,4.3283,2515.08
3540.17,163,251,0,10,-1.0,-1.8369701987210297e-16,2.7416,3637.23
263.37,209,818,2,12,-0.5000000000000004,0.8660254037844384,-0.2764,262.64
1039.36,241,1159,0,5,0.8660254037844387,-0.4999999999999998,4.5484,1086.64
252.3,211,759,2,3,0.8660254037844386,0.5000000000000001,0.3395,253.15
764.63,330,1296,1,1,0.0,1.0,4.528,799.26
1943.33,61,1369,0,1,0.0,1.0,0.1518,1946.28
1209.69,267,1444,0,8,-0.4999999999999997,-0.8660254037844388,6.1502,1284.09
250.24,356,1348,1,8,-0.4999999999999997,-0.8660254037844388,6.6007,266.75
141.03,80,1205,0,8,-0.4999999999999997,-0.8660254037844388,5.4026,148.65
657.78,93,915,0,1,0.0,1.0,0.9896,664.29
792.1,173,158,0,6,0.49999999999999994,-0.8660254037844387,2.539,812.21
740.26,265,1068,2,3,0.8660254037844386,0.5000000000000001,-0.6949,735.11
110.95,350,1555,1,5,0.8660254037844387,-0.4999999999999998,4.0679,115.47
317.93,291,1372,0,8,-0.4999999999999997,-0.8660254037844388,4.1231,331.04
1341.86,290,392,0,4,1.0,6.123233995736766e-17,3.3391,1386.67
109.27,161,1132,0,8,-0.4999999999999997,-0.8660254037844388,4.5008,114.19
2684.73,236,556,1,4,1.0,6.123233995736766e-17,3.6153,2781.79
407.69,77,651,0,7,1.2246467991473532e-16,-1.0,4.4642,425.9
2055.78,169,1184,3,6,0.49999999999999994,-0.8660254037844387,0.0701,2057.22
230.96,69,910,2,5,0.8660254037844387,-0.4999999999999998,1.7871,235.09
275.38,9,924,0,2,0.49999999999999994,0.8660254037844387,-3.3713,266.09
3553.62,313,406,2,7,1.2246467991473532e-16,-1.0,2.1043,3628.4
624.77,294,632,1,12,-0.5000000000000004,0.8660254037844384,0.7995,629.76
94.98,186,1457,1,8,-0.4999999999999997,-0.8660254037844388,4.0769,98.85
4690.37,5,946,0,9,-0.8660254037844385,-0.5000000000000004,4.2523,4889.82
338.47,32,1532,2,10,-1.0,-1.8369701987210297e-16,2.1015,345.58
1746.25,40,1450,0,1,0.0,1.0,-0.9491,1729.68
83.02,262,756,1,10,-1.0,-1.8369701987210297e-16,6.1251,88.1
2305.2,74,429,0,3,0.8660254037844386,0.5000000000000001,-1.5222,2270.11
3885.25,91,495,0,8,-0.4999999999999997,-0.8660254037844388,2.4185,3979.21
296.5,315,1042,2,12,-0.5000000000000004,0.8660254037844384,3.2274,306.07
79.71,320,412,0,11,-0.8660254037844386,0.5000000000000001,1.7751,81.12
616.35,279,613,0,5,0.8660254037844387,-0.4999999999999998,5.7537,651.82
84.84,113,458,1,11,-0.8660254037844386,0.5000000000000001,1.5627,86.17
356.07,212,606,0,8,-0.4999999999999997,-0.8660254037844388,6.0682,377.67
1184.3,73,1800,2,2,0.49999999999999994,0.8660254037844387,1.9345,1207.21
90.38,313,944,2,3,0.8660254037844386,0.5000000000000001,3.6549,93.68
4840.54,31,1150,0,12,-0.5000000000000004,0.8660254037844384,-0.4246,4819.98
1306.17,272,829,1,11,-0.8660254037844386,0.5000000000000001,-0.2097,1303.43
243.93,187,916,3,11,-0.8660254037844386,0.5000000000000001,1.3361,247.19
371.28,277,1233,2,5,0.8660254037844387,-0.4999999999999998,3.6561,384.86
1982.11,164,205,0,4,1.0,6.123233995736766e-17,1.31,2008.07
414.75,57,681,1,10,-1.0,-1.8369701987210297e-16,0.5725,417.12
4208.57,274,471,1,1,0.0,1.0,0.9648,4249.17
51.88,230,334,0,11,-0.8660254037844386,0.5000000000000001,1.1505,52.48
198.97,170,1277,1,8,-0.4999999999999997,-0.8660254037844388,5.4142,209.75
439.51,136,299,0,8,-0.4999999999999997,-0.8660254037844388,2.2223,449.28
73.7,125,340,0,6,0.49999999999999994,-0.8660254037844387,1.6716,74.93
266.57,176,878,0,12,-0.5000000000000004,0.8660254037844384,1.3997,270.3
545.4,95,943,2,9,-0.8660254037844385,-0.5000000000000004,3.0165,561.85
125.07,103,223,0,1,0.0,1.0,-1.0951,123.7
132.21,101,1438,0,7,1.2246467991473532e-16,-1.0,5.6438,139.67
212.31,4,1389,0,11,-0.8660254037844386,0.5000000000000001,0.2059,212.75
73.58,339,891,0,1,0.0,1.0,1.7946,74.9
126.41,86,1247,3,9,-0.8660254037844385,-0.5000000000000004,3.2599,130.53
75.26,60,1221,0,3,0.8660254037844386,0.5000000000000001,1.0126,76.03
5000.0,55,1462,0,7,1.2246467991473532e-16,-1.0,4.1424,5207.12
77.23,361,362,2,11,-0.8660254037844386,0.5000000000000001,0.2627,77.43
40.0,174,187,0,6,0.49999999999999994,-0.8660254037844387,4.8185,41.93
3911.4,119,526,0,1,0.0,1.0,0.4869,3930.44
1547.09,147,640,1,1,0.0,1.0,0.1555,1549.5
208.31,32,1474,1,9,-0.8660254037844385,-0.5000000000000004,4.124,216.9
3027.83,114,784,0,12,-0.5000000000000004,0.8660254037844384,1.1768,3063.46
3541.0,91,1406,1,4,1.0,6.123233995736766e-17,1.9088,3608.59
1762.56,293,1173,1,12,-0.5000000000000004,0.8660254037844384,2.9063,1813.78
913.88,21,1303,1,6,0.49999999999999994,-0.8660254037844387,1.992,932.08
961.21,155,1437,0,1,0.0,1.0,1.8818,979.29
5000.0,289,1104,1,7,1.2246467991473532e-16,-1.0,5.155,5257.75
519.43,305,1407,1,12,-0.5000000000000004,0.8660254037844384,5.1118,545.98
1858.43,187,525,1,4,1.0,6.123233995736766e-17,2.1587,1898.55
75.72,81,819,2,12,-0.5000000000000004,0.8660254037844384,-1.9035,74.28
1429.49,123,1237,2,8,-0.4999999999999997,-0.8660254037844388,3.478,1479.21
5000.0,81,1490,1,5,0.8660254037844387,-0.4999999999999998,0.8933,5044.67
40.0,242,118,0,9,-0.8660254037844385,-0.5000000000000004,5.4424,42.18
160.51,107,774,0,5,0.8660254037844387,-0.4999999999999998,5.1506,168.78
1579.36,230,419,1,2,0.49999999999999994,0.8660254037844387,-0.6813,1568.6
1876.52,239,1332,0,11,-0.8660254037844386,0.5000000000000001,1.0246,1895.75
1570.22,343,951,1,5,0.8660254037844387,-0.4999999999999998,4.8328,1646.1
3704.22,135,263,1,7,1.2246467991473532e-16,-1.0,1.2508,3750.56
56.91,351,285,1,9,-0.8660254037844385,-0.5000000000000004,3.609,58.97
1249.39,146,976,0,1,0.0,1.0,-0.0627,1248.6
934.1,249,857,2,9,-0.8660254037844385,-0.5000000000000004,4.3563,974.8
96.46,242,301,1,5,0.8660254037844387,-0.4999999999999998,1.7583,98.15
102.02,299,266,0,7,1.2246467991473532e-16,-1.0,4.8238,106.94
859.43,171,476,1,6,0.49999999999999994,-0.8660254037844387,7.1259,920.68
945.33,290,548,0,10,-1.0,-1.8369701987210297e-16,6.4187,1006.01
946.1,130,1296,1,3,0.8660254037844386,0.5000000000000001,3.0369,974.83
512.79,179,1294,0,2,0.49999999999999994,0.8660254037844387,1.9353,522.72
1286.76,182,1010,1,5,0.8660254037844387,-0.4999999999999998,4.5793,1345.68
276.6,257,1424,0,2,0.49999999999999994,0.8660254037844387,2.3083,282.99
170.37,226,1197,0,3,0.8660254037844386,0.5000000000000001,-0.5745,169.39
627.54,28,285,0,8,-0.4999999999999997,-0.8660254037844388,1.361,636.08
1002.16,296,1115,0,10,-1.0,-1.8369701987210297e-16,3.4541,1036.77
2034.11,277,785,2,9,-0.8660254037844385,-0.5000000000000004,3.3307,2101.86
443.48,38,1637,1,4,1.0,6.123233995736766e-17,2.274,453.57
2125.46,352,1278,0,10,-1.0,-1.8369701987210297e-16,6.8786,2271.66
2651.22,241,138,0,5,0.8660254037844387,-0.4999999999999998,3.0331,2731.64
282.97,31,374,1,3,0.8660254037844386,0.5000000000000001,-1.9822,277.36
593.21,179,687,0,10,-1.0,-1.8369701987210297e-16,2.7287,609.4
4011.66,306,1124,0,7,1.2246467991473532e-16,-1.0,6.8525,4286.55
202.24,102,849,0,5,0.8660254037844387,-0.4999999999999998,3.8165,209.96
1070.17,341,236,1,8,-0.4999999999999997,-0.8660254037844388,3.135,1103.72
814.83,153,1431,3,9,-0.8660254037844385,-0.5000000000000004,3.1426,840.43
365.74,82,988,0,3,0.8660254037844386,0.5000000000000001,-0.0977,365.38
3540.25,130,1648,2,2,0.49999999999999994,0.8660254037844387,-1.7279,3479.08
87.29,192,663,2,7,1.2246467991473532e-16,-1.0,5.2757,91.9
41.42,251,391,3,1,0.0,1.0,-1.0358,40.99
146.73,339,1273,1,8,-0.4999999999999997,-0.8660254037844388,6.0453,155.6
3473.33,71,1410,2,6,0.49999999999999994,-0.8660254037844387,2.3778,3555.92
249.55,351,965,1,3,0.8660254037844386,0.5000000000000001,3.501,258.29
1432.22,193,1478,2,8,-0.4999999999999997,-0.8660254037844388,2.3833,1466.36
113.35,46,305,0,5,0.8660254037844387,-0.4999999999999998,3.0301,116.78
378.25,339,339,1,5,0.8660254037844387,-0.4999999999999998,2.9412,389.37
534.03,127,754,1,3,0.8660254037844386,0.5000000000000001,3.5462,552.97
187.74,227,1346,0,9,-0.8660254037844385,-0.5000000000000004,4.9079,196.96
298.26,255,793,0,11,-0.8660254037844386,0.5000000000000001,4.0868,310.45
177.31,4,975,0,8,-0.4999999999999997,-0.8660254037844388,4.4498,185.2
99.58,81,1495,0,3,0.8660254037844386,0.5000000000000001,1.751,101.33
320.27,251,485,0,11,-0.8660254037844386,0.5000000000000001,1.1625,324.0
671.54,118,744,0,2,0.49999999999999994,0.8660254037844387,1.805,683.66
80.88,3,1043,0,4,1.0,6.123233995736766e-17,-0.3104,80.63
218.69,8,501,1,1,0.0,1.0,-3.4927,211.05
396.64,302,630,0,11,-0.8660254037844386,0.5000000000000001,4.0758,412.81
4013.11,56,853,0,1,0.0,1.0,-1.0135,3972.44
745.45,36,487,0,7,1.2246467991473532e-16,-1.0,1.8693,759.38
3366.07,205,365,0,3,0.8660254037844386,0.5000000000000001,0.3279,3377.11
543.17,43,682,0,3,0.8660254037844386,0.5000000000000001,-0.6527,539.62
2658.25,239,1800,3,8,-0.4999999999999997,-0.8660254037844388,6.7774,2838.41
70.9,199,650,0,10,-1.0,-1.8369701987210297e-16,5.4528,74.76
822.15,237,1259,0,1,0.0,1.0,0.6145,827.2
274.22,179,1097,1,2,0.49999999999999994,0.8660254037844387,1.031,277.05
1323.73,284,706,2,4,1.0,6.123233995736766e-17,3.2607,1366.89
3754.9,235,1375,0,12,-0.5000000000000004,0.8660254037844384,0.2318,3763.6
1445.76,151,901,0,1,0.0,1.0,-0.2113,1442.7
75.98,5,1008,1,3,0.8660254037844386,0.5000000000000001,-0.1694,75.85
999.14,100,1059,0,5,0.8660254037844387,-0.4999999999999998,2.0442,1019.57
1145.57,48,105,0,4,1.0,6.123233995736766e-17,1.8312,1166.55
49.75,5,855,3,1,0.0,1.0,-3.0827,48.21
122.88,99,1532,3,7,1.2246467991473532e-16,-1.0,3.4775,127.15
1268.32,75,1058,1,8,-0.4999999999999997,-0.8660254037844388,3.2825,1309.95
195.69,28,611,0,3,0.8660254037844386,0.5000000000000001,3.0515,201.66
63.59,114,869,1,9,-0.8660254037844385,-0.5000000000000004,3.68,65.93
3544.87,185,1287,2,1,0.0,1.0,2.9822,3650.59
4316.98,65,1014,2,9,-0.8660254037844385,-0.5000000000000004,0.8008,4351.55
269.58,99,710,0,4,1.0,6.123233995736766e-17,2.3238,275.85
5000.0,7,847,0,3,0.8660254037844386,0.5000000000000001,0.7871,5039.36
2347.5,18,454,0,3,0.8660254037844386,0.5000000000000001,2.0127,2394.75
682.43,57,974,1,11,-0.8660254037844386,0.5000000000000001,-0.0384,682.17
1808.42,165,1052,0,7,1.2246467991473532e-16,-1.0,6.6685,1929.01
4458.79,243,1078,0,9,-0.8660254037844385,-0.5000000000000004,5.6229,4709.5
1581.52,288,948,0,3,0.8660254037844386,0.5000000000000001,1.6751,1608.01
226.75,230,703,0,1,0.0,1.0,1.9421,231.16
129.48,225,1228,2,1,0.0,1.0,1.307,131.18
414.48,342,1097,0,6,0.49999999999999994,-0.8660254037844387,5.1291,435.74
101.23,93,496,0,4,1.0,6.123233995736766e-17,2.7884,104.05
51.61,292,828,1,10,-1.0,-1.8369701987210297e-16,4.4893,53.92
454.66,342,1149,1,10,-1.0,-1.8369701987210297e-16,4.8857,476.88
248.21,207,1130,1,4,1.0,6.123233995736766e-17,3.6488,257.27
73.32,307,835,1,6,0.49999999999999994,-0.8660254037844387,5.182,77.12
2486.55,50,428,0,5,0.8660254037844387,-0.4999999999999998,5.272,2617.64
106.16,321,1370,0,9,-0.8660254037844385,-0.5000000000000004,6.7451,113.32
955.47,206,833,0,8,-0.4999999999999997,-0.8660254037844388,6.9034,1021.42
749.25,81,1052,1,8,-0.4999999999999997,-0.8660254037844388,4.0646,779.71
4592.44,22,850,2,1,0.0,1.0,-0.2082,4582.88
182.47,263,1151,0,5,0.8660254037844387,-0.4999999999999998,4.5772,190.82
135.41,157,719,1,12,-0.5000000000000004,0.8660254037844384,1.0506,136.83
1193.52,113,1614,1,5,0.8660254037844387,-0.4999999999999998,2.3403,1221.45
562.14,142,687,3,3,0.8660254037844386,0.5000000000000001,-0.9587,556.75
1538.39,362,63,0,3,0.8660254037844386,0.5000000000000001,2.3223,1574.11
108.11,156,787,0,1,0.0,1.0,1.2829,109.5
246.51,28,1504,1,10,-1.0,-1.8369701987210297e-16,-0.4873,245.31
40.0,102,216,1,1,0.0,1.0,-0.8435,39.66
1658.03,53,1259,1,8,-0.4999999999999997,-0.8660254037844388,2.2492,1695.32
213.79,251,898,2,5,0.8660254037844387,-0.4999999999999998,5.5247,225.6
102.23,292,76,0,2,0.49999999999999994,0.8660254037844387,-0.3436,101.87
797.59,307,786,1,11,-0.8660254037844386,0.5000000000000001,1.6966,811.12
169.8,231,986,0,9,-0.8660254037844385,-0.5000000000000004,4.2741,177.06
67.12,281,967,0,10,-1.0,-1.8369701987210297e-16,6.1089,71.22
175.8,152,1280,0,12,-0.5000000000000004,0.8660254037844384,1.2883,178.06
3410.12,229,1482,0,11,-0.8660254037844386,0.5000000000000001,3.9826,3545.93
573.79,39,124,0,9,-0.8660254037844385,-0.5000000000000004,1.342,581.49
553.59,197,1515,1,7,1.2246467991473532e-16,-1.0,5.9094,586.3
361.13,204,327,2,9,-0.8660254037844385,-0.5000000000000004,4.304,376.67
5000.0,11,1464,0,6,0.49999999999999994,-0.8660254037844387,0.7514,5037.57
64.31,200,1171,0,3,0.8660254037844386,0.5000000000000001,3.0865,66.29
129.72,264,1429,0,5,0.8660254037844387,-0.4999999999999998,6.5788,138.25
2077.85,134,143,0,6,0.49999999999999994,-0.8660254037844387,3.1065,2142.4
438.11,199,152,0,1,0.0,1.0,-1.5787,431.2
5000.0,104,1563,1,11,-0.8660254037844386,0.5000000000000001,1.6416,5082.08
1127.2,99,823,2,11,-0.8660254037844386,0.5000000000000001,-0.0336,1126.82
1340.63,47,600,0,6,0.49999999999999994,-0.8660254037844387,2.9744,1380.5
670.81,119,660,1,6,0.49999999999999994,-0.8660254037844387,3.1303,691.81
43.53,293,489,1,11,-0.8660254037844386,0.5000000000000001,-1.9104,42.7
2547.06,342,148,0,6,0.49999999999999994,-0.8660254037844387,5.3412,2683.1
435.59,232,242,0,9,-0.8660254037844385,-0.5000000000000004,4.7018,456.07
60.05,228,1277,0,7,1.2246467991473532e-16,-1.0,6.1165,63.73
90.76,224,84,0,4,1.0,6.123233995736766e-17,0.8203,91.5
327.33,174,1800,2,10,-1.0,-1.8369701987210297e-16,1.8687,333.44
151.85,154,365,0,3,0.8660254037844386,0.5000000000000001,3.314,156.88
57.58,227,925,0,3,0.8660254037844386,0.5000000000000001,2.9241,59.26
151.7,287,419,0,9,-0.8660254037844385,-0.5000000000000004,5.1018,159.44
4056.33,151,1342,0,9,-0.8660254037844385,-0.5000000000000004,3.1583,4184.44
623.79,207,501,2,12,-0.5000000000000004,0.8660254037844384,0.4674,626.71
251.56,172,1085,0,9,-0.8660254037844385,-0.5000000000000004,2.8237,258.66
92.95,104,1593,1,1,0.0,1.0,0.6731,93.57
1589.01,106,686,0,11,-0.8660254037844386,0.5000000000000001,2.5118,1628.92
1369.0,28,701,0,5,0.8660254037844387,-0.4999999999999998,0.5263,1376.21
40.0,160,263,0,1,0.0,1.0,0.4823,40.19
5000.0,260,1654,2,7,1.2246467991473532e-16,-1.0,6.0272,5301.36
213.21,250,1440,0,3,0.8660254037844386,0.5000000000000001,4.7952,223.43
165.29,360,893,1,5,0.8660254037844387,-0.4999999999999998,6.3979,175.87
219.82,14,1052,0,6,0.49999999999999994,-0.8660254037844387,4.1774,229.0
5000.0,278,1319,1,1,0.0,1.0,1.6874,5084.37
2264.09,290,620,1,11,-0.8660254037844386,0.5000000000000001,1.377,2295.26
729.48,159,273,1,7,1.2246467991473532e-16,-1.0,5.0137,766.06
378.24,103,232,0,12,-0.5000000000000004,0.8660254037844384,-0.7823,375.28
276.46,130,1350,0,6,0.49999999999999994,-0.8660254037844387,3.7005,286.69
294.46,249,1688,2,8,-0.4999999999999997,-0.8660254037844388,3.0187,303.34
171.36,315,317,1,10,-1.0,-1.8369701987210297e-16,2.5144,175.67
3306.5,235,1212,0,3,0.8660254037844386,0.5000000000000001,1.4472,3354.35
1463.44,188,1330,0,11,-0.8660254037844386,0.5000000000000001,1.1492,1480.26
332.62,238,835,0,3,0.8660254037844386,0.5000000000000001,1.2693,336.84
5000.0,25,702,0,12,-0.5000000000000004,0.8660254037844384,-0.5814,4970.93
143.36,222,1500,0,8,-0.4999999999999997,-0.8660254037844388,4.9007,150.39
83.71,15,1314,0,7,1.2246467991473532e-16,-1.0,5.0941,87.98
251.16,351,607,0,3,0.8660254037844386,0.5000000000000001,4.7924,263.19
4926.52,325,885,1,7,1.2246467991473532e-16,-1.0,9.0858,5374.13
68.71,186,1734,2,7,1.2246467991473532e-16,-1.0,4.5686,71.85
87.17,136,1497,1,12,-0.5000000000000004,0.8660254037844384,1.339,88.34
257.02,268,962,0,11,-0.8660254037844386,0.5000000000000001,2.4017,263.2
5000.0,233,1220,1,6,0.49999999999999994,-0.8660254037844387,2.7043,5135.22
275.16,258,1117,0,5,0.8660254037844387,-0.4999999999999998,4.8866,288.61
1061.55,188,648,1,5,0.8660254037844387,-0.4999999999999998,1.9994,1082.77
3527.8,86,1380,0,5,0.8660254037844387,-0.4999999999999998,1.2197,3570.83
984.12,26,473,0,1,0.0,1.0,-1.0418,973.86
86.68,103,1354,1,1,0.0,1.0,-0.6758,86.1
114.51,193,1239,0,10,-1.0,-1.8369701987210297e-16,5.174,120.44
150.28,155,705,1,4,1.0,6.123233995736766e-17,4.1308,156.49
2422.75,185,1340,1,5,0.8660254037844387,-0.4999999999999998,2.1604,2475.09
2566.09,101,1307,0,9,-0.8660254037844385,-0.5000000000000004,5.2975,2702.03
105.83,343,768,0,8,-0.4999999999999997,-0.8660254037844388,7.506,113.78
289.48,134,916,1,5,0.8660254037844387,-0.4999999999999998,3.5301,299.7
94.64,309,947,1,10,-1.0,-1.8369701987210297e-16,1.8676,96.41
324.43,143,209,1,2,0.49999999999999994,0.8660254037844387,-2.7977,315.35
271.77,162,832,0,6,0.49999999999999994,-0.8660254037844387,7.5464,292.28
5000.0,221,1217,1,2,0.49999999999999994,0.8660254037844387,2.8748,5143.74
308.76,96,862,0,7,1.2246467991473532e-16,-1.0,7.1479,330.83
60.08,80,772,0,2,0.49999999999999994,0.8660254037844387,3.9707,62.47
557.7,138,886,1,12,-0.5000000000000004,0.8660254037844384,2.6432,572.44
3521.2,294,826,0,8,-0.4999999999999997,-0.8660254037844388,5.6562,3720.36
343.24,52,1397,0,3,0.8660254037844386,0.5000000000000001,2.29,351.1
2142.47,160,644,0,8,-0.4999999999999997,-0.8660254037844388,2.9758,2206.23
290.53,245,514,1,5,0.8660254037844387,-0.4999999999999998,4.4238,303.38
522.9,258,340,2,7,1.2246467991473532e-16,-1.0,5.047,549.29
622.78,158,1556,2,3,0.8660254037844386,0.5000000000000001,2.3083,637.16
2368.24,29,307,0,7,1.2246467991473532e-16,-1.0,1.8559,2412.19
658.8,5,652,0,2,0.49999999999999994,0.8660254037844387,-4.1341,631.56
324.97,172,1225,1,2,0.49999999999999994,0.8660254037844387,-0.8526,322.2
1425.35,296,304,0,8,-0.4999999999999997,-0.8660254037844388,5.3424,1501.5
50.38,10,386,0,7,1.2246467991473532e-16,-1.0,2.4082,51.59
186.12,324,969,0,4,1.0,6.123233995736766e-17,6.0832,197.44
194.81,247,1023,1,1,0.0,1.0,0.0857,194.98
622.96,2,609,1,6,0.49999999999999994,-0.8660254037844387,3.6648,645.79
2501.42,125,833,0,12,-0.5000000000000004,0.8660254037844384,-0.9889,2476.68
730.3,80,1070,0,9,-0.8660254037844385,-0.5000000000000004,5.5025,770.49
357.28,347,536,1,1,0.0,1.0,-0.5381,355.36
62.21,203,780,1,12,-0.5000000000000004,0.8660254037844384,2.7364,63.91
4010.0,118,453,0,6,0.49999999999999994,-0.8660254037844387,1.7332,4079.49
243.35,101,1413,0,7,1.2246467991473532e-16,-1.0,5.2094,256.03
81.16,206,791,2,1,0.0,1.0,2.5813,83.26
2914.37,1,1371,1,4,1.0,6.123233995736766e-17,1.2985,2952.21
4013.75,94,1519,1,10,-1.0,-1.8369701987210297e-16,0.2659,4024.42
164.24,60,488,1,4,1.0,6.123233995736766e-17,0.4747,165.02
834.43,226,1799,2,2,0.49999999999999994,0.8660254037844387,-1.4447,822.37
1388.45,244,116,0,2,0.49999999999999994,0.8660254037844387,-2.2777,1356.83
48.93,170,608,0,12,-0.5000000000000004,0.8660254037844384,0.6519,49.25
3968.18,51,276,0,10,-1.0,-1.8369701987210297e-16,-1.0409,3926.88
159.43,135,198,1,1,0.0,1.0,-2.5665,155.34
471.97,308,848,0,12,-0.5000000000000004,0.8660254037844384,2.3785,483.2
63.97,74,919,0,10,-1.0,-1.8369701987210297e-16,2.9498,65.86
62.21,59,892,0,5,0.8660254037844387,-0.4999999999999998,3.7618,64.55
76.84,40,762,1,8,-0.4999999999999997,-0.8660254037844388,2.2643,78.58
256.79,298,1335,1,4,1.0,6.123233995736766e-17,3.4815,265.73
3667.14,43,761,0,3,0.8660254037844386,0.5000000000000001,-0.4735,3649.77
552.86,212,823,0,9,-0.8660254037844385,-0.5000000000000004,5.7594,584.71
215.51,365,810,1,3,0.8660254037844386,0.5000000000000001,2.554,221.02
327.74,234,346,0,5,0.8660254037844387,-0.4999999999999998,1.6696,333.22
187.51,150,1193,1,5,0.8660254037844387,-0.4999999999999998,3.6811,194.41
1086.77,75,1252,0,2,0.49999999999999994,0.8660254037844387,-0.2537,1084.01
471.61,0,736,2,10,-1.0,-1.8369701987210297e-16,-2.9245,457.82
277.2,56,719,0,9,-0.8660254037844385,-0.5000000000000004,2.5262,284.2
1476.92,348,1411,1,11,-0.8660254037844386,0.5000000000000001,1.5859,1500.34
247.37,52,345,0,7,1.2246467991473532e-16,-1.0,3.3303,255.61
2037.52,7,658,0,3,0.8660254037844386,0.5000000000000001,-0.0997,2035.49
696.27,298,548,1,4,1.0,6.123233995736766e-17,2.2915,712.22
115.18,153,709,1,5,0.8660254037844387,-0.4999999999999998,4.6704,120.55
100.3,130,817,1,12,-0.5000000000000004,0.8660254037844384,0.6558,100.96
202.08,262,1542,1,3,0.8660254037844386,0.5000000000000001,2.8139,207.76
2713.03,191,248,1,9,-0.8660254037844385,-0.5000000000000004,1.6924,2758.94
2274.49,334,930,2,2,0.49999999999999994,0.8660254037844387,0.828,2293.32
5000.0,171,1305,0,12,-0.5000000000000004,0.8660254037844384,-0.9809,4950.95
1293.87,260,491,2,8,-0.4999999999999997,-0.8660254037844388,0.8063,1304.31
3577.92,321,782,0,6,0.49999999999999994,-0.8660254037844387,7.1245,3832.83
200.44,169,271,0,5,0.8660254037844387,-0.4999999999999998,4.0005,208.46
954.98,104,1062,1,5,0.8660254037844387,-0.4999999999999998,2.0186,974.26
341.2,356,1085,0,3,0.8660254037844386,0.5000000000000001,5.7334,360.76
3053.3,83,969,0,8,-0.4999999999999997,-0.8660254037844388,7.8091,3291.73
5000.0,14,863,0,11,-0.8660254037844386,0.5000000000000001,-2.6769,4866.16
1843.87,211,1126,0,3,0.8660254037844386,0.5000000000000001,2.2084,1884.6
2031.38,361,1039,1,9,-0.8660254037844385,-0.5000000000000004,5.7599,2148.38
3253.13,31,937,0,7,1.2246467991473532e-16,-1.0,0.5758,3271.86
55.34,310,164,0,10,-1.0,-1.8369701987210297e-16,1.6479,56.26
326.24,303,76,0,10,-1.0,-1.8369701987210297e-16,4.666,341.47
1197.69,339,283,0,1,0.0,1.0,1.1584,1211.56
846.92,154,831,0,1,0.0,1.0,-0.2411,844.88
569.99,93,621,0,11,-0.8660254037844386,0.5000000000000001,-1.3947,562.04
268.04,187,657,1,2,0.49999999999999994,0.8660254037844387,1.6116,272.36
128.35,52,760,1,7,1.2246467991473532e-16,-1.0,1.6998,130.53
4811.48,308,1485,0,10,-1.0,-1.8369701987210297e-16,2.473,4930.46
1405.65,242,593,0,7,1.2246467991473532e-16,-1.0,3.5947,1456.18
830.82,176,691,0,1,0.0,1.0,0.3226,833.5
71.12,188,776,0,1,0.0,1.0,0.3567,71.37
93.95,260,1172,0,9,-0.8660254037844385,-0.5000000000000004,4.478,98.15
449.03,191,1567,2,11,-0.8660254037844386,0.5000000000000001,3.0582,462.76
112.44,307,1634,1,5,0.8660254037844387,-0.4999999999999998,5.9999,119.19
103.85,338,970,0,7,1.2246467991473532e-16,-1.0,7.3751,111.51
89.06,347,1433,0,12,-0.5000000000000004,0.8660254037844384,4.5818,93.14
209.58,226,1122,1,10,-1.0,-1.8369701987210297e-16,2.1831,214.15
53.02,271,1134,2,7,1.2246467991473532e-16,-1.0,6.3958,56.41
1561.1,113,857,0,8,-0.4999999999999997,-0.8660254037844388,4.5421,1632.0
792.44,13,834,1,12,-0.5000000000000004,0.8660254037844384,-2.8579,769.79
426.03,146,337,0,10,-1.0,-1.8369701987210297e-16,3.1391,439.4
4560.0,319,646,1,5,0.8660254037844387,-0.4999999999999998,4.2303,4752.9
491.72,48,925,0,9,-0.8660254037844385,-0.5000000000000004,3.3556,508.22
3187.27,199,1131,1,4,1.0,6.123233995736766e-17,4.9502,3345.04
91.72,70,275,0,12,-0.5000000000000004,0.8660254037844384,0.299,91.99
196.57,157,1214,0,2,0.49999999999999994,0.8660254037844387,0.705,197.95
250.8,52,1168,1,3,0.8660254037844386,0.5000000000000001,1.1145,253.6
5000.0,268,975,1,5,0.8660254037844387,-0.4999999999999998,3.8895,5194.47
3307.61,296,769,1,3,0.8660254037844386,0.5000000000000001,0.2579,3316.14
408.69,277,856,0,8,-0.4999999999999997,-0.8660254037844388,2.9608,420.8
2748.82,257,1053,1,9,-0.8660254037844385,-0.5000000000000004,3.8194,2853.81
136.46,86,668,0,11,-0.8660254037844386,0.5000000000000001,3.1042,140.7
940.15,194,1381,1,7,1.2246467991473532e-16,-1.0,6.2858,999.24
80.54,38,275,0,8,-0.4999999999999997,-0.8660254037844388,3.5773,83.42
662.09,137,588,0,8,-0.4999999999999997,-0.8660254037844388,6.49,705.06
127.01,185,623,0,1,0.0,1.0,1.9065,129.44
629.11,244,550,2,9,-0.8660254037844385,-0.5000000000000004,2.8292,646.91
267.54,35,240,1,1,0.0,1.0,-1.3439,263.95
823.75,297,1342,0,7,1.2246467991473532e-16,-1.0,5.2543,867.03
123.74,167,1410,1,12,-0.5000000000000004,0.8660254037844384,-0.1123,123.6
475.96,322,576,0,10,-1.0,-1.8369701987210297e-16,2.6595,488.62
181.08,193,432,0,7,1.2246467991473532e-16,-1.0,4.5395,189.3
88.26,200,636,0,4,1.0,6.123233995736766e-17,5.1767,92.83
591.06,253,1297,1,11,-0.8660254037844386,0.5000000000000001,0.3915,593.38
85.19,300,808,2,11,-0.8660254037844386,0.5000000000000001,1.2818,86.29
297.8,57,551,2,5,0.8660254037844387,-0.4999999999999998,2.8398,306.26
207.58,187,656,0,2,0.49999999999999994,0.8660254037844387,1.2924,210.26
653.95,10,916,0,7,1.2246467991473532e-16,-1.0,2.8202,672.4
479.54,173,942,1,8,-0.4999999999999997,-0.8660254037844388,3.9527,498.5
71.56,297,295,0,12,-0.5000000000000004,0.8660254037844384,5.2243,75.3
218.51,316,1447,1,11,-0.8660254037844386,0.5000000000000001,4.4218,228.17
697.49,103,1258,3,3,0.8660254037844386,0.5000000000000001,0.2463,699.2
2765.43,141,1093,0,4,1.0,6.123233995736766e-17,2.8083,2843.09
80.39,201,1439,0,12,-0.5000000000000004,0.8660254037844384,3.4037,83.13
75.23,144,1062,2,4,1.0,6.123233995736766e-17,5.4282,79.32
2165.49,65,1016,1,6,0.49999999999999994,-0.8660254037844387,2.2304,2213.79
286.59,111,1529,2,4,1.0,6.123233995736766e-17,2.3344,293.28
193.12,147,1390,1,5,0.8660254037844387,-0.4999999999999998,4.2322,201.29
170.32,189,1279,0,7,1.2246467991473532e-16,-1.0,7.5483,183.18
5000.0,336,1282,1,4,1.0,6.123233995736766e-17,6.1126,5305.63
410.5,199,316,1,5,0.8660254037844387,-0.4999999999999998,2.231,419.66
90.52,141,701,2,5,0.8660254037844387,-0.4999999999999998,3.9036,94.06
341.17,241,907,0,2,0.49999999999999994,0.8660254037844387,2.6522,350.22
156.99,282,692,0,10,-1.0,-1.8369701987210297e-16,2.4156,160.78
75.73,157,107,0,11,-0.8660254037844386,0.5000000000000001,2.9693,77.98
4136.23,179,434,0,6,0.49999999999999994,-0.8660254037844387,6.0319,4385.73
332.15,79,706,3,3,0.8660254037844386,0.5000000000000001,0.7459,334.63
1091.26,316,769,3,8,-0.4999999999999997,-0.8660254037844388,2.9549,1123.51
3839.21,317,1155,0,7,1.2246467991473532e-16,-1.0,3.9553,3991.06
129.99,64,1075,2,7,1.2246467991473532e-16,-1.0,4.6212,136.0
102.4,126,1197,0,8,-0.4999999999999997,-0.8660254037844388,3.8053,106.3
197.89,99,1415,1,9,-0.8660254037844385,-0.5000000000000004,2.2137,202.27
1722.27,337,1499,1,1,0.0,1.0,2.1171,1758.74
358.99,23,1478,1,2,0.49999999999999994,0.8660254037844387,0.7524,361.69
487.8,75,922,1,2,0.49999999999999994,0.8660254037844387,-0.5126,485.3
46.54,115,603,1,2,0.49999999999999994,0.8660254037844387,0.4424,46.75
40.0,204,349,2,12,-0.5000000000000004,0.8660254037844384,0.3653,40.15
349.19,91,953,0,9,-0.8660254037844385,-0.5000000000000004,2.3434,357.37
77.18,196,376,1,8,-0.4999999999999997,-0.8660254037844388,3.9417,80.22
1674.39,273,396,0,9,-0.8660254037844385,-0.5000000000000004,1.4238,1698.23
3575.12,303,400,0,1,0.0,1.0,2.0355,3647.89
3290.86,36,564,1,3,0.8660254037844386,0.5000000000000001,3.1828,3395.6
400.65,50,715,1,10,-1.0,-1.8369701987210297e-16,1.3435,406.03
167.96,34,755,2,6,0.49999999999999994,-0.8660254037844387,4.3636,175.28
473.8,333,811,0,7,1.2246467991473532e-16,-1.0,6.168,503.02
99.31,238,1438,0,10,-1.0,-1.8369701987210297e-16,2.7792,102.07
4463.1,194,985,0,1,0.0,1.0,4.2454,4652.58
1235.54,289,1219,2,10,-1.0,-1.8369701987210297e-16,1.6073,1255.4
157.15,214,707,3,9,-0.8660254037844385,-0.5000000000000004,4.5917,164.37
1462.77,86,603,2,5,0.8660254037844387,-0.4999999999999998,1.6569,1487.0
122.14,186,320,0,6,0.49999999999999994,-0.8660254037844387,6.6018,130.21
1937.87,257,1428,2,1,0.0,1.0,0.4431,1946.46
252.97,13,296,0,3,0.8660254037844386,0.5000000000000001,-2.0752,247.72
3506.33,221,1621,2,3,0.8660254037844386,0.5000000000000001,0.1654,3512.13
5000.0,181,1295,1,11,-0.8660254037844386,0.5000000000000001,4.833,5241.65
258.8,25,1252,0,2,0.49999999999999994,0.8660254037844387,0.8612,261.03
559.36,96,557,1,4,1.0,6.123233995736766e-17,4.6658,585.46
121.56,164,458,1,2,0.49999999999999994,0.8660254037844387,0.2781,121.9
1653.75,125,287,0,4,1.0,6.123233995736766e-17,2.3886,1693.25
590.8,106,1293,0,1,0.0,1.0,-1.1263,584.15
4878.09,237,838,1,4,1.0,6.123233995736766e-17,2.5335,5001.67
3280.8,147,1104,2,9,-0.8660254037844385,-0.5000000000000004,5.6844,3467.29
149.37,182,546,1,10,-1.0,-1.8369701987210297e-16,1.663,151.85
76.07,292,563,0,5,0.8660254037844387,-0.4999999999999998,4.4954,79.49
867.31,34,818,1,9,-0.8660254037844385,-0.5000000000000004,2.9869,893.21
245.76,131,1136,0,8,-0.4999999999999997,-0.8660254037844388,5.3437,258.9
188.51,26,1244,0,11,-0.8660254037844386,0.5000000000000001,4.1002,196.24
610.35,339,725,0,10,-1.0,-1.8369701987210297e-16,3.9968,634.74
541.44,67,531,0,3,0.8660254037844386,0.5000000000000001,0.7228,545.35
583.23,300,702,0,8,-0.4999999999999997,-0.8660254037844388,6.2652,619.77
152.43,69,299,0,10,-1.0,-1.8369701987210297e-16,0.147,152.66
72.65,118,144,0,4,1.0,6.123233995736766e-17,0.2442,72.83
97.73,222,538,1,7,1.2246467991473532e-16,-1.0,3.1936,100.85
1008.01,304,80,0,5,0.8660254037844387,-0.4999999999999998,-1.2816,995.09
309.2,65,95,0,4,1.0,6.123233995736766e-17,0.9254,312.06
365.65,78,392,0,3,0.8660254037844386,0.5000000000000001,-1.2556,361.06
5000.0,322,1593,1,1,0.0,1.0,0.7107,5035.54
2984.89,117,436,1,9,-0.8660254037844385,-0.5000000000000004,3.3259,3084.17
72.27,76,1059,0,10,-1.0,-1.8369701987210297e-16,1.698,73.5
1598.25,272,324,1,8,-0.4999999999999997,-0.8660254037844388,4.8791,1676.23
148.98,33,806,1,3,0.8660254037844386,0.5000000000000001,-1.8398,146.24
1579.27,317,1114,1,1,0.0,1.0,0.5263,1587.58
111.61,320,861,0,8,-0.4999999999999997,-0.8660254037844388,9.4447,122.15
111.63,313,1209,0,3,0.8660254037844386,0.5000000000000001,3.6534,115.7
3400.45,108,414,0,7,1.2246467991473532e-16,-1.0,5.1672,3576.16
761.6,41,1126,0,12,-0.5000000000000004,0.8660254037844384,3.5748,788.82
232.75,155,632,0,1,0.0,1.0,0.5495,234.03
3130.31,122,929,2,7,1.2246467991473532e-16,-1.0,1.9779,3192.22
165.88,351,510,0,12,-0.5000000000000004,0.8660254037844384,-0.2778,165.42
83.73,231,1496,0,5,0.8660254037844387,-0.4999999999999998,6.2204,88.94
386.18,345,1800,3,10,-1.0,-1.8369701987210297e-16,3.9419,401.4
1383.33,274,952,1,10,-1.0,-1.8369701987210297e-16,4.3106,1442.96
1243.55,261,1127,0,6,0.49999999999999994,-0.8660254037844387,7.629,1338.42
551.25,40,1598,2,4,1.0,6.123233995736766e-17,-0.6785,547.51
458.04,25,458,0,9,-0.8660254037844385,-0.5000000000000004,4.7478,479.79
516.63,17,519,0,8,-0.4999999999999997,-0.8660254037844388,2.1477,527.73
322.99,217,1154,0,6,0.49999999999999994,-0.8660254037844387,6.3982,343.66
60.9,73,458,0,3,0.8660254037844386,0.5000000000000001,1.2072,61.64
77.27,362,310,1,9,-0.8660254037844385,-0.5000000000000004,3.7993,80.21
1536.28,48,911,0,3,0.8660254037844386,0.5000000000000001,-1.3655,1515.3
1904.15,346,562,1,2,0.49999999999999994,0.8660254037844387,1.6665,1935.89
323.64,244,899,0,1,0.0,1.0,0.7168,325.96
185.17,38,525,2,6,0.49999999999999994,-0.8660254037844387,1.9065,188.7
825.83,21,741,0,2,0.49999999999999994,0.8660254037844387,-1.3094,815.02
47.09,144,709,2,5,0.8660254037844387,-0.4999999999999998,2.8048,48.41
711.14,124,814,0,3,0.8660254037844386,0.5000000000000001,-1.1337,703.07
353.41,115,496,2,6,0.49999999999999994,-0.8660254037844387,-1.8813,346.76
337.77,193,582,1,10,-1.0,-1.8369701987210297e-16,3.9314,351.05
59.17,47,1461,1,6,0.49999999999999994,-0.8660254037844387,5.7282,62.56
5000.0,47,1474,0,7,1.2246467991473532e-16,-1.0,-0.3733,4981.34
98.2,254,655,1,2,0.49999999999999994,0.8660254037844387,2.6381,100.79
88.3,362,1097,1,2,0.49999999999999994,0.8660254037844387,3.6387,91.51
279.47,100,753,1,12,-0.5000000000000004,0.8660254037844384,-1.6084,274.97
1532.45,341,417,1,8,-0.4999999999999997,-0.8660254037844388,5.913,1623.06
1431.38,126,498,2,1,0.0,1.0,0.298,1435.65
667.55,122,1782,3,7,1.2246467991473532e-16,-1.0,4.778,699.45
465.92,33,141,0,1,0.0,1.0,1.074,470.92
405.35,154,761,0,1,0.0,1.0,2.5947,415.87
44.26,182,364,0,5,0.8660254037844387,-0.4999999999999998,3.0447,45.61
211.69,242,1368,1,8,-0.4999999999999997,-0.8660254037844388,5.7539,223.87
242.4,57,594,3,8,-0.4999999999999997,-0.8660254037844388,2.511,248.49
681.47,69,884,0,10,-1.0,-1.8369701987210297e-16,4.3139,710.87
964.76,158,546,0,3,0.8660254037844386,0.5000000000000001,0.9753,974.17
5000.0,25,803,0,3,0.8660254037844386,0.5000000000000001,-1.2235,4938.82
420.62,52,315,0,7,1.2246467991473532e-16,-1.0,0.6482,423.35
894.25,230,527,3,11,-0.8660254037844386,0.5000000000000001,1.5026,907.69
3684.07,349,454,1,9,-0.8660254037844385,-0.5000000000000004,4.0897,3834.74
185.27,209,884,0,9,-0.8660254037844385,-0.5000000000000004,3.7915,192.3
441.06,53,987,0,2,0.49999999999999994,0.8660254037844387,1.5675,447.98
1784.23,362,1362,0,11,-0.8660254037844386,0.5000000000000001,3.0342,1838.37
855.51,191,1488,1,12,-0.5000000000000004,0.8660254037844384,-0.8229,848.47
3658.13,262,1205,1,7,1.2246467991473532e-16,-1.0,6.9905,3913.85
481.99,72,63,0,5,0.8660254037844387,-0.4999999999999998,-1.2323,476.05
4161.79,211,1069,0,8,-0.4999999999999997,-0.8660254037844388,5.0321,4371.22
115.72,27,1518,2,8,-0.4999999999999997,-0.8660254037844388,2.8534,119.02
2433.05,229,1249,1,12,-0.5000000000000004,0.8660254037844384,-1.3806,2399.46
147.73,74,1210,1,2,0.49999999999999994,0.8660254037844387,1.1773,149.46
66.74,332,1046,0,7,1.2246467991473532e-16,-1.0,6.3973,71.01
91.07,20,1454,3,9,-0.8660254037844385,-0.5000000000000004,4.1203,94.83
786.78,238,1039,1,5,0.8660254037844387,-0.4999999999999998,5.6746,831.43
218.02,51,1400,2,11,-0.8660254037844386,0.5000000000000001,0.7745,219.71
67.42,251,108,0,1,0.0,1.0,-2.3815,65.82
930.85,180,785,0,2,0.49999999999999994,0.8660254037844387,0.3786,934.37
366.94,354,231,0,10,-1.0,-1.8369701987210297e-16,2.8807,377.51
376.76,238,1794,2,2,0.49999999999999994,0.8660254037844387,3.242,388.98
797.18,136,1707,1,6,0.49999999999999994,-0.8660254037844387,4.4369,832.55
2192.43,31,275,0,4,1.0,6.123233995736766e-17,0.5074,2203.56
1702.55,218,1556,3,9,-0.8660254037844385,-0.5000000000000004,4.205,1774.15
492.58,161,982,2,1,0.0,1.0,2.5355,505.07
2553.16,19,1023,0,5,0.8660254037844387,-0.4999999999999998,4.1002,2657.84
3173.55,212,1212,1,12,-0.5000000000000004,0.8660254037844384,1.6901,3227.18
221.96,76,355,1,5,0.8660254037844387,-0.4999999999999998,1.8199,225.99
120.43,85,1368,0,8,-0.4999999999999997,-0.8660254037844388,5.6467,127.23
91.54,3,1169,1,12,-0.5000000000000004,0.8660254037844384,-0.5073,91.07
962.11,136,754,0,8,-0.4999999999999997,-0.8660254037844388,5.3795,1013.87
4578.07,79,1388,2,10,-1.0,-1.8369701987210297e-16,-0.1686,4570.35
73.29,26,1582,1,12,-0.5000000000000004,0.8660254037844384,1.5865,74.46
568.12,158,1349,2,8,-0.4999999999999997,-0.8660254037844388,3.9693,590.67
134.74,80,1204,1,10,-1.0,-1.8369701987210297e-16,3.0973,138.92
719.08,49,1321,0,7,1.2246467991473532e-16,-1.0,2.2062,734.94
3044.7,170,1063,0,10,-1.0,-1.8369701987210297e-16,2.3456,3116.12
1622.72,23,455,1,8,-0.4999999999999997,-0.8660254037844388,2.1292,1657.27
5000.0,362,1236,0,5,0.8660254037844387,-0.4999999999999998,5.0533,5252.67
603.67,172,1589,1,7,1.2246467991473532e-16,-1.0,1.3934,612.08
1245.12,364,1113,0,5,0.8660254037844387,-0.4999999999999998,3.7271,1291.53
2599.72,322,266,0,5,0.8660254037844387,-0.4999999999999998,4.3731,2713.41
1297.37,358,805,0,4,1.0,6.123233995736766e-17,6.513,1381.87
3275.84,198,196,1,6,0.49999999999999994,-0.8660254037844387,2.4716,3356.81
176.61,154,1169,0,5,0.8660254037844387,-0.4999999999999998,4.0781,183.81
116.51,263,1608,1,8,-0.4999999999999997,-0.8660254037844388,7.7054,125.49
68.64,29,97,0,5,0.8660254037844387,-0.4999999999999998,1.9869,70.01
2110.69,307,362,1,6,0.49999999999999994,-0.8660254037844387,5.2297,2221.07
78.63,118,1591,1,2,0.49999999999999994,0.8660254037844387,0.9801,79.4
2616.75,2,1373,1,5,0.8660254037844387,-0.4999999999999998,0.4057,2627.37
509.05,87,1243,0,5,0.8660254037844387,-0.4999999999999998,4.8782,533.88
1019.63,88,348,0,12,-0.5000000000000004,0.8660254037844384,0.4855,1024.58
1740.64,5,973,0,6,0.49999999999999994,-0.8660254037844387,1.8764,1773.3
418.23,244,1335,1,1,0.0,1.0,-0.0024,418.22
69.58,34,145,0,4,1.0,6.123233995736766e-17,-1.3688,68.62
857.94,309,930,2,9,-0.8660254037844385,-0.5000000000000004,1.695,872.48
4047.58,165,701,1,2,0.49999999999999994,0.8660254037844387,-0.9848,4007.72
54.9,262,833,0,2,0.49999999999999994,0.8660254037844387,3.4764,56.81
125.29,124,634,1,5,0.8660254037844387,-0.4999999999999998,0.979,126.52
2770.24,48,721,1,5,0.8660254037844387,-0.4999999999999998,-0.9366,2744.29
56.14,66,419,0,6,0.49999999999999994,-0.8660254037844387,4.4499,58.64
40.0,236,303,1,1,0.0,1.0,3.3989,41.36
3459.88,262,1512,3,9,-0.8660254037844385,-0.5000000000000004,4.52,3616.27
1937.14,97,974,0,3,0.8660254037844386,0.5000000000000001,-1.7208,1903.81
193.71,130,1320,0,9,-0.8660254037844385,-0.5000000000000004,5.1859,203.76
5000.0,345,1121,1,7,1.2246467991473532e-16,-1.0,6.9848,5349.24
1525.56,311,1037,0,3,0.8660254037844386,0.5000000000000001,2.3292,1561.09
75.18,151,631,1,6,0.49999999999999994,-0.8660254037844387,4.22,78.35
403.42,88,787,1,1,0.0,1.0,0.3347,404.77
2655.23,110,725,1,9,-0.8660254037844385,-0.5000000000000004,2.9734,2734.18
1431.58,197,1456,0,4,1.0,6.123233995736766e-17,3.8999,1487.42
741.88,207,732,0,5,0.8660254037844387,-0.4999999999999998,5.3087,781.26
429.63,67,1658,2,2,0.49999999999999994,0.8660254037844387,-0.0303,429.5
136.24,24,511,0,5,0.8660254037844387,-0.4999999999999998,1.5987,138.41
958.4,181,1042,0,5,0.8660254037844387,-0.4999999999999998,3.5153,992.09
84.54,291,444,0,3,0.8660254037844386,0.5000000000000001,2.1136,86.33
2038.1,55,623,0,12,-0.5000000000000004,0.8660254037844384,-1.3469,2010.65
155.79,149,1295,0,4,1.0,6.123233995736766e-17,4.696,163.11
93.31,59,1040,0,3,0.8660254037844386,0.5000000000000001,0.6848,93.95
69.64,88,981,1,7,1.2246467991473532e-16,-1.0,6.215,73.96
2139.38,224,774,1,4,1.0,6.123233995736766e-17,0.9487,2159.67
546.63,104,1661,2,6,0.49999999999999994,-0.8660254037844387,3.7271,567.01
245.49,96,430,2,9,-0.8660254037844385,-0.5000000000000004,3.2254,253.41
675.24,364,1280,0,1,0.0,1.0,3.6011,699.56
815.74,63,946,0,7,1.2246467991473532e-16,-1.0,1.1554,825.17
2770.55,69,751,2,1,0.0,1.0,-1.6101,2725.94
269.93,340,1061,0,1,0.0,1.0,2.0129,275.37
149.4,201,1487,0,2,0.49999999999999994,0.8660254037844387,0.6777,150.41
2609.98,15,553,0,2,0.49999999999999994,0.8660254037844387,-1.163,2579.62
444.99,155,795,1,5,0.8660254037844387,-0.4999999999999998,1.625,452.22
925.78,206,1398,0,12,-0.5000000000000004,0.8660254037844384,2.2087,946.23
90.59,92,546,0,11,-0.8660254037844386,0.5000000000000001,3.8289,94.06
3388.49,200,1288,0,2,0.49999999999999994,0.8660254037844387,1.8384,3450.78
4948.51,237,1465,1,12,-0.5000000000000004,0.8660254037844384,0.7528,4985.76
412.86,91,893,0,8,-0.4999999999999997,-0.8660254037844388,4.0669,429.65
40.0,297,268,1,7,1.2246467991473532e-16,-1.0,6.8334,42.73
40.0,165,132,0,10,-1.0,-1.8369701987210297e-16,2.2405,40.9
171.28,352,454,0,6,0.49999999999999994,-0.8660254037844387,5.618,180.9
340.84,32,70,0,4,1.0,6.123233995736766e-17,-0.9135,337.73
425.51,118,1155,0,7,1.2246467991473532e-16,-1.0,3.7062,441.28
756.53,263,976,0,9,-0.8660254037844385,-0.5000000000000004,6.284,804.07
152.9,327,864,2,9,-0.8660254037844385,-0.5000000000000004,4.1448,159.23
152.36,81,1229,0,3,0.8660254037844386,0.5000000000000001,2.9384,156.84
3625.35,358,379,2,12,-0.5000000000000004,0.8660254037844384,1.3163,3673.08
178.59,70,773,0,4,1.0,6.123233995736766e-17,1.1261,180.6
3735.1,152,537,0,10,-1.0,-1.8369701987210297e-16,0.7174,3761.89
530.7,115,259,1,4,1.0,6.123233995736766e-17,1.9221,540.9
65.41,155,848,1,1,0.0,1.0,1.4091,66.34
616.36,330,255,0,12,-0.5000000000000004,0.8660254037844384,1.4273,625.15
3595.71,268,111,0,8,-0.4999999999999997,-0.8660254037844388,4.5332,3758.72
2054.33,291,428,1,3,0.8660254037844386,0.5000000000000001,2.9174,2114.26
161.72,92,328,0,1,0.0,1.0,0.0201,161.75
80.33,346,1065,1,2,0.49999999999999994,0.8660254037844387,2.3405,82.21
492.8,159,1317,1,3,0.8660254037844386,0.5000000000000001,2.0193,502.75
74.97,238,752,0,12,-0.5000000000000004,0.8660254037844384,1.4608,76.07
216.4,255,1163,1,3,0.8660254037844386,0.5000000000000001,3.2333,223.39
2740.31,242,193,0,2,0.49999999999999994,0.8660254037844387,0.3576,2750.11
1194.63,220,1364,2,11,-0.8660254037844386,0.5000000000000001,0.1544,1196.48
2173.65,175,1453,3,11,-0.8660254037844386,0.5000000000000001,-0.3902,2165.17
602.38,237,842,1,3,0.8660254037844386,0.5000000000000001,1.6349,612.23
128.84,331,1709,3,8,-0.4999999999999997,-0.8660254037844388,6.5336,137.26
88.01,142,653,1,7,1.2246467991473532e-16,-1.0,3.4526,91.05
1699.89,186,684,0,7,1.2246467991473532e-16,-1.0,3.42,1758.03
454.69,65,1393,0,4,1.0,6.123233995736766e-17,1.9189,463.41
395.2,129,263,0,10,-1.0,-1.8369701987210297e-16,2.8125,406.32
111.93,282,804,0,11,-0.8660254037844386,0.5000000000000001,4.8369,117.34
277.09,234,1015,1,9,-0.8660254037844385,-0.5000000000000004,5.0454,291.07
99.49,77,1064,0,11,-0.8660254037844386,0.5000000000000001,3.1509,102.63
154.71,199,1467,1,2,0.49999999999999994,0.8660254037844387,3.7726,160.55
2855.61,297,545,0,8,-0.4999999999999997,-0.8660254037844388,5.1681,3003.19
1070.2,45,213,0,12,-0.5000000000000004,0.8660254037844384,-2.571,1042.68
2488.88,22,626,0,7,1.2246467991473532e-16,-1.0,2.3964,2548.52
2816.37,143,977,3,12,-0.5000000000000004,0.8660254037844384,-3.1262,2728.33
875.77,240,1104,0,5,0.8660254037844387,-0.4999999999999998,5.3667,922.77
207.83,114,870,0,11,-0.8660254037844386,0.5000000000000001,1.3904,210.72
562.58,300,1147,0,12,-0.5000000000000004,0.8660254037844384,2.9322,579.07
46.77,309,831,3,8,-0.4999999999999997,-0.8660254037844388,4.9157,49.07
2880.97,194,1434,0,9,-0.8660254037844385,-0.5000000000000004,3.554,2983.36
2603.91,138,1462,1,7,1.2246467991473532e-16,-1.0,4.3639,2717.54
657.08,15,1378,0,4,1.0,6.123233995736766e-17,1.293,665.58
319.08,300,1082,0,7,1.2246467991473532e-16,-1.0,5.8098,337.62
87.59,327,419,1,12,-0.5000000000000004,0.8660254037844384,0.52,88.05
52.73,161,322,1,1,0.0,1.0,0.9318,53.23
277.81,189,1518,1,3,0.8660254037844386,0.5000000000000001,0.647,279.6
4876.69,275,1312,0,6,0.49999999999999994,-0.8660254037844387,8.1287,5273.1
78.8,254,1636,3,5,0.8660254037844387,-0.4999999999999998,6.1317,83.64
4661.38,49,1144,1,8,-0.4999999999999997,-0.8660254037844388,0.1454,4668.16
706.17,246,1560,2,5,0.8660254037844387,-0.4999999999999998,4.8123,740.15
379.14,338,763,0,8,-0.4999999999999997,-0.8660254037844388,8.0938,409.83
67.24,274,281,0,2,0.49999999999999994,0.8660254037844387,1.2483,68.08
56.54,175,418,0,4,1.0,6.123233995736766e-17,3.8399,58.71
764.5,191,1443,1,9,-0.8660254037844385,-0.5000000000000004,3.7541,793.2
871.47,95,1086,1,6,0.49999999999999994,-0.8660254037844387,4.543,911.07
481.25,241,1497,0,9,-0.8660254037844385,-0.5000000000000004,4.5519,503.15
229.43,88,1353,0,8,-0.4999999999999997,-0.8660254037844388,6.3369,243.97
58.55,125,1150,0,4,1.0,6.123233995736766e-17,3.5306,60.61
119.88,97,101,0,6,0.49999999999999994,-0.8660254037844387,3.0513,123.53
1204.86,122,545,1,12,-0.5000000000000004,0.8660254037844384,0.5396,1211.36
766.83,134,591,0,12,-0.5000000000000004,0.8660254037844384,1.9228,781.58
71.61,30,97,0,1,0.0,1.0,-4.5224,68.37
2550.51,262,1407,0,9,-0.8660254037844385,-0.5000000000000004,0.361,2559.71
79.73,161,377,0,6,0.49999999999999994,-0.8660254037844387,5.3009,83.95
2174.82,347,1286,3,1,0.0,1.0,-0.4296,2165.48
591.5,66,1027,0,8,-0.4999999999999997,-0.8660254037844388,1.9429,602.99
1142.33,244,501,2,1,0.0,1.0,-0.8062,1133.12
79.57,65,1200,1,4,1.0,6.123233995736766e-17,6.8051,84.98
1189.83,200,272,1,9,-0.8660254037844385,-0.5000000000000004,0.5186,1196.0
1785.87,179,1358,0,10,-1.0,-1.8369701987210297e-16,4.4102,1864.63
126.17,164,1272,1,5,0.8660254037844387,-0.4999999999999998,3.3063,130.34
85.4,239,723,1,10,-1.0,-1.8369701987210297e-16,1.5695,86.74
1829.17,303,1064,0,11,-0.8660254037844386,0.5000000000000001,2.0577,1866.81
332.83,115,934,2,6,0.49999999999999994,-0.8660254037844387,1.3913,337.46
772.13,310,212,0,3,0.8660254037844386,0.5000000000000001,-0.2706,770.04
40.0,67,59,0,8,-0.4999999999999997,-0.8660254037844388,2.1642,40.87
93.51,107,364,0,1,0.0,1.0,-1.1803,92.41
1815.14,113,1190,1,11,-0.8660254037844386,0.5000000000000001,0.5488,1825.1
126.11,348,865,0,5,0.8660254037844387,-0.4999999999999998,6.5349,134.35
59.67,43,442,0,10,-1.0,-1.8369701987210297e-16,0.6868,60.08
120.91,144,1044,0,9,-0.8660254037844385,-0.5000000000000004,5.6974,127.79
2253.23,155,610,0,6,0.49999999999999994,-0.8660254037844387,2.8906,2318.36
192.47,292,273,0,12,-0.5000000000000004,0.8660254037844384,1.7747,195.88
694.42,177,1487,2,10,-1.0,-1.8369701987210297e-16,-0.9822,687.6
706.29,353,709,0,11,-0.8660254037844386,0.5000000000000001,3.4848,730.91
306.93,270,1270,2,2,0.49999999999999994,0.8660254037844387,5.0754,322.51
76.15,257,948,1,6,0.49999999999999994,-0.8660254037844387,7.0922,81.55
122.17,275,292,1,12,-0.5000000000000004,0.8660254037844384,1.1893,123.62
84.41,59,577,2,10,-1.0,-1.8369701987210297e-16,-0.6341,83.87
2628.39,164,191,0,6,0.49999999999999994,-0.8660254037844387,5.5867,2775.23
1294.91,214,446,1,1,0.0,1.0,-0.2924,1291.12
1922.75,76,371,0,4,1.0,6.123233995736766e-17,-0.118,1920.48
2764.29,43,1382,0,7,1.2246467991473532e-16,-1.0,2.495,2833.26
56.28,49,1185,0,8,-0.4999999999999997,-0.8660254037844388,7.6993,60.61
1977.75,288,1396,1,12,-0.5000000000000004,0.8660254037844384,1.4667,2006.76
480.66,240,969,1,2,0.49999999999999994,0.8660254037844387,2.3321,491.87
1640.71,102,514,0,5,0.8660254037844387,-0.4999999999999998,2.2155,1677.06
4265.19,269,787,1,4,1.0,6.123233995736766e-17,2.6033,4376.23
315.03,254,1308,0,12,-0.5000000000000004,0.8660254037844384,2.132,321.75
752.3,298,562,0,2,0.49999999999999994,0.8660254037844387,4.0842,783.03
216.22,333,965,0,3,0.8660254037844386,0.5000000000000001,4.1583,225.22
2519.37,322,326,1,4,1.0,6.123233995736766e-17,0.2734,2526.25
204.07,66,1474,0,2,0.49999999999999994,0.8660254037844387,1.7462,207.63
270.99,281,979,0,8,-0.4999999999999997,-0.8660254037844388,6.1737,287.72
4043.75,143,1451,0,7,1.2246467991473532e-16,-1.0,5.1783,4253.15
70.76,147,689,1,7,1.2246467991473532e-16,-1.0,4.4066,73.88
533.53,236,1095,1,11,-0.8660254037844386,0.5000000000000001,1.5759,541.94
636.21,220,443,0,6,0.49999999999999994,-0.8660254037844387,5.9892,674.32
723.16,153,845,1,4,1.0,6.123233995736766e-17,5.0713,759.83
78.44,365,717,1,5,0.8660254037844387,-0.4999999999999998,2.927,80.73
44.63,63,252,0,10,-1.0,-1.8369701987210297e-16,1.9248,45.49
327.4,35,688,0,7,1.2246467991473532e-16,-1.0,2.8788,336.83
449.65,10,1265,2,3,0.8660254037844386,0.5000000000000001,-2.0374,440.49
3214.52,298,273,0,9,-0.8660254037844385,-0.5000000000000004,0.4219,3228.08
1578.14,148,624,0,9,-0.8660254037844385,-0.5000000000000004,3.7463,1637.26
657.69,160,515,2,3,0.8660254037844386,0.5000000000000001,-0.4263,654.89
140.31,237,1109,1,7,1.2246467991473532e-16,-1.0,5.1756,147.57
2979.48,159,597,1,7,1.2246467991473532e-16,-1.0,5.3211,3138.02
90.85,210,297,1,3,0.8660254037844386,0.5000000000000001,1.0587,91.81
4197.61,21,792,0,1,0.0,1.0,-2.0687,4110.78
4954.47,57,1361,1,9,-0.8660254037844385,-0.5000000000000004,-0.0181,4953.57
5000.0,341,1488,0,8,-0.4999999999999997,-0.8660254037844388,4.6136,5230.68
236.52,164,1777,2,9,-0.8660254037844385,-0.5000000000000004,5.9256,250.53
72.63,61,297,0,5,0.8660254037844387,-0.4999999999999998,3.7287,75.34
759.56,135,349,0,7,1.2246467991473532e-16,-1.0,5.7875,803.52
433.92,122,1345,0,12,-0.5000000000000004,0.8660254037844384,0.1577,434.61
334.0,100,1177,1,3,0.8660254037844386,0.5000000000000001,1.9282,340.44
673.91,107,835,0,8,-0.4999999999999997,-0.8660254037844388,5.7395,712.59
1443.1,266,1296,1,2,0.49999999999999994,0.8660254037844387,2.405,1477.81
166.94,39,139,0,1,0.0,1.0,1.3814,169.25
238.74,113,852,0,12,-0.5000000000000004,0.8660254037844384,1.9129,243.31
924.62,171,1096,1,2,0.49999999999999994,0.8660254037844387,0.808,932.09
84.2,197,1406,0,8,-0.4999999999999997,-0.8660254037844388,2.6721,86.44
1296.43,322,876,1,7,1.2246467991473532e-16,-1.0,6.0985,1375.49
2121.44,337,1048,2,10,-1.0,-1.8369701987210297e-16,3.8775,2203.7
3615.91,108,1354,1,7,1.2246467991473532e-16,-1.0,5.3564,3809.59
1433.71,197,438,0,9,-0.8660254037844385,-0.5000000000000004,2.1576,1464.64
382.37,8,146,0,11,-0.8660254037844386,0.5000000000000001,-0.9857,378.6
3169.81,225,1179,2,10,-1.0,-1.8369701987210297e-16,-0.2856,3160.76
540.59,55,1170,1,9,-0.8660254037844385,-0.5000000000000004,0.1564,541.44
1969.96,26,893,1,2,0.49999999999999994,0.8660254037844387,-0.5701,1958.73
72.19,245,1073,0,3,0.8660254037844386,0.5000000000000001,5.6701,76.29
1156.53,65,516,1,6,0.49999999999999994,-0.8660254037844387,4.2869,1206.11
49.54,174,65,0,8,-0.4999999999999997,-0.8660254037844388,5.0443,52.04
65.24,36,1381,1,9,-0.8660254037844385,-0.5000000000000004,6.1799,69.27
624.26,272,1565,2,10,-1.0,-1.8369701987210297e-16,2.5552,640.21
94.19,279,1312,2,2,0.49999999999999994,0.8660254037844387,3.522,97.51
195.22,210,502,0,3,0.8660254037844386,0.5000000000000001,0.5394,196.28
1760.3,305,767,1,2,0.49999999999999994,0.8660254037844387,-3.3277,1701.73
630.26,159,743,0,7,1.2246467991473532e-16,-1.0,4.1626,656.49
1442.2,68,658,0,8,-0.4999999999999997,-0.8660254037844388,2.9577,1484.85
1670.8,55,550,1,2,0.49999999999999994,0.8660254037844387,-0.9766,1654.49
422.43,80,586,0,11,-0.8660254037844386,0.5000000000000001,0.7334,425.53
4368.94,73,478,0,4,1.0,6.123233995736766e-17,1.4645,4432.92
118.09,118,768,1,8,-0.4999999999999997,-0.8660254037844388,6.9685,126.32
65.89,78,698,1,10,-1.0,-1.8369701987210297e-16,3.2858,68.05
217.58,216,918,1,1,0.0,1.0,0.3757,218.4
2066.09,54,1219,0,11,-0.8660254037844386,0.5000000000000001,-3.1337,2001.34
71.17,227,753,1,12,-0.5000000000000004,0.8660254037844384,0.3719,71.44
313.46,122,129,0,12,-0.5000000000000004,0.8660254037844384,2.0453,319.87
842.65,251,1236,0,2,0.49999999999999994,0.8660254037844387,1.458,854.94
1740.53,187,316,0,5,0.8660254037844387,-0.4999999999999998,3.9749,1809.71
3244.29,331,1510,1,3,0.8660254037844386,0.5000000000000001,3.5854,3360.61
149.23,160,814,0,6,0.49999999999999994,-0.8660254037844387,5.2896,157.12
175.6,107,806,0,12,-0.5000000000000004,0.8660254037844384,1.1791,177.68
1112.07,215,790,2,10,-1.0,-1.8369701987210297e-16,0.9869,1123.04
3038.02,241,1246,2,10,-1.0,-1.8369701987210297e-16,5.6083,3208.4
115.83,160,1124,1,6,0.49999999999999994,-0.8660254037844387,3.6646,120.08
1880.22,204,1626,1,12,-0.5000000000000004,0.8660254037844384,2.6888,1930.78
112.34,172,387,2,12,-0.5000000000000004,0.8660254037844384,1.4286,113.94
90.41,111,406,1,10,-1.0,-1.8369701987210297e-16,2.9112,93.04
201.81,114,449,0,10,-1.0,-1.8369701987210297e-16,2.3067,206.47
1694.43,332,469,1,8,-0.4999999999999997,-0.8660254037844388,2.3518,1734.27
2050.12,247,1741,2,2,0.49999999999999994,0.8660254037844387,-0.9631,2030.38
361.13,34,361,1,4,1.0,6.123233995736766e-17,-0.7342,358.48
1062.3,352,221,0,10,-1.0,-1.8369701987210297e-16,3.8171,1102.85
301.25,260,808,2,4,1.0,6.123233995736766e-17,4.3646,314.4
115.15,18,619,1,3,0.8660254037844386,0.5000000000000001,0.5267,115.75
2280.07,266,527,0,12,-0.5000000000000004,0.8660254037844384,1.6265,2317.15
69.73,215,1473,3,6,0.49999999999999994,-0.8660254037844387,6.1661,74.03
3494.54,335,982,1,11,-0.8660254037844386,0.5000000000000001,-0.7085,3469.78
2417.02,179,1433,1,4,1.0,6.123233995736766e-17,-0.884,2395.65
1387.45,189,873,2,5,0.8660254037844387,-0.4999999999999998,0.4452,1393.62
884.73,115,1409,0,5,0.8660254037844387,-0.4999999999999998,5.1153,929.99
1773.46,117,414,1,5,0.8660254037844387,-0.4999999999999998,-1.1473,1753.11
44.06,226,328,0,6,0.49999999999999994,-0.8660254037844387,5.3221,46.4
763.72,302,946,2,4,1.0,6.123233995736766e-17,1.6528,776.34
125.57,325,389,2,10,-1.0,-1.8369701987210297e-16,3.3812,129.82
698.6,282,177,1,4,1.0,6.123233995736766e-17,2.0394,712.84
1061.6,223,684,1,6,0.49999999999999994,-0.8660254037844387,4.632,1110.77
137.75,183,1002,1,11,-0.8660254037844386,0.5000000000000001,1.8591,140.31
85.13,124,449,0,6,0.49999999999999994,-0.8660254037844387,5.6147,89.91
653.75,281,439,0,1,0.0,1.0,3.5855,677.19
3035.13,116,186,0,1,0.0,1.0,0.7898,3059.11
841.27,98,309,1,6,0.49999999999999994,-0.8660254037844387,1.9215,857.43
572.38,317,1429,1,8,-0.4999999999999997,-0.8660254037844388,4.5461,598.4
2927.37,215,238,1,12,-0.5000000000000004,0.8660254037844384,-0.1052,2924.29
2551.38,129,1067,0,2,0.49999999999999994,0.8660254037844387,3.6213,2643.78
1679.74,316,1147,1,7,1.2246467991473532e-16,-1.0,5.4654,1771.55
306.19,352,340,0,4,1.0,6.123233995736766e-17,5.3775,322.65
392.72,116,591,3,6,0.49999999999999994,-0.8660254037844387,3.5746,406.75
148.45,190,712,2,6,0.49999999999999994,-0.8660254037844387,5.4753,156.58
2467.3,176,1004,0,4,1.0,6.123233995736766e-17,4.7181,2583.71
140.24,256,304,1,1,0.0,1.0,-0.9587,138.89
1572.62,348,1232,0,1,0.0,1.0,0.994,1588.25
2668.84,200,541,0,7,1.2246467991473532e-16,-1.0,4.4831,2788.49
642.23,292,865,1,3,0.8660254037844386,0.5000000000000001,4.3972,670.47
126.74,217,1552,1,4,1.0,6.123233995736766e-17,5.8294,134.13
41.34,324,238,0,2,0.49999999999999994,0.8660254037844387,2.4045,42.34
1453.88,148,1424,0,1,0.0,1.0,2.3652,1488.26
146.71,141,939,0,2,0.49999999999999994,0.8660254037844387,1.2259,148.51
54.5,154,666,0,5,0.8660254037844387,-0.4999999999999998,3.3279,56.32
176.99,364,149,0,2,0.49999999999999994,0.8660254037844387,0.3415,177.59
544.94,223,143,0,3,0.8660254037844386,0.5000000000000001,1.2361,551.68
770.72,55,1496,2,4,1.0,6.123233995736766e-17,0.3713,773.58
98.34,14,630,0,4,1.0,6.123233995736766e-17,3.1275,101.41
954.34,189,1153,0,1,0.0,1.0,2.1677,975.03
397.79,294,1258,0,2,0.49999999999999994,0.8660254037844387,3.0311,409.84
425.62,175,630,0,12,-0.5000000000000004,0.8660254037844384,1.4277,431.7
2743.04,205,698,1,9,-0.8660254037844385,-0.5000000000000004,2.4829,2811.14
59.0,292,436,0,2,0.49999999999999994,0.8660254037844387,-0.0772,58.96
622.12,188,971,0,4,1.0,6.123233995736766e-17,1.6325,632.28
126.34,332,1424,2,5,0.8660254037844387,-0.4999999999999998,6.4535,134.49
103.42,233,672,1,11,-0.8660254037844386,0.5000000000000001,2.3789,105.88
882.84,267,870,0,11,-0.8660254037844386,0.5000000000000001,0.8364,890.22
1148.98,286,830,0,10,-1.0,-1.8369701987210297e-16,5.8465,1216.15
686.11,229,440,1,2,0.49999999999999994,0.8660254037844387,3.1623,707.8
3927.97,18,1010,1,6,0.49999999999999994,-0.8660254037844387,3.754,4075.43
2357.71,156,1404,2,6,0.49999999999999994,-0.8660254037844387,3.9779,2451.5
155.6,51,1445,0,8,-0.4999999999999997,-0.8660254037844388,4.9329,163.27
883.2,186,683,1,11,-0.8660254037844386,0.5000000000000001,1.2443,894.19
745.99,52,392,0,4,1.0,6.123233995736766e-17,1.2278,755.15
1248.49,186,1346,0,7,1.2246467991473532e-16,-1.0,6.2021,1325.92
458.32,125,1546,1,4,1.0,6.123233995736766e-17,3.6556,475.07
5000.0,7,1413,1,3,0.8660254037844386,0.5000000000000001,-0.2114,4989.43
381.24,45,533,0,4,1.0,6.123233995736766e-17,-3.4097,368.25
1702.24,184,446,0,9,-0.8660254037844385,-0.5000000000000004,4.9217,1786.02
517.93,28,1178,1,6,0.49999999999999994,-0.8660254037844387,3.2188,534.6
1662.08,313,416,0,9,-0.8660254037844385,-0.5000000000000004,2.1636,1698.04
358.3,277,1165,0,9,-0.8660254037844385,-0.5000000000000004,5.8617,379.3
44.65,259,624,0,5,0.8660254037844387,-0.4999999999999998,5.8892,47.28
449.63,62,521,0,12,-0.5000000000000004,0.8660254037844384,-2.4536,438.6
738.54,291,1291,1,1,0.0,1.0,0.7818,744.32
74.65,232,562,0,11,-0.8660254037844386,0.5000000000000001,1.3926,75.69
849.3,142,235,0,1,0.0,1.0,-1.8126,833.9
3133.94,0,1295,1,5,0.8660254037844387,-0.4999999999999998,1.6812,3186.63
2543.2,193,505,0,10,-1.0,-1.8369701987210297e-16,1.3589,2577.76
313.57,291,1154,1,9,-0.8660254037844385,-0.5000000000000004,5.2744,330.11
361.13,12,1004,0,4,1.0,6.123233995736766e-17,2.6607,370.74
2111.34,19,308,1,11,-0.8660254037844386,0.5000000000000001,-2.3643,2061.43
3990.3,140,262,1,2,0.49999999999999994,0.8660254037844387,0.08,3993.5
74.93,187,1444,1,9,-0.8660254037844385,-0.5000000000000004,6.8415,80.06
46.22,173,126,0,7,1.2246467991473532e-16,-1.0,6.0216,49.0
57.53,155,719,1,3,0.8660254037844386,0.5000000000000001,2.9505,59.23
496.04,93,1308,1,12,-0.5000000000000004,0.8660254037844384,1.7009,504.48
1547.75,21,303,0,10,-1.0,-1.8369701987210297e-16,0.5943,1556.95
74.87,11,805,0,1,0.0,1.0,1.1223,75.71
938.78,36,213,0,2,0.49999999999999994,0.8660254037844387,-3.211,908.64
110.24,252,856,0,1,0.0,1.0,2.4586,112.95
62.7,287,1083,0,5,0.8660254037844387,-0.4999999999999998,6.7172,66.91
666.68,159,575,2,6,0.49999999999999994,-0.8660254037844387,3.0112,686.75
739.82,28,944,3,9,-0.8660254037844385,-0.5000000000000004,4.4032,772.4
184.39,152,819,0,9,-0.8660254037844385,-0.5000000000000004,4.2145,192.17
276.22,360,1677,2,1,0.0,1.0,-0.4379,275.01
261.29,91,957,1,6,0.49999999999999994,-0.8660254037844387,4.0737,271.93
4294.23,179,1066,0,10,-1.0,-1.8369701987210297e-16,4.0375,4467.61
2716.07,196,867,2,11,-0.8660254037844386,0.5000000000000001,-0.6613,2698.11
454.53,120,360,1,4,1.0,6.123233995736766e-17,1.3368,460.6
5000.0,160,1683,1,1,0.0,1.0,0.0725,5003.63
874.99,172,1204,0,2,0.49999999999999994,0.8660254037844387,1.4102,887.33
55.44,173,116,0,5,0.8660254037844387,-0.4999999999999998,2.821,57.0
453.32,262,868,2,6,0.49999999999999994,-0.8660254037844387,6.2814,481.79
3074.8,212,649,0,5,0.8660254037844387,-0.4999999999999998,6.9285,3287.84
806.29,19,163,0,2,0.49999999999999994,0.8660254037844387,-3.0325,781.84
5000.0,2,1293,0,5,0.8660254037844387,-0.4999999999999998,-0.4563,4977.18
465.36,150,296,0,4,1.0,6.123233995736766e-17,1.4985,472.34
2885.94,332,345,0,6,0.49999999999999994,-0.8660254037844387,6.9146,3085.49
1652.5,13,804,2,1,0.0,1.0,-2.9042,1604.51
2927.75,26,1406,0,10,-1.0,-1.8369701987210297e-16,1.7349,2978.54
4324.18,248,575,2,6,0.49999999999999994,-0.8660254037844387,1.9728,4409.49
194.39,165,829,1,4,1.0,6.123233995736766e-17,5.6939,205.46
1024.58,84,1038,0,11,-0.8660254037844386,0.5000000000000001,0.7136,1031.89
125.77,75,273,0,9,-0.8660254037844385,-0.5000000000000004,3.2121,129.81
2001.97,243,174,0,2,0.49999999999999994,0.8660254037844387,-0.7985,1985.99
598.44,191,444,2,2,0.49999999999999994,0.8660254037844387,-1.5731,589.02
88.19,233,402,1,1,0.0,1.0,1.1222,89.18
310.18,102,521,0,7,1.2246467991473532e-16,-1.0,4.4634,324.02
142.39,192,1680,2,5,0.8660254037844387,-0.4999999999999998,5.4472,150.14
519.93,314,1514,1,5,0.8660254037844387,-0.4999999999999998,2.6246,533.58
71.35,115,873,0,7,1.2246467991473532e-16,-1.0,3.983,74.19
5000.0,145,1560,1,7,1.2246467991473532e-16,-1.0,2.9921,5149.6
602.32,59,274,1,1,0.0,1.0,-1.4659,593.49
5000.0,233,1105,1,2,0.49999999999999994,0.8660254037844387,-0.7525,4962.38
104.11,11,691,0,10,-1.0,-1.8369701987210297e-16,1.4939,105.66
223.3,91,217,0,12,-0.5000000000000004,0.8660254037844384,-0.9639,221.14
3983.91,260,850,0,11,-0.8660254037844386,0.5000000000000001,2.1077,4067.88
1212.77,7,709,0,11,-0.8660254037844386,0.5000000000000001,-1.6516,1192.74
76.73,362,1156,0,6,0.49999999999999994,-0.8660254037844387,5.9139,81.27
2939.76,147,763,1,10,-1.0,-1.8369701987210297e-16,2.0835,3001.01
110.71,145,669,0,11,-0.8660254037844386,0.5000000000000001,4.0442,115.19
136.44,196,381,0,11,-0.8660254037844386,0.5000000000000001,3.4917,141.2
1552.22,233,951,1,2,0.49999999999999994,0.8660254037844387,2.7205,1594.44
1007.03,168,155,0,2,0.49999999999999994,0.8660254037844387,1.7853,1025.01
1118.23,323,869,0,5,0.8660254037844387,-0.4999999999999998,4.8895,1172.91
46.21,352,746,1,7,1.2246467991473532e-16,-1.0,9.5296,50.61
129.84,73,573,2,12,-0.5000000000000004,0.8660254037844384,0.5889,130.6
222.9,258,586,0,4,1.0,6.123233995736766e-17,2.5929,228.68
396.75,110,1655,2,10,-1.0,-1.8369701987210297e-16,0.9221,400.41
72.76,364,1189,2,11,-0.8660254037844386,0.5000000000000001,3.763,75.5
1412.23,92,1429,1,12,-0.5000000000000004,0.8660254037844384,1.2763,1430.25
2883.52,107,834,3,3,0.8660254037844386,0.5000000000000001,-1.2105,2848.61
4752.92,261,618,0,3,0.8660254037844386,0.5000000000000001,0.522,4777.72
1441.99,288,64,0,3,0.8660254037844386,0.5000000000000001,2.58,1479.19
140.77,47,1216,1,9,-0.8660254037844385,-0.5000000000000004,1.4001,142.74
374.55,203,74,0,9,-0.8660254037844385,-0.5000000000000004,3.8075,388.81
4624.49,126,1460,0,5,0.8660254037844387,-0.4999999999999998,3.4869,4785.74
72.48,223,1046,0,2,0.49999999999999994,0.8660254037844387,0.8235,73.08
136.53,203,722,0,7,1.2246467991473532e-16,-1.0,8.6042,148.28
182.05,360,1007,0,9,-0.8660254037844385,-0.5000000000000004,6.4103,193.72
1100.17,341,1491,0,6,0.49999999999999994,-0.8660254037844387,4.5403,1150.13
4029.91,239,959,3,4,1.0,6.123233995736766e-17,1.5167,4091.03
533.6,248,1131,0,8,-0.4999999999999997,-0.8660254037844388,3.243,550.91
862.23,328,1531,1,8,-0.4999999999999997,-0.8660254037844388,6.2793,916.37
1025.83,67,898,0,8,-0.4999999999999997,-0.8660254037844388,4.8539,1075.63
2911.58,265,1009,0,11,-0.8660254037844386,0.5000000000000001,6.5933,3103.55
199.13,282,1199,2,4,1.0,6.123233995736766e-17,3.8287,206.75
719.73,46,269,0,8,-0.4999999999999997,-0.8660254037844388,1.4133,729.9
4858.75,322,1473,0,11,-0.8660254037844386,0.5000000000000001,3.4134,5024.6
3723.29,255,700,1,3,0.8660254037844386,0.5000000000000001,3.6472,3859.08
268.84,127,606,0,4,1.0,6.123233995736766e-17,3.5447,278.37
103.83,177,1462,0,1,0.0,1.0,3.5133,107.48
2715.73,179,275,2,5,0.8660254037844387,-0.4999999999999998,2.6401,2787.43
3466.82,336,638,0,1,0.0,1.0,2.3818,3549.39
77.99,354,966,1,9,-0.8660254037844385,-0.5000000000000004,3.8134,80.96
58.41,295,389,0,2,0.49999999999999994,0.8660254037844387,0.338,58.61
125.63,238,1020,0,9,-0.8660254037844385,-0.5000000000000004,3.202,129.65
1022.05,38,808,0,7,1.2246467991473532e-16,-1.0,1.528,1037.67
177.82,334,618,1,12,-0.5000000000000004,0.8660254037844384,0.7845,179.22
120.9,49,344,0,5,0.8660254037844387,-0.4999999999999998,5.4326,127.46
1997.48,61,886,2,5,0.8660254037844387,-0.4999999999999998,0.2538,2002.55
181.04,25,1380,1,3,0.8660254037844386,0.5000000000000001,0.8443,182.57
4493.56,346,908,1,7,1.2246467991473532e-16,-1.0,5.0461,4720.31
444.27,180,1201,0,3,0.8660254037844386,0.5000000000000001,2.9424,457.34
396.6,86,1207,1,2,0.49999999999999994,0.8660254037844387,0.5242,398.67
4915.83,29,1370,1,12,-0.5000000000000004,0.8660254037844384,-3.0524,4765.78
101.9,150,1289,0,9,-0.8660254037844385,-0.5000000000000004,5.8655,107.88
93.63,264,1357,2,2,0.49999999999999994,0.8660254037844387,1.0504,94.62
336.21,364,569,0,8,-0.4999999999999997,-0.8660254037844388,5.2636,353.91
864.74,202,1337,2,4,1.0,6.123233995736766e-17,1.8945,881.12
669.04,222,1700,2,3,0.8660254037844386,0.5000000000000001,2.9281,688.63
3840.57,305,512,0,6,0.49999999999999994,-0.8660254037844387,3.9512,3992.32
5000.0,330,754,0,10,-1.0,-1.8369701987210297e-16,3.8463,5192.32
70.93,102,1324,0,1,0.0,1.0,2.1477,72.45
109.86,363,914,0,5,0.8660254037844387,-0.4999999999999998,6.8567,117.39
547.79,190,488,1,12,-0.5000000000000004,0.8660254037844384,0.7914,552.12
3831.23,340,555,0,5,0.8660254037844387,-0.4999999999999998,2.3905,3922.82
152.1,42,512,1,2,0.49999999999999994,0.8660254037844387,-0.3348,151.59
260.63,35,902,2,6,0.49999999999999994,-0.8660254037844387,1.22,263.81
175.8,323,1754,3,9,-0.8660254037844385,-0.5000000000000004,1.9136,179.16
5000.0,246,1267,0,12,-0.5000000000000004,0.8660254037844384,1.0287,5051.44
123.76,64,1800,3,8,-0.4999999999999997,-0.8660254037844388,2.209,126.49
783.87,327,1124,0,1,0.0,1.0,6.9572,838.4
53.14,37,784,0,10,-1.0,-1.8369701987210297e-16,3.8214,55.17
893.22,249,1005,0,10,-1.0,-1.8369701987210297e-16,4.9508,937.45
301.57,75,861,1,8,-0.4999999999999997,-0.8660254037844388,3.0302,310.71
492.87,25,104,0,11,-0.8660254037844386,0.5000000000000001,-1.0531,487.68
53.03,295,215,0,10,-1.0,-1.8369701987210297e-16,7.7794,57.16
75.4,310,852,0,3,0.8660254037844386,0.5000000000000001,3.1344,77.76
80.64,38,1235,2,6,0.49999999999999994,-0.8660254037844387,3.5813,83.53
2217.51,34,636,1,7,1.2246467991473532e-16,-1.0,4.9263,2326.75
1111.93,224,294,1,6,0.49999999999999994,-0.8660254037844387,2.4373,1139.03
68.93,10,358,1,8,-0.4999999999999997,-0.8660254037844388,2.4323,70.61
187.03,273,502,0,9,-0.8660254037844385,-0.5000000000000004,5.0238,196.43
455.32,335,1298,0,2,0.49999999999999994,0.8660254037844387,1.8669,463.82
71.83,274,654,0,7,1.2246467991473532e-16,-1.0,7.7153,77.37
3235.56,84,1462,0,1,0.0,1.0,-1.6705,3181.51
327.3,69,1604,2,7,1.2246467991473532e-16,-1.0,4.7012,342.69
1373.43,249,1294,0,6,0.49999999999999994,-0.8660254037844387,6.1239,1457.54
1274.61,22,1601,1,3,0.8660254037844386,0.5000000000000001,1.1105,1288.76
3148.65,196,585,1,12,-0.5000000000000004,0.8660254037844384,-0.1965,3142.46
2038.05,164,1731,2,4,1.0,6.123233995736766e-17,2.3506,2085.95
70.36,272,1390,0,1,0.0,1.0,4.6591,73.64
117.42,74,1468,2,5,0.8660254037844387,-0.4999999999999998,0.8435,118.41
325.56,279,474,1,10,-1.0,-1.8369701987210297e-16,1.3944,330.1
64.15,255,467,0,1,0.0,1.0,2.9554,66.04
326.1,87,1069,1,6,0.49999999999999994,-0.8660254037844387,5.157,342.92
3460.27,130,111,0,6,0.49999999999999994,-0.8660254037844387,2.8215,3557.9
148.66,24,1334,1,11,-0.8660254037844386,0.5000000000000001,2.107,151.8
1304.1,164,835,1,1,0.0,1.0,-0.4255,1298.55
114.95,95,154,1,1,0.0,1.0,1.1742,116.3
51.2,41,768,2,7,1.2246467991473532e-16,-1.0,3.0935,52.78
70.41,204,704,1,3,0.8660254037844386,0.5000000000000001,1.2845,71.31
84.87,207,998,0,9,-0.8660254037844385,-0.5000000000000004,7.5108,91.25
206.98,31,921,0,4,1.0,6.123233995736766e-17,3.3479,213.91
4090.84,67,781,2,7,1.2246467991473532e-16,-1.0,1.4716,4151.04
971.79,30,1099,1,1,0.0,1.0,-1.7783,954.51
111.28,248,1783,2,9,-0.8660254037844385,-0.5000000000000004,5.6019,117.51
60.03,123,554,0,7,1.2246467991473532e-16,-1.0,3.5572,62.17
4290.25,26,589,0,1,0.0,1.0,-1.0778,4244.01
91.68,70,618,2,4,1.0,6.123233995736766e-17,1.0497,92.64
166.74,357,821,1,1,0.0,1.0,2.9396,171.64
2192.3,93,458,0,1,0.0,1.0,-3.7973,2109.05
756.02,250,1150,0,9,-0.8660254037844385,-0.5000000000000004,3.5913,783.17
106.76,171,389,2,6,0.49999999999999994,-0.8660254037844387,4.033,111.06
1212.82,66,1139,1,10,-1.0,-1.8369701987210297e-16,2.9042,1248.05
320.2,112,1169,0,4,1.0,6.123233995736766e-17,2.9385,329.6
628.65,5,416,0,9,-0.8660254037844385,-0.5000000000000004,2.3203,643.24
55.06,273,143,0,8,-0.4999999999999997,-0.8660254037844388,3.1254,56.78
3360.54,122,1030,0,8,-0.4999999999999997,-0.8660254037844388,3.3058,3471.64
832.83,182,901,0,10,-1.0,-1.8369701987210297e-16,3.5628,862.5
50.3,55,864,0,9,-0.8660254037844385,-0.5000000000000004,3.6269,52.12
836.36,301,1507,1,9,-0.8660254037844385,-0.5000000000000004,5.9574,886.19
198.61,79,196,0,9,-0.8660254037844385,-0.5000000000000004,2.2122,203.0
2828.63,207,446,1,6,0.49999999999999994,-0.8660254037844387,3.0432,2914.71
89.46,319,725,0,9,-0.8660254037844385,-0.5000000000000004,6.9501,95.68
238.23,261,863,0,11,-0.8660254037844386,0.5000000000000001,2.5984,244.42
2206.64,220,1382,0,9,-0.8660254037844385,-0.5000000000000004,3.0341,2273.59
147.47,325,945,0,8,-0.4999999999999997,-0.8660254037844388,7.5771,158.64
169.87,64,416,1,1,0.0,1.0,-2.1505,166.22
2238.01,352,1585,2,6,0.49999999999999994,-0.8660254037844387,7.1179,2397.31
1337.33,203,809,1,1,0.0,1.0,-2.3309,1306.16
311.97,150,1372,1,2,0.49999999999999994,0.8660254037844387,0.8287,314.56
407.26,93,834,2,5,0.8660254037844387,-0.4999999999999998,4.7835,426.75
771.36,272,1358,1,6,0.49999999999999994,-0.8660254037844387,8.2916,835.32
3271.45,357,971,1,7,1.2246467991473532e-16,-1.0,5.4498,3449.74
1124.86,252,976,1,11,-0.8660254037844386,0.5000000000000001,3.7323,1166.84
1006.06,11,1464,0,10,-1.0,-1.8369701987210297e-16,2.3662,1029.87
1721.86,171,269,0,6,0.49999999999999994,-0.8660254037844387,2.7157,1768.62
185.48,268,695,1,5,0.8660254037844387,-0.4999999999999998,5.4445,195.58
319.01,145,441,1,9,-0.8660254037844385,-0.5000000000000004,1.6965,324.42
1463.43,282,1257,0,4,1.0,6.123233995736766e-17,1.633,1487.33
383.36,258,1493,2,11,-0.8660254037844386,0.5000000000000001,3.0353,395.0
550.58,24,1265,0,10,-1.0,-1.8369701987210297e-16,2.5633,564.69
90.38,204,607,1,9,-0.8660254037844385,-0.5000000000000004,2.4818,92.62
749.48,62,684,2,3,0.8660254037844386,0.5000000000000001,-0.7697,743.72
917.39,178,630,0,8,-0.4999999999999997,-0.8660254037844388,2.6601,941.79
3309.09,140,1553,2,10,-1.0,-1.8369701987210297e-16,0.7287,3333.21
84.04,295,1324,1,1,0.0,1.0,1.9997,85.72
4290.81,317,1592,1,3,0.8660254037844386,0.5000000000000001,3.6083,4445.63
81.98,168,1369,2,7,1.2246467991473532e-16,-1.0,4.2534,85.46
2080.92,196,1608,1,5,0.8660254037844387,-0.4999999999999998,1.7485,2117.31
656.32,229,432,0,9,-0.8660254037844385,-0.5000000000000004,6.5277,699.16
341.33,239,1012,1,5,0.8660254037844387,-0.4999999999999998,5.3341,359.53
3795.05,232,821,0,12,-0.5000000000000004,0.8660254037844384,2.6671,3896.27
322.26,286,265,0,4,1.0,6.123233995736766e-17,4.3652,336.32
67.96,359,1423,0,5,0.8660254037844387,-0.4999999999999998,8.1968,73.53
425.04,303,218,0,1,0.0,1.0,2.0064,433.57
714.29,49,1409,1,3,0.8660254037844386,0.5000000000000001,1.1248,722.33
1436.54,174,721,2,3,0.8660254037844386,0.5000000000000001,0.6229,1445.49
214.94,168,649,3,10,-1.0,-1.8369701987210297e-16,0.9021,216.88
71.46,186,920,0,5,0.8660254037844387,-0.4999999999999998,6.4781,76.09
247.56,193,875,1,3,0.8660254037844386,0.5000000000000001,1.8308,252.1
797.16,262,811,1,4,1.0,6.123233995736766e-17,3.3234,823.65
775.7,154,1360,0,7,1.2246467991473532e-16,-1.0,5.7275,820.13
2872.14,96,1139,1,10,-1.0,-1.8369701987210297e-16,2.1361,2933.49
181.36,167,931,0,12,-0.5000000000000004,0.8660254037844384,0.5125,182.29
818.01,312,1422,2,1,0.0,1.0,1.5928,831.04
5000.0,113,1214,0,11,-0.8660254037844386,0.5000000000000001,-0.3252,4983.74
173.15,7,450,1,5,0.8660254037844387,-0.4999999999999998,1.6397,175.99
362.68,357,913,2,10,-1.0,-1.8369701987210297e-16,4.9532,380.64
5000.0,71,1484,1,1,0.0,1.0,1.8955,5094.77
111.95,220,1230,0,8,-0.4999999999999997,-0.8660254037844388,7.1603,119.96
520.41,292,133,0,12,-0.5000000000000004,0.8660254037844384,2.569,533.78
254.3,100,913,3,1,0.0,1.0,-2.4975,247.95
50.49,124,430,0,10,-1.0,-1.8369701987210297e-16,3.6576,52.33
1738.89,102,792,0,2,0.49999999999999994,0.8660254037844387,-1.4632,1713.45
138.91,54,1486,3,12,-0.5000000000000004,0.8660254037844384,1.1262,140.48
3326.3,55,964,1,9,-0.8660254037844385,-0.5000000000000004,0.2053,3333.13
275.35,68,393,1,11,-0.8660254037844386,0.5000000000000001,-1.3555,271.61
97.25,167,856,0,11,-0.8660254037844386,0.5000000000000001,3.9907,101.13
125.6,194,365,0,4,1.0,6.123233995736766e-17,5.7632,132.84
2815.34,5,1270,1,5,0.8660254037844387,-0.4999999999999998,2.6677,2890.45
358.38,309,1465,0,9,-0.8660254037844385,-0.5000000000000004,5.3745,377.64
172.09,247,965,0,3,0.8660254037844386,0.5000000000000001,2.0264,175.58
192.69,25,1373,0,4,1.0,6.123233995736766e-17,1.6287,195.82
806.93,308,1075,1,2,0.49999999999999994,0.8660254037844387,2.1889,824.59
190.24,11,1228,0,11,-0.8660254037844386,0.5000000000000001,0.8228,191.8
5000.0,205,1800,2,3,0.8660254037844386,0.5000000000000001,-0.5427,4972.86
47.93,170,298,0,5,0.8660254037844387,-0.4999999999999998,5.9727,50.79
109.15,183,1014,0,6,0.49999999999999994,-0.8660254037844387,7.818,117.68
340.18,349,838,2,5,0.8660254037844387,-0.4999999999999998,7.5082,365.72
99.59,339,424,2,10,-1.0,-1.8369701987210297e-16,0.8825,100.47
1634.62,102,553,1,11,-0.8660254037844386,0.5000000000000001,-1.2199,1614.68
2947.68,212,512,2,7,1.2246467991473532e-16,-1.0,3.6212,3054.42
653.74,351,320,0,11,-0.8660254037844386,0.5000000000000001,2.6855,671.29
1867.62,266,54,0,2,0.49999999999999994,0.8660254037844387,-0.2784,1862.42
2681.95,324,1457,0,12,-0.5000000000000004,0.8660254037844384,1.1792,2713.57
96.71,159,686,0,2,0.49999999999999994,0.8660254037844387,0.3357,97.04
57.01,103,453,1,1,0.0,1.0,3.0975,58.78
843.18,186,651,1,1,0.0,1.0,-1.8874,827.26
5000.0,299,1132,0,3,0.8660254037844386,0.5000000000000001,0.4782,5023.91
2609.08,339,965,0,11,-0.8660254037844386,0.5000000000000001,1.3074,2643.19
641.15,251,383,3,4,1.0,6.123233995736766e-17,1.5387,651.02
63.68,258,364,1,10,-1.0,-1.8369701987210297e-16,2.8945,65.52
1936.5,187,836,0,6,0.49999999999999994,-0.8660254037844387,5.1606,2036.43
1538.86,116,1457,0,2,0.49999999999999994,0.8660254037844387,-0.2616,1534.84
2878.08,154,148,0,6,0.49999999999999994,-0.8660254037844387,3.0811,2966.76
1653.98,182,1300,0,3,0.8660254037844386,0.5000000000000001,2.2414,1691.05
56.55,298,134,0,4,1.0,6.123233995736766e-17,6.1534,60.03
840.62,203,766,0,7,1.2246467991473532e-16,-1.0,7.841,906.53
266.61,290,380,0,10,-1.0,-1.8369701987210297e-16,3.5751,276.14
330.86,10,661,0,8,-0.4999999999999997,-0.8660254037844388,4.1714,344.67
1189.26,277,1392,0,3,0.8660254037844386,0.5000000000000001,3.2956,1228.45
2744.24,185,359,0,9,-0.8660254037844385,-0.5000000000000004,4.0757,2856.09
1863.09,365,975,0,9,-0.8660254037844385,-0.5000000000000004,5.9397,1973.75
50.17,172,854,2,3,0.8660254037844386,0.5000000000000001,2.8977,51.62
107.37,175,1193,1,11,-0.8660254037844386,0.5000000000000001,3.8372,111.49
191.66,46,124,0,11,-0.8660254037844386,0.5000000000000001,0.6801,192.96
1054.58,295,478,0,8,-0.4999999999999997,-0.8660254037844388,5.2851,1110.31
1227.85,256,1599,1,4,1.0,6.123233995736766e-17,4.8735,1287.69
582.39,315,1098,0,5,0.8660254037844387,-0.4999999999999998,5.3628,613.62
462.95,33,1562,1,6,0.49999999999999994,-0.8660254037844387,2.3047,473.62
2187.63,77,1385,3,3,0.8660254037844386,0.5000000000000001,-3.1566,2118.57
60.15,320,314,0,4,1.0,6.123233995736766e-17,4.9286,63.12
769.97,15,717,0,2,0.49999999999999994,0.8660254037844387,0.2249,771.7
2661.96,186,1323,0,2,0.49999999999999994,0.8660254037844387,-1.2748,2628.02
195.67,148,1215,1,9,-0.8660254037844385,-0.5000000000000004,3.2166,201.97
124.87,343,802,0,2,0.49999999999999994,0.8660254037844387,4.5712,130.58
1415.66,313,1464,1,6,0.49999999999999994,-0.8660254037844387,5.1969,1489.23
82.98,328,210,0,6,0.49999999999999994,-0.8660254037844387,5.9188,87.89
611.98,105,1577,1,1,0.0,1.0,1.6007,621.78
3009.48,215,406,1,10,-1.0,-1.8369701987210297e-16,1.4992,3054.6
82.47,256,1496,0,12,-0.5000000000000004,0.8660254037844384,3.8348,85.64
3932.04,354,1450,3,8,-0.4999999999999997,-0.8660254037844388,2.6663,4036.88
121.68,2,979,1,9,-0.8660254037844385,-0.5000000000000004,2.5814,124.82
456.29,357,738,0,3,0.8660254037844386,0.5000000000000001,1.6529,463.83
67.04,130,440,3,11,-0.8660254037844386,0.5000000000000001,-1.8441,65.81
1232.97,46,647,1,10,-1.0,-1.8369701987210297e-16,-0.2111,1230.37
4403.95,225,378,0,6,0.49999999999999994,-0.8660254037844387,4.7954,4615.13
223.85,286,1199,1,9,-0.8660254037844385,-0.5000000000000004,5.3461,235.82
3198.09,47,513,1,12,-0.5000000000000004,0.8660254037844384,-2.8367,3107.37
1832.38,14,1437,1,8,-0.4999999999999997,-0.8660254037844388,3.5048,1896.6
4244.1,328,814,2,3,0.8660254037844386,0.5000000000000001,2.064,4331.69
1376.67,341,1283,0,4,1.0,6.123233995736766e-17,6.0181,1459.52
1086.89,57,569,0,3,0.8660254037844386,0.5000000000000001,-1.1185,1074.74
4726.53,330,1140,0,4,1.0,6.123233995736766e-17,6.208,5019.96
1676.31,332,1212,1,11,-0.8660254037844386,0.5000000000000001,5.0673,1761.26
3377.06,365,1485,0,3,0.8660254037844386,0.5000000000000001,4.8285,3540.12
184.82,79,810,0,11,-0.8660254037844386,0.5000000000000001,2.4377,189.33
95.83,211,558,0,4,1.0,6.123233995736766e-17,4.5689,100.2
1091.06,363,1165,1,6,0.49999999999999994,-0.8660254037844387,6.278,1159.55
111.31,330,88,0,7,1.2246467991473532e-16,-1.0,3.7868,115.53
465.88,221,1459,0,2,0.49999999999999994,0.8660254037844387,1.4345,472.56
2993.94,72,1032,0,3,0.8660254037844386,0.5000000000000001,0.5404,3010.11
676.07,30,116,0,4,1.0,6.123233995736766e-17,-1.3788,666.74
3272.69,94,296,0,1,0.0,1.0,1.0018,3305.48
177.83,23,65,0,10,-1.0,-1.8369701987210297e-16,1.3451,180.23
197.49,71,1133,1,7,1.2246467991473532e-16,-1.0,6.9245,211.16
143.39,27,1013,0,11,-0.8660254037844386,0.5000000000000001,2.4224,146.87
3787.31,278,282,0,11,-0.8660254037844386,0.5000000000000001,-0.5982,3764.65
365.75,215,904,1,5,0.8660254037844387,-0.4999999999999998,6.2239,388.52
3635.89,189,757,0,10,-1.0,-1.8369701987210297e-16,1.9332,3706.18
239.33,296,747,0,1,0.0,1.0,4.5835,250.3
198.02,150,944,0,6,0.49999999999999994,-0.8660254037844387,7.5779,213.03
2200.78,147,1287,0,8,-0.4999999999999997,-0.8660254037844388,6.4647,2343.05
1102.57,75,1376,0,6,0.49999999999999994,-0.8660254037844387,5.5071,1163.29
473.38,162,657,3,9,-0.8660254037844385,-0.5000000000000004,2.7882,486.58
482.89,63,1419,0,11,-0.8660254037844386,0.5000000000000001,1.4116,489.71
471.15,215,1111,1,6,0.49999999999999994,-0.8660254037844387,7.8455,508.11
2106.37,365,624,2,4,1.0,6.123233995736766e-17,3.11,2171.88
123.7,195,1401,0,7,1.2246467991473532e-16,-1.0,5.7959,130.86
58.96,109,813,1,11,-0.8660254037844386,0.5000000000000001,2.3646,60.35
47.19,251,694,0,12,-0.5000000000000004,0.8660254037844384,4.4677,49.3
643.83,300,1637,1,10,-1.0,-1.8369701987210297e-16,5.6222,680.03
2317.9,172,1045,2,3,0.8660254037844386,0.5000000000000001,-1.0151,2294.37
881.39,91,253,0,3,0.8660254037844386,0.5000000000000001,1.7416,896.74
4396.67,261,622,2,7,1.2246467991473532e-16,-1.0,4.8271,4608.9
1012.34,68,1239,0,5,0.8660254037844387,-0.4999999999999998,2.5512,1038.17
507.65,365,788,1,8,-0.4999999999999997,-0.8660254037844388,4.6226,531.11
558.32,116,190,0,12,-0.5000000000000004,0.8660254037844384,1.9219,569.05
2199.0,128,105,0,7,1.2246467991473532e-16,-1.0,5.2311,2314.03
64.75,266,1421,0,5,0.8660254037844387,-0.4999999999999998,8.4448,70.21
477.48,4,1266,2,11,-0.8660254037844386,0.5000000000000001,-2.8362,463.94
337.48,74,921,1,6,0.49999999999999994,-0.8660254037844387,3.3198,348.68
4798.61,45,1290,2,8,-0.4999999999999997,-0.8660254037844388,2.0148,4895.3
109.16,143,654,0,2,0.49999999999999994,0.8660254037844387,3.8562,113.37
68.35,202,1429,0,7,1.2246467991473532e-16,-1.0,7.763,73.65
996.04,65,921,0,6,0.49999999999999994,-0.8660254037844387,3.2351,1028.27
985.48,125,974,0,2,0.49999999999999994,0.8660254037844387,1.0906,996.23
266.15,282,1345,0,3,0.8660254037844386,0.5000000000000001,4.8842,279.15
491.89,344,489,2,9,-0.8660254037844385,-0.5000000000000004,5.0332,516.65
750.22,5,835,2,3,0.8660254037844386,0.5000000000000001,1.1467,758.82
302.85,229,1258,0,2,0.49999999999999994,0.8660254037844387,4.7504,317.24
260.14,9,185,0,1,0.0,1.0,0.2186,260.71
85.45,190,678,1,1,0.0,1.0,0.1143,85.55
1473.73,321,412,1,6,0.49999999999999994,-0.8660254037844387,3.3672,1523.36
336.41,292,1188,1,6,0.49999999999999994,-0.8660254037844387,4.3696,351.11
1211.67,85,1273,0,8,-0.4999999999999997,-0.8660254037844388,4.5849,1267.23
304.37,94,429,0,7,1.2246467991473532e-16,-1.0,3.3447,314.55
113.88,286,1046,0,7,1.2246467991473532e-16,-1.0,7.8904,122.86
1461.95,300,1436,3,12,-0.5000000000000004,0.8660254037844384,1.7434,1487.44
419.53,102,1444,1,3,0.8660254037844386,0.5000000000000001,1.7463,426.86
141.0,1,1593,2,9,-0.8660254037844385,-0.5000000000000004,2.9585,145.17
3793.25,162,708,0,1,0.0,1.0,-0.6366,3769.1
2392.64,226,160,0,11,-0.8660254037844386,0.5000000000000001,-1.2523,2362.68
1691.95,162,1128,0,5,0.8660254037844387,-0.4999999999999998,2.8362,1739.93
814.79,342,1315,2,5,0.8660254037844387,-0.4999999999999998,5.789,861.96
886.27,297,713,0,2,0.49999999999999994,0.8660254037844387,4.9155,929.83
264.23,288,911,1,7,1.2246467991473532e-16,-1.0,8.2861,286.13
178.79,7,982,0,5,0.8660254037844387,-0.4999999999999998,2.4636,183.19
675.67,312,462,0,12,-0.5000000000000004,0.8660254037844384,3.4153,698.74
1398.44,276,522,0,3,0.8660254037844386,0.5000000000000001,0.1472,1400.5
444.08,145,542,0,6,0.49999999999999994,-0.8660254037844387,6.7201,473.93
3199.61,215,826,1,11,-0.8660254037844386,0.5000000000000001,2.1859,3269.55
327.41,301,1371,3,10,-1.0,-1.8369701987210297e-16,4.3143,341.54
220.11,331,337,1,10,-1.0,-1.8369701987210297e-16,0.6988,221.64
309.04,201,471,0,7,1.2246467991473532e-16,-1.0,5.9391,327.4
1517.18,15,1240,1,11,-0.8660254037844386,0.5000000000000001,2.3099,1552.23
40.0,226,89,0,3,0.8660254037844386,0.5000000000000001,2.6792,41.07
303.03,248,1368,1,10,-1.0,-1.8369701987210297e-16,3.8214,314.61
1883.85,21,1337,1,7,1.2246467991473532e-16,-1.0,2.2571,1926.37
579.45,299,509,0,5,0.8660254037844387,-0.4999999999999998,3.7183,600.99
220.82,73,955,0,3,0.8660254037844386,0.5000000000000001,1.9197,225.05
1048.59,325,758,0,7,1.2246467991473532e-16,-1.0,4.2889,1093.56
2833.8,201,409,0,1,0.0,1.0,0.9056,2859.46
420.28,117,502,2,9,-0.8660254037844385,-0.5000000000000004,3.8198,436.34
2050.55,21,1653,1,3,0.8660254037844386,0.5000000000000001,-0.9649,2030.76
147.85,6,1296,0,5,0.8660254037844387,-0.4999999999999998,3.5625,153.11
551.41,271,1353,0,3,0.8660254037844386,0.5000000000000001,3.3386,569.82
152.14,138,402,1,6,0.49999999999999994,-0.8660254037844387,4.5371,159.05
5000.0,307,1449,0,5,0.8660254037844387,-0.4999999999999998,6.424,5321.2
143.63,84,956,0,3,0.8660254037844386,0.5000000000000001,2.692,147.5
4369.06,336,993,1,11,-0.8660254037844386,0.5000000000000001,3.7808,4534.24
295.26,344,542,0,10,-1.0,-1.8369701987210297e-16,5.3297,310.99
418.23,37,387,0,5,0.8660254037844387,-0.4999999999999998,3.4221,432.54
502.97,236,518,0,1,0.0,1.0,1.8679,512.36
118.94,343,298,0,11,-0.8660254037844386,0.5000000000000001,3.8845,123.56
170.22,118,1393,2,9,-0.8660254037844385,-0.5000000000000004,4.4509,177.8
365.03,24,1619,1,7,1.2246467991473532e-16,-1.0,3.3781,377.36
2020.75,320,1800,3,8,-0.4999999999999997,-0.8660254037844388,4.9496,2120.77
1624.06,173,1624,2,1,0.0,1.0,-1.3596,1601.98
4086.77,9,237,0,6,0.49999999999999994,-0.8660254037844387,-1.5025,4025.37
82.67,307,1123,0,3,0.8660254037844386,0.5000000000000001,4.4793,86.37
2111.57,248,1447,1,8,-0.4999999999999997,-0.8660254037844388,3.6615,2188.89
119.92,25,788,0,12,-0.5000000000000004,0.8660254037844384,3.2652,123.84
615.91,94,1532,3,7,1.2246467991473532e-16,-1.0,1.7699,626.81
111.44,6,604,0,8,-0.4999999999999997,-0.8660254037844388,4.2984,116.23
4728.66,349,1242,0,9,-0.8660254037844385,-0.5000000000000004,4.2437,4929.33
578.54,9,1146,1,12,-0.5000000000000004,0.8660254037844384,-0.98,572.87
513.72,291,1440,2,1,0.0,1.0,-0.2347,512.51
149.08,187,218,1,4,1.0,6.123233995736766e-17,0.4972,149.82
499.42,213,1521,1,4,1.0,6.123233995736766e-17,3.8648,518.72
81.24,297,808,0,9,-0.8660254037844385,-0.5000000000000004,5.3981,85.62
1527.16,327,1542,1,6,0.49999999999999994,-0.8660254037844387,6.6844,1629.24
778.5,46,1138,1,10,-1.0,-1.8369701987210297e-16,3.1815,803.27
76.91,6,803,0,6,0.49999999999999994,-0.8660254037844387,1.1149,77.77
89.4,45,1271,1,12,-0.5000000000000004,0.8660254037844384,2.0768,91.25
159.9,249,404,0,10,-1.0,-1.8369701987210297e-16,2.2784,163.54
429.89,208,701,0,1,0.0,1.0,0.973,434.08
107.49,30,441,2,12,-0.5000000000000004,0.8660254037844384,-3.4681,103.77
101.49,85,1129,0,12,-0.5000000000000004,0.8660254037844384,-0.581,100.9
68.03,196,648,1,1,0.0,1.0,-1.6168,66.93
150.75,267,184,0,5,0.8660254037844387,-0.4999999999999998,3.8464,156.54
1092.82,125,1436,2,12,-0.5000000000000004,0.8660254037844384,-0.0946,1091.79
977.24,347,384,0,11,-0.8660254037844386,0.5000000000000001,2.026,997.04
149.87,363,370,0,6,0.49999999999999994,-0.8660254037844387,3.5845,155.24
322.08,280,585,2,7,1.2246467991473532e-16,-1.0,1.8895,328.17
1021.71,166,1135,1,1,0.0,1.0,0.4888,1026.7
234.29,321,539,0,7,1.2246467991473532e-16,-1.0,7.5839,252.05
5000.0,266,875,0,8,-0.4999999999999997,-0.8660254037844388,5.4656,5273.28
1131.23,190,546,0,5,0.8660254037844387,-0.4999999999999998,6.3821,1203.43
884.98,162,1531,2,4,1.0,6.123233995736766e-17,1.9639,902.36
465.59,304,709,1,10,-1.0,-1.8369701987210297e-16,4.0915,484.64
576.6,203,1469,2,6,0.49999999999999994,-0.8660254037844387,4.2984,601.38
201.11,66,1281,3,4,1.0,6.123233995736766e-17,-0.129,200.85
47.99,365,66,0,5,0.8660254037844387,-0.4999999999999998,4.9412,50.36
2479.34,25,868,1,6,0.49999999999999994,-0.8660254037844387,3.2864,2560.82
2922.45,254,515,1,4,1.0,6.123233995736766e-17,3.5186,3025.28
4787.5,240,900,1,7,1.2246467991473532e-16,-1.0,5.1167,5032.47
252.45,214,351,1,11,-0.8660254037844386,0.5000000000000001,3.9237,262.35
4786.35,19,1140,0,9,-0.8660254037844385,-0.5000000000000004,2.5811,4909.89
1495.21,180,1346,2,3,0.8660254037844386,0.5000000000000001,1.4314,1516.61
293.93,326,485,1,6,0.49999999999999994,-0.8660254037844387,7.6206,316.33
4689.98,87,1729,2,7,1.2246467991473532e-16,-1.0,1.7546,4772.27
4179.04,253,555,0,9,-0.8660254037844385,-0.5000000000000004,5.96,4428.11
485.56,314,350,0,10,-1.0,-1.8369701987210297e-16,2.1619,496.05
1321.36,348,132,1,6,0.49999999999999994,-0.8660254037844387,3.7195,1370.51
1604.79,188,534,1,4,1.0,6.123233995736766e-17,-0.9382,1589.73
598.0,114,86,0,8,-0.4999999999999997,-0.8660254037844388,3.3785,618.2
345.86,256,748,0,2,0.49999999999999994,0.8660254037844387,4.3087,360.77
98.97,177,1133,1,9,-0.8660254037844385,-0.5000000000000004,3.1572,102.09
5000.0,229,1243,3,11,-0.8660254037844386,0.5000000000000001,0.081,5004.05
81.92,271,1320,0,9,-0.8660254037844385,-0.5000000000000004,5.738,86.62
115.37,259,1451,0,6,0.49999999999999994,-0.8660254037844387,6.3499,122.7
245.43,88,490,0,10,-1.0,-1.8369701987210297e-16,0.6243,246.96
338.03,276,973,0,7,1.2246467991473532e-16,-1.0,6.5206,360.07
157.51,198,630,0,7,1.2246467991473532e-16,-1.0,8.0667,170.22
59.08,340,443,0,11,-0.8660254037844386,0.5000000000000001,2.9456,60.82
2899.94,241,559,1,3,0.8660254037844386,0.5000000000000001,1.5235,2944.13
542.92,326,804,0,10,-1.0,-1.8369701987210297e-16,4.7611,568.77
3613.81,358,252,0,9,-0.8660254037844385,-0.5000000000000004,3.4496,3738.47
3426.93,363,1480,3,7,1.2246467991473532e-16,-1.0,5.0612,3600.38
604.63,272,1332,0,1,0.0,1.0,1.7415,615.16
289.84,218,813,1,10,-1.0,-1.8369701987210297e-16,3.9322,301.24
165.3,43,878,0,3,0.8660254037844386,0.5000000000000001,1.2303,167.33
5000.0,141,1602,1,11,-0.8660254037844386,0.5000000000000001,-1.1197,4944.01
962.29,173,1277,1,10,-1.0,-1.8369701987210297e-16,-0.0729,961.59
2367.88,285,633,0,5,0.8660254037844387,-0.4999999999999998,1.0888,2393.66
5000.0,215,1412,1,6,0.49999999999999994,-0.8660254037844387,3.7536,5187.68
106.1,160,319,1,1,0.0,1.0,1.5246,107.72
3945.79,53,901,0,6,0.49999999999999994,-0.8660254037844387,1.9344,4022.11
1821.47,261,626,1,1,0.0,1.0,0.1881,1824.89
326.54,158,307,0,12,-0.5000000000000004,0.8660254037844384,-0.2761,325.64
4234.64,13,797,0,8,-0.4999999999999997,-0.8660254037844388,0.9714,4275.77
900.2,103,1554,3,3,0.8660254037844386,0.5000000000000001,3.119,928.28
349.1,321,1119,0,10,-1.0,-1.8369701987210297e-16,3.6934,361.99
116.32,43,1133,0,1,0.0,1.0,-1.402,114.69
1285.22,148,465,0,7,1.2246467991473532e-16,-1.0,2.6439,1319.2
1738.68,187,953,3,2,0.49999999999999994,0.8660254037844387,-0.4669,1730.56
96.13,30,209,0,1,0.0,1.0,-1.7275,94.47
294.5,60,943,0,3,0.8660254037844386,0.5000000000000001,1.8364,299.9
75.02,344,1413,1,4,1.0,6.123233995736766e-17,3.9656,78.0
664.26,216,889,1,9,-0.8660254037844385,-0.5000000000000004,3.0613,684.6
714.62,76,500,0,11,-0.8660254037844386,0.5000000000000001,-0.5305,710.83
2502.52,62,988,3,10,-1.0,-1.8369701987210297e-16,-0.3695,2493.28
58.63,155,991,0,9,-0.8660254037844385,-0.5000000000000004,6.0148,62.16
94.33,264,1192,1,7,1.2246467991473532e-16,-1.0,7.572,101.47
57.23,267,968,1,5,0.8660254037844387,-0.4999999999999998,7.412,61.48
3470.18,71,405,0,4,1.0,6.123233995736766e-17,-1.1866,3429.01
516.45,265,890,2,12,-0.5000000000000004,0.8660254037844384,-0.4109,514.33
134.68,328,595,1,7,1.2246467991473532e-16,-1.0,4.7638,141.1
40.0,82,187,0,7,1.2246467991473532e-16,-1.0,3.9204,41.57
70.52,9,635,0,1,0.0,1.0,-2.0502,69.07
1728.73,350,1281,0,6,0.49999999999999994,-0.8660254037844387,5.1413,1817.61
476.7,191,1081,2,9,-0.8660254037844385,-0.5000000000000004,4.4788,498.06
1180.4,284,239,0,6,0.49999999999999994,-0.8660254037844387,6.0826,1252.19
214.33,117,1729,2,8,-0.4999999999999997,-0.8660254037844388,5.0654,225.18
311.72,109,355,0,10,-1.0,-1.8369701987210297e-16,2.5382,319.63
937.56,82,1198,3,1,0.0,1.0,-2.5338,913.8
138.69,79,1050,1,11,-0.8660254037844386,0.5000000000000001,1.4473,140.7
210.12,172,1102,0,10,-1.0,-1.8369701987210297e-16,5.5942,221.88
107.75,38,1160,0,6,0.49999999999999994,-0.8660254037844387,5.3046,113.46
1233.72,308,628,1,10,-1.0,-1.8369701987210297e-16,4.3811,1287.77
868.91,187,1177,0,1,0.0,1.0,2.7858,893.12
408.38,334,900,0,4,1.0,6.123233995736766e-17,4.2507,425.74
637.6,183,678,1,2,0.49999999999999994,0.8660254037844387,1.6261,647.97
79.27,110,332,2,8,-0.4999999999999997,-0.8660254037844388,2.4143,81.18
2310.93,188,989,1,11,-0.8660254037844386,0.5000000000000001,2.2129,2362.07
1641.65,56,917,2,8,-0.4999999999999997,-0.8660254037844388,3.9028,1705.72
109.39,301,812,1,9,-0.8660254037844385,-0.5000000000000004,7.6378,117.75
3573.09,263,1238,1,2,0.49999999999999994,0.8660254037844387,2.1788,3650.94
344.18,53,1077,0,12,-0.5000000000000004,0.8660254037844384,1.1937,348.29
353.14,213,459,1,3,0.8660254037844386,0.5000000000000001,3.6785,366.13
526.86,196,632,1,7,1.2246467991473532e-16,-1.0,3.255,544.0
2538.07,73,1525,1,9,-0.8660254037844385,-0.5000000000000004,4.4901,2652.03
121.25,44,1575,3,11,-0.8660254037844386,0.5000000000000001,0.1559,121.43
157.47,278,652,0,12,-0.5000000000000004,0.8660254037844384,2.8857,162.01
5000.0,96,1616,1,8,-0.4999999999999997,-0.8660254037844388,2.5697,5128.49
4397.78,189,1022,0,7,1.2246467991473532e-16,-1.0,3.0935,4533.83
2629.65,90,1281,0,6,0.49999999999999994,-0.8660254037844387,6.0007,2787.44
103.2,239,729,0,7,1.2246467991473532e-16,-1.0,6.9268,110.35
603.7,17,465,3,9,-0.8660254037844385,-0.5000000000000004,-0.7009,599.47
445.57,131,1111,0,8,-0.4999999999999997,-0.8660254037844388,5.3918,469.59
84.65,200,1411,1,8,-0.4999999999999997,-0.8660254037844388,5.1254,88.99
74.86,160,1129,1,6,0.49999999999999994,-0.8660254037844387,2.6255,76.83
2635.01,224,903,2,3,0.8660254037844386,0.5000000000000001,0.6649,2652.53
59.32,66,415,1,1,0.0,1.0,-2.5728,57.79
144.26,161,402,0,6,0.49999999999999994,-0.8660254037844387,5.0661,151.57
121.9,276,1391,0,5,0.8660254037844387,-0.4999999999999998,8.4281,132.17
605.97,122,487,1,8,-0.4999999999999997,-0.8660254037844388,2.2804,619.79
1887.66,57,1006,0,11,-0.8660254037844386,0.5000000000000001,1.7658,1921.0
182.64,310,1010,0,9,-0.8660254037844385,-0.5000000000000004,5.0593,191.88
1874.37,284,732,0,10,-1.0,-1.8369701987210297e-16,3.4632,1939.28
141.49,249,1496,0,7,1.2246467991473532e-16,-1.0,5.4988,149.27
271.77,292,1264,3,12,-0.5000000000000004,0.8660254037844384,2.2528,277.9
192.02,285,1714,2,12,-0.5000000000000004,0.8660254037844384,4.1183,199.93
349.95,273,532,1,2,0.49999999999999994,0.8660254037844387,1.7902,356.22
5000.0,186,1123,0,8,-0.4999999999999997,-0.8660254037844388,5.4122,5270.61
1733.05,7,1434,3,7,1.2246467991473532e-16,-1.0,1.8977,1765.94
154.86,218,1452,1,12,-0.5000000000000004,0.8660254037844384,1.8178,157.67
4764.34,99,1097,2,8,-0.4999999999999997,-0.8660254037844388,4.492,4978.35
1063.0,283,528,0,1,0.0,1.0,0.5697,1069.06
481.28,171,1217,0,3,0.8660254037844386,0.5000000000000001,0.1749,482.12
4062.06,331,1193,1,2,0.49999999999999994,0.8660254037844387,0.3912,4077.95
1631.54,217,816,2,3,0.8660254037844386,0.5000000000000001,1.8197,1661.23
1307.52,201,488,0,2,0.49999999999999994,0.8660254037844387,0.2016,1310.15
144.4,336,1195,0,10,-1.0,-1.8369701987210297e-16,5.5334,152.39
90.9,173,987,1,6,0.49999999999999994,-0.8660254037844387,4.8227,95.29
3568.68,137,1800,3,9,-0.8660254037844385,-0.5000000000000004,2.0759,3642.76
1322.37,135,1173,1,12,-0.5000000000000004,0.8660254037844384,1.9973,1348.78
2968.83,320,1800,2,8,-0.4999999999999997,-0.8660254037844388,7.009,3176.92
1596.82,276,635,1,6,0.49999999999999994,-0.8660254037844387,3.0086,1644.87
3899.49,59,1377,2,4,1.0,6.123233995736766e-17,1.8405,3971.26
226.36,180,321,0,10,-1.0,-1.8369701987210297e-16,3.1308,233.45
279.16,135,1070,0,7,1.2246467991473532e-16,-1.0,3.551,289.07
143.51,236,842,1,10,-1.0,-1.8369701987210297e-16,4.4985,149.97
81.16,19,969,1,1,0.0,1.0,2.3498,83.06
551.79,261,1220,0,2,0.49999999999999994,0.8660254037844387,1.3957,559.49
378.22,271,198,0,2,0.49999999999999994,0.8660254037844387,1.0518,382.2
68.18,82,468,1,9,-0.8660254037844385,-0.5000000000000004,0.4154,68.46
886.94,55,1071,1,7,1.2246467991473532e-16,-1.0,3.097,914.41
250.12,229,648,0,4,1.0,6.123233995736766e-17,4.0754,260.31
466.17,94,1337,2,4,1.0,6.123233995736766e-17,4.5652,487.45
505.11,344,671,0,8,-0.4999999999999997,-0.8660254037844388,4.7457,529.08
150.76,283,139,0,12,-0.5000000000000004,0.8660254037844384,3.2119,155.6
1529.19,349,1408,0,12,-0.5000000000000004,0.8660254037844384,3.2274,1578.54
588.92,195,1050,0,6,0.49999999999999994,-0.8660254037844387,8.6388,639.8
407.48,343,933,0,9,-0.8660254037844385,-0.5000000000000004,6.1033,432.35
260.7,5,362,1,2,0.49999999999999994,0.8660254037844387,-1.8322,255.92
42.93,106,399,1,12,-0.5000000000000004,0.8660254037844384,1.548,43.59
1919.25,0,913,0,1,0.0,1.0,-0.9664,1900.7
3419.14,247,335,2,5,0.8660254037844387,-0.4999999999999998,3.5713,3541.25
91.78,186,1087,2,9,-0.8660254037844385,-0.5000000000000004,4.8761,96.25
230.63,105,1339,0,12,-0.5000000000000004,0.8660254037844384,-0.6744,229.08
3187.31,111,1319,0,3,0.8660254037844386,0.5000000000000001,2.0588,3252.93
1360.75,235,794,0,8,-0.4999999999999997,-0.8660254037844388,5.7609,1439.14
172.54,65,455,1,3,0.8660254037844386,0.5000000000000001,-0.7298,171.28
753.11,188,152,0,1,0.0,1.0,0.4199,756.27
2982.24,224,441,1,6,0.49999999999999994,-0.8660254037844387,0.7869,3005.71
121.32,87,639,1,7,1.2246467991473532e-16,-1.0,4.4685,126.74
1262.53,83,1054,1,4,1.0,6.123233995736766e-17,2.499,1294.08
2500.58,129,1101,0,12,-0.5000000000000004,0.8660254037844384,2.122,2553.64
72.62,216,715,0,8,-0.4999999999999997,-0.8660254037844388,6.9512,77.67
4703.15,93,1248,0,6,0.49999999999999994,-0.8660254037844387,2.4059,4816.3
3659.52,138,453,1,6,0.49999999999999994,-0.8660254037844387,0.5493,3679.62
1441.25,198,754,1,6,0.49999999999999994,-0.8660254037844387,5.4366,1519.61
580.07,68,1046,1,2,0.49999999999999994,0.8660254037844387,0.5168,583.06
644.53,208,337,1,8,-0.4999999999999997,-0.8660254037844388,4.467,673.32
1267.08,50,1363,0,10,-1.0,-1.8369701987210297e-16,4.2979,1321.54
128.1,52,1493,0,6,0.49999999999999994,-0.8660254037844387,2.1707,130.88
219.17,86,1122,0,6,0.49999999999999994,-0.8660254037844387,7.4247,235.44
85.93,104,1068,0,11,-0.8660254037844386,0.5000000000000001,1.5788,87.28
224.36,10,350,0,8,-0.4999999999999997,-0.8660254037844388,3.7263,232.72
1290.07,351,311,0,4,1.0,6.123233995736766e-17,3.3346,1333.09
2748.36,112,585,1,1,0.0,1.0,-1.483,2707.6
212.63,294,241,0,10,-1.0,-1.8369701987210297e-16,1.3893,215.59
901.55,330,856,0,8,-0.4999999999999997,-0.8660254037844388,4.985,946.49
1008.6,293,1438,0,8,-0.4999999999999997,-0.8660254037844388,6.6868,1076.04
490.23,304,1031,0,4,1.0,6.123233995736766e-17,5.0632,515.06
1554.28,36,1328,0,3,0.8660254037844386,0.5000000000000001,1.9129,1584.01
125.17,136,1470,0,6,0.49999999999999994,-0.8660254037844387,4.5242,130.83
74.31,273,1009,0,10,-1.0,-1.8369701987210297e-16,6.0679,78.82
218.57,210,800,3,4,1.0,6.123233995736766e-17,2.2434,223.48
5000.0,2,1399,0,7,1.2246467991473532e-16,-1.0,3.4829,5174.14
4399.57,207,840,0,12,-0.5000000000000004,0.8660254037844384,1.8847,4482.49
970.8,294,841,0,3,0.8660254037844386,0.5000000000000001,2.2336,992.48
948.16,303,1482,0,3,0.8660254037844386,0.5000000000000001,3.7447,983.66
1052.55,140,1155,1,3,0.8660254037844386,0.5000000000000001,1.9113,1072.66
274.45,86,206,0,11,-0.8660254037844386,0.5000000000000001,1.7453,279.24
208.9,113,1308,2,7,1.2246467991473532e-16,-1.0,6.4459,222.37
62.32,108,1699,2,12,-0.5000000000000004,0.8660254037844384,-0.1922,62.2
46.63,126,618,1,12,-0.5000000000000004,0.8660254037844384,-0.8566,46.23
4571.04,110,717,0,6,0.49999999999999994,-0.8660254037844387,5.4161,4818.61
1208.76,167,195,0,1,0.0,1.0,-2.2683,1181.35
1400.33,14,1089,0,4,1.0,6.123233995736766e-17,2.5599,1436.18
2147.68,100,473,1,7,1.2246467991473532e-16,-1.0,1.3842,2177.4
795.83,115,664,0,5,0.8660254037844387,-0.4999999999999998,2.2642,813.85
1258.15,56,1199,1,1,0.0,1.0,-0.9121,1246.68
2395.52,321,1269,0,12,-0.5000000000000004,0.8660254037844384,0.2361,2401.18
76.22,247,510,0,4,1.0,6.123233995736766e-17,2.6217,78.21
143.95,333,1367,0,8,-0.4999999999999997,-0.8660254037844388,4.6542,150.65
464.2,205,80,0,12,-0.5000000000000004,0.8660254037844384,1.538,471.34
62.47,40,459,1,7,1.2246467991473532e-16,-1.0,3.2352,64.49
883.38,331,443,1,9,-0.8660254037844385,-0.5000000000000004,4.0505,919.16
2782.8,167,1132,0,1,0.0,1.0,0.6918,2802.05
2268.39,250,571,0,9,-0.8660254037844385,-0.5000000000000004,3.8947,2356.74
177.83,139,499,2,11,-0.8660254037844386,0.5000000000000001,-0.0363,177.76
145.44,180,1192,0,12,-0.5000000000000004,0.8660254037844384,3.8292,151.01
3865.81,179,575,1,2,0.49999999999999994,0.8660254037844387,-2.7488,3759.55
3924.21,104,1038,0,3,0.8660254037844386,0.5000000000000001,-1.1257,3880.03
220.54,203,1013,1,1,0.0,1.0,3.5224,228.31
2468.53,268,284,1,12,-0.5000000000000004,0.8660254037844384,0.5598,2482.35
3236.18,7,923,0,4,1.0,6.123233995736766e-17,-2.527,3154.4
286.08,47,1298,0,7,1.2246467991473532e-16,-1.0,4.9185,300.15
241.91,308,576,0,6,0.49999999999999994,-0.8660254037844387,3.7036,250.86
4661.8,208,1258,0,9,-0.8660254037844385,-0.5000000000000004,6.0889,4945.65
1397.79,356,590,1,11,-0.8660254037844386,0.5000000000000001,3.6784,1449.21
759.8,221,456,0,4,1.0,6.123233995736766e-17,6.0056,805.43
3411.51,239,294,0,10,-1.0,-1.8369701987210297e-16,1.7724,3471.97
2467.11,329,562,1,4,1.0,6.123233995736766e-17,1.0731,2493.59
57.67,241,602,2,3,0.8660254037844386,0.5000000000000001,1.2175,58.37
546.3,120,990,0,2,0.49999999999999994,0.8660254037844387,0.3235,548.07
2535.56,193,321,1,5,0.8660254037844387,-0.4999999999999998,2.9087,2609.31
82.39,86,837,0,7,1.2246467991473532e-16,-1.0,2.2767,84.27
56.87,122,506,1,10,-1.0,-1.8369701987210297e-16,2.3568,58.21
2148.48,248,258,0,11,-0.8660254037844386,0.5000000000000001,-0.2119,2143.93
2241.0,54,1369,1,7,1.2246467991473532e-16,-1.0,2.2961,2292.45
107.1,245,831,0,5,0.8660254037844387,-0.4999999999999998,7.5663,115.2
97.05,213,463,0,3,0.8660254037844386,0.5000000000000001,4.1649,101.09
2640.38,112,1095,1,11,-0.8660254037844386,0.5000000000000001,1.7168,2685.71
159.3,16,1366,0,5,0.8660254037844387,-0.4999999999999998,4.1115,165.85
81.17,257,456,0,10,-1.0,-1.8369701987210297e-16,3.6479,84.13
2910.94,301,402,0,8,-0.4999999999999997,-0.8660254037844388,4.6115,3045.18
2330.21,267,1109,1,12,-0.5000000000000004,0.8660254037844384,-1.027,2306.28
317.94,154,761,0,12,-0.5000000000000004,0.8660254037844384,-0.3651,316.78
1052.2,239,1249,1,9,-0.8660254037844385,-0.5000000000000004,4.3426,1097.89
288.3,151,288,0,8,-0.4999999999999997,-0.8660254037844388,2.4439,295.34
215.69,131,1473,1,2,0.49999999999999994,0.8660254037844387,2.3068,220.67
4125.16,119,521,2,1,0.0,1.0,-1.739,4053.42
537.64,77,443,0,7,1.2246467991473532e-16,-1.0,3.1347,554.49
1081.41,354,1173,1,9,-0.8660254037844385,-0.5000000000000004,4.0826,1125.56
330.39,243,802,0,9,-0.8660254037844385,-0.5000000000000004,5.7148,349.27
454.7,64,536,0,4,1.0,6.123233995736766e-17,2.6995,466.98
244.49,316,1672,1,7,1.2246467991473532e-16,-1.0,5.247,257.32
330.22,55,763,2,11,-0.8660254037844386,0.5000000000000001,-0.8985,327.25
1052.1,217,1225,1,2,0.49999999999999994,0.8660254037844387,0.9441,1062.03
2064.34,60,822,2,5,0.8660254037844387,-0.4999999999999998,1.7047,2099.53
2022.14,132,686,0,12,-0.5000000000000004,0.8660254037844384,0.805,2038.42
60.95,241,1408,1,3,0.8660254037844386,0.5000000000000001,3.1387,62.87
540.3,365,560,0,4,1.0,6.123233995736766e-17,5.4068,569.52
300.27,363,1326,3,6,0.49999999999999994,-0.8660254037844387,5.0839,315.54
1000.4,327,1363,1,9,-0.8660254037844385,-0.5000000000000004,2.8017,1028.43
2277.46,86,170,0,4,1.0,6.123233995736766e-17,2.5883,2336.4
1786.34,34,793,1,10,-1.0,-1.8369701987210297e-16,1.9142,1820.54
202.25,331,609,1,3,0.8660254037844386,0.5000000000000001,0.9909,204.25
1704.76,337,1223,2,5,0.8660254037844387,-0.4999999999999998,4.3985,1779.74
78.81,101,943,1,7,1.2246467991473532e-16,-1.0,6.66,84.06
91.04,7,1101,2,1,0.0,1.0,-1.6871,89.5
179.38,237,1491,0,10,-1.0,-1.8369701987210297e-16,5.7994,189.79
392.93,27,1374,0,9,-0.8660254037844385,-0.5000000000000004,4.6504,411.2
430.72,14,411,1,11,-0.8660254037844386,0.5000000000000001,-0.5363,428.41
337.96,342,981,0,4,1.0,6.123233995736766e-17,8.1842,365.62
820.44,181,515,0,5,0.8660254037844387,-0.4999999999999998,4.5586,857.84
91.44,41,1290,3,11,-0.8660254037844386,0.5000000000000001,0.065,91.49
571.1,239,1044,2,1,0.0,1.0,0.4936,573.92
226.49,135,1800,2,6,0.49999999999999994,-0.8660254037844387,4.1241,235.83
338.05,196,1420,0,6,0.49999999999999994,-0.8660254037844387,4.8915,354.59
382.05,328,127,0,6,0.49999999999999994,-0.8660254037844387,3.4914,395.39
76.09,87,610,2,6,0.49999999999999994,-0.8660254037844387,1.911,77.54
209.97,236,78,0,9,-0.8660254037844385,-0.5000000000000004,3.6904,217.71
2035.03,303,1200,0,3,0.8660254037844386,0.5000000000000001,4.2249,2121.01
146.68,155,377,0,11,-0.8660254037844386,0.5000000000000001,2.3551,150.14
1975.2,355,1301,2,11,-0.8660254037844386,0.5000000000000001,2.5029,2024.64
126.66,164,528,0,3,0.8660254037844386,0.5000000000000001,5.465,133.58
1473.35,168,491,0,12,-0.5000000000000004,0.8660254037844384,2.972,1517.14
126.43,323,924,0,4,1.0,6.123233995736766e-17,3.7874,131.22
4951.68,232,1171,0,1,0.0,1.0,2.3573,5068.4
104.35,317,1029,1,5,0.8660254037844387,-0.4999999999999998,3.8595,108.38
5000.0,289,1047,1,10,-1.0,-1.8369701987210297e-16,3.4887,5174.44
163.98,260,1296,1,11,-0.8660254037844386,0.5000000000000001,1.1523,165.87
1084.29,88,294,0,8,-0.4999999999999997,-0.8660254037844388,1.8971,1104.86
211.76,145,906,0,10,-1.0,-1.8369701987210297e-16,4.4102,221.09
60.77,316,461,0,4,1.0,6.123233995736766e-17,3.8698,63.12
44.29,225,540,2,11,-0.8660254037844386,0.5000000000000001,0.1912,44.37
85.13,102,523,0,8,-0.4999999999999997,-0.8660254037844388,3.4274,88.05
264.54,119,325,0,2,0.49999999999999994,0.8660254037844387,-0.9666,261.98
655.31,283,515,0,2,0.49999999999999994,0.8660254037844387,2.4374,671.28
328.73,65,349,3,4,1.0,6.123233995736766e-17,1.5032,333.67
1087.59,41,1284,1,1,0.0,1.0,-1.2162,1074.36
67.67,280,552,0,4,1.0,6.123233995736766e-17,5.9785,71.72
1281.95,105,1136,1,12,-0.5000000000000004,0.8660254037844384,-0.8254,1271.37
2231.91,280,1136,0,3,0.8660254037844386,0.5000000000000001,2.6387,2290.81
168.64,195,1355,1,8,-0.4999999999999997,-0.8660254037844388,8.081,182.27
1769.64,365,788,3,12,-0.5000000000000004,0.8660254037844384,0.3867,1776.49
155.95,192,894,1,4,1.0,6.123233995736766e-17,5.0139,163.77
361.31,317,811,2,9,-0.8660254037844385,-0.5000000000000004,3.3036,373.25
1937.81,311,555,0,6,0.49999999999999994,-0.8660254037844387,5.1091,2036.82
1447.84,77,1219,0,4,1.0,6.123233995736766e-17,0.7499,1458.69
399.41,364,327,1,12,-0.5000000000000004,0.8660254037844384,1.8135,406.65
247.59,272,650,1,8,-0.4999999999999997,-0.8660254037844388,5.6836,261.66
802.61,39,1201,0,6,0.49999999999999994,-0.8660254037844387,4.6204,839.69
516.8,2,619,0,10,-1.0,-1.8369701987210297e-16,-0.2627,515.44
3446.57,99,153,0,11,-0.8660254037844386,0.5000000000000001,-0.6229,3425.1
1877.85,5,297,0,10,-1.0,-1.8369701987210297e-16,1.3375,1902.97
77.65,130,835,2,11,-0.8660254037844386,0.5000000000000001,-0.5008,77.26
281.33,364,406,0,4,1.0,6.123233995736766e-17,0.6644,283.2
829.54,175,1097,1,5,0.8660254037844387,-0.4999999999999998,2.6507,851.53
1059.78,8,294,0,3,0.8660254037844386,0.5000000000000001,-0.2526,1057.1
125.17,180,1221,1,9,-0.8660254037844385,-0.5000000000000004,4.7039,131.06
2265.47,80,834,2,10,-1.0,-1.8369701987210297e-16,-0.9646,2243.62
682.2,313,213,1,8,-0.4999999999999997,-0.8660254037844388,4.4072,712.27
47.05,33,182,1,8,-0.4999999999999997,-0.8660254037844388,1.8092,47.9
66.86,282,929,0,10,-1.0,-1.8369701987210297e-16,2.6185,68.62
1387.06,163,1114,0,3,0.8660254037844386,0.5000000000000001,1.4049,1406.55
1375.31,6,420,1,5,0.8660254037844387,-0.4999999999999998,1.4432,1395.16
190.89,246,695,1,9,-0.8660254037844385,-0.5000000000000004,4.1393,198.8
122.82,166,1377,1,1,0.0,1.0,-0.7642,121.88
170.6,282,1546,1,11,-0.8660254037844386,0.5000000000000001,6.018,180.87
345.17,226,1107,0,3,0.8660254037844386,0.5000000000000001,1.6493,350.86
1006.05,288,944,0,10,-1.0,-1.8369701987210297e-16,4.5405,1051.73
132.0,168,1356,2,8,-0.4999999999999997,-0.8660254037844388,5.8849,139.77
1851.72,2,697,1,11,-0.8660254037844386,0.5000000000000001,-0.783,1837.22
121.47,47,353,1,10,-1.0,-1.8369701987210297e-16,0.6822,122.3
2365.47,167,1092,1,7,1.2246467991473532e-16,-1.0,1.4682,2400.2
3992.29,145,1161,2,10,-1.0,-1.8369701987210297e-16,3.0926,4115.75
128.01,290,1604,2,5,0.8660254037844387,-0.4999999999999998,3.2336,132.14
3043.54,150,395,0,8,-0.4999999999999997,-0.8660254037844388,4.8363,3190.73
1589.18,314,1487,2,11,-0.8660254037844386,0.5000000000000001,3.7208,1648.32
3124.69,68,766,0,2,0.49999999999999994,0.8660254037844387,-2.1871,3056.35
235.42,140,688,0,5,0.8660254037844387,-0.4999999999999998,2.2596,240.74
3523.69,276,1641,2,1,0.0,1.0,0.023,3524.5
463.08,45,836,0,7,1.2246467991473532e-16,-1.0,5.2387,487.34
87.0,117,176,0,10,-1.0,-1.8369701987210297e-16,1.3143,88.14
4714.16,275,618,1,1,0.0,1.0,0.6313,4743.92
4975.12,215,1611,3,7,1.2246467991473532e-16,-1.0,2.7175,5110.32
71.4,284,380,0,5,0.8660254037844387,-0.4999999999999998,6.3054,75.9
341.28,188,461,1,10,-1.0,-1.8369701987210297e-16,1.4459,346.21
4376.19,314,476,0,3,0.8660254037844386,0.5000000000000001,1.0592,4422.54
636.56,321,787,0,2,0.49999999999999994,0.8660254037844387,1.0052,642.96
402.53,356,404,1,2,0.49999999999999994,0.8660254037844387,0.2113,403.38
127.24,44,1034,1,5,0.8660254037844387,-0.4999999999999998,4.5555,133.04
388.38,216,1189,1,6,0.49999999999999994,-0.8660254037844387,4.6306,406.36
492.68,41,840,1,12,-0.5000000000000004,0.8660254037844384,-1.988,482.88
1531.38,83,1385,3,6,0.49999999999999994,-0.8660254037844387,-0.4296,1524.8
427.99,109,1061,1,3,0.8660254037844386,0.5000000000000001,0.8889,431.8
949.92,236,767,0,9,-0.8660254037844385,-0.5000000000000004,3.1672,980.01
102.25,157,1697,1,1,0.0,1.0,-0.0039,102.24
1859.52,316,1027,1,5,0.8660254037844387,-0.4999999999999998,3.2832,1920.57
57.22,109,1217,0,8,-0.4999999999999997,-0.8660254037844388,5.5236,60.38
1113.89,225,1195,1,4,1.0,6.123233995736766e-17,1.2488,1127.8
3077.55,279,1636,1,8,-0.4999999999999997,-0.8660254037844388,4.5285,3216.92
1699.21,358,672,0,6,0.49999999999999994,-0.8660254037844387,7.0455,1818.93
77.0,89,320,0,12,-0.5000000000000004,0.8660254037844384,-0.3657,76.72
2058.34,268,309,0,4,1.0,6.123233995736766e-17,0.985,2078.61
89.86,31,1491,0,11,-0.8660254037844386,0.5000000000000001,3.1868,92.72
81.53,198,1639,2,8,-0.4999999999999997,-0.8660254037844388,4.9235,85.55
2033.57,151,489,0,9,-0.8660254037844385,-0.5000000000000004,2.6594,2087.66
109.03,350,798,1,3,0.8660254037844386,0.5000000000000001,4.436,113.86
282.61,283,182,1,1,0.0,1.0,0.6051,284.32
5000.0,339,1432,0,9,-0.8660254037844385,-0.5000000000000004,5.3227,5266.14
122.34,311,680,0,6,0.49999999999999994,-0.8660254037844387,4.1534,127.42
1759.29,150,604,0,4,1.0,6.123233995736766e-17,0.8995,1775.12
633.12,268,403,0,11,-0.8660254037844386,0.5000000000000001,5.027,664.95
239.7,11,164,0,4,1.0,6.123233995736766e-17,-1.1649,236.91
481.89,204,1154,0,6,0.49999999999999994,-0.8660254037844387,5.6363,509.05
271.85,17,439,1,9,-0.8660254037844385,-0.5000000000000004,4.0232,282.79
1902.38,265,391,1,12,-0.5000000000000004,0.8660254037844384,1.4391,1929.76
2868.37,353,1469,0,11,-0.8660254037844386,0.5000000000000001,3.8335,2978.33
284.92,249,842,0,8,-0.4999999999999997,-0.8660254037844388,4.7349,298.41
1031.98,307,483,2,2,0.49999999999999994,0.8660254037844387,-0.4089,1027.76
509.45,85,466,0,2,0.49999999999999994,0.8660254037844387,-0.4447,507.18
1651.42,363,911,1,9,-0.8660254037844385,-0.5000000000000004,5.2319,1737.82
49.3,201,346,0,7,1.2246467991473532e-16,-1.0,7.3254,52.91
291.85,246,1644,2,2,0.49999999999999994,0.8660254037844387,1.782,297.05
285.14,282,1319,0,9,-0.8660254037844385,-0.5000000000000004,4.9181,299.16
983.2,234,1334,0,12,-0.5000000000000004,0.8660254037844384,1.8912,1001.8
128.49,116,910,1,1,0.0,1.0,1.5242,130.45
759.85,223,1484,0,10,-1.0,-1.8369701987210297e-16,4.3362,792.8
4322.77,239,601,1,5,0.8660254037844387,-0.4999999999999998,2.8075,4444.14
60.25,313,853,0,5,0.8660254037844387,-0.4999999999999998,4.4606,62.94
588.83,176,1131,0,9,-0.8660254037844385,-0.5000000000000004,6.0478,624.44
91.47,183,780,0,3,0.8660254037844386,0.5000000000000001,2.5356,93.78
938.87,184,1524,1,2,0.49999999999999994,0.8660254037844387,1.4326,952.32
117.66,41,450,2,12,-0.5000000000000004,0.8660254037844384,-2.2056,115.06
3248.4,32,688,0,5,0.8660254037844387,-0.4999999999999998,0.6883,3270.76
248.59,7,1409,2,3,0.8660254037844386,0.5000000000000001,0.3295,249.41
3714.7,243,494,1,9,-0.8660254037844385,-0.5000000000000004,1.1378,3756.96
44.97,153,605,0,3,0.8660254037844386,0.5000000000000001,0.7303,45.3
3148.21,316,1492,0,10,-1.0,-1.8369701987210297e-16,6.3781,3349.01
174.69,257,938,0,1,0.0,1.0,3.8026,181.34
112.32,51,567,0,7,1.2246467991473532e-16,-1.0,4.7442,117.65
2890.64,36,713,1,5,0.8660254037844387,-0.4999999999999998,-0.3462,2880.64
163.7,133,344,0,12,-0.5000000000000004,0.8660254037844384,1.1476,165.58
855.59,337,1114,0,7,1.2246467991473532e-16,-1.0,6.4326,910.62
1157.07,17,257,1,12,-0.5000000000000004,0.8660254037844384,-3.0605,1121.66
282.0,68,347,0,3,0.8660254037844386,0.5000000000000001,0.4728,283.33
63.16,10,527,2,6,0.49999999999999994,-0.8660254037844387,-0.1981,63.04
4274.78,151,1256,1,10,-1.0,-1.8369701987210297e-16,-1.079,4228.65
1284.91,362,1418,0,2,0.49999999999999994,0.8660254037844387,3.3774,1328.31
2397.13,250,171,0,12,-0.5000000000000004,0.8660254037844384,0.6482,2412.67
2270.87,180,1423,0,10,-1.0,-1.8369701987210297e-16,3.4245,2348.64
2314.97,52,1800,3,9,-0.8660254037844385,-0.5000000000000004,2.0455,2362.33
773.17,130,784,0,3,0.8660254037844386,0.5000000000000001,2.3162,791.08
40.0,191,394,2,10,-1.0,-1.8369701987210297e-16,4.4675,41.79
3713.04,100,1664,3,11,-0.8660254037844386,0.5000000000000001,1.1659,3756.33
2438.03,258,808,0,4,1.0,6.123233995736766e-17,3.4126,2521.23
1821.85,358,1462,1,8,-0.4999999999999997,-0.8660254037844388,5.9021,1929.38
2609.6,75,548,1,1,0.0,1.0,-1.1098,2580.64
117.25,92,856,0,5,0.8660254037844387,-0.4999999999999998,1.7447,119.29
223.94,46,1615,2,2,0.49999999999999994,0.8660254037844387,1.0443,226.28
109.89,265,1016,0,7,1.2246467991473532e-16,-1.0,7.6968,118.35
1094.9,168,1207,2,7,1.2246467991473532e-16,-1.0,1.411,1110.35
490.04,103,1619,1,7,1.2246467991473532e-16,-1.0,6.6571,522.66
76.55,80,757,0,9,-0.8660254037844385,-0.5000000000000004,3.2234,79.01
574.89,25,296,0,12,-0.5000000000000004,0.8660254037844384,-1.4199,566.73
304.03,174,1466,0,3,0.8660254037844386,0.5000000000000001,2.6536,312.1
374.63,250,247,0,3,0.8660254037844386,0.5000000000000001,1.7986,381.37
165.75,86,912,1,3,0.8660254037844386,0.5000000000000001,4.9276,173.92
117.35,0,1141,0,12,-0.5000000000000004,0.8660254037844384,-0.4915,116.77
473.71,173,1462,2,2,0.49999999999999994,0.8660254037844387,0.2127,474.72
155.33,247,1069,0,1,0.0,1.0,2.648,159.44
306.66,126,664,0,2,0.49999999999999994,0.8660254037844387,-0.1883,306.08
232.97,91,315,0,10,-1.0,-1.8369701987210297e-16,2.345,238.44
2886.92,56,100,0,7,1.2246467991473532e-16,-1.0,0.8021,2910.07
99.86,273,552,1,12,-0.5000000000000004,0.8660254037844384,2.7352,102.59
236.75,315,1460,0,3,0.8660254037844386,0.5000000000000001,2.5792,242.86
2314.77,281,1264,1,5,0.8660254037844387,-0.4999999999999998,3.3651,2392.67
191.49,189,866,1,7,1.2246467991473532e-16,-1.0,3.7773,198.73
456.85,265,764,0,1,0.0,1.0,1.2031,462.34
1557.7,145,531,0,12,-0.5000000000000004,0.8660254037844384,-2.3955,1520.38
60.13,8,1345,0,10,-1.0,-1.8369701987210297e-16,-1.5104,59.23
4224.25,134,705,0,2,0.49999999999999994,0.8660254037844387,-0.2191,4214.99
530.18,257,1503,1,11,-0.8660254037844386,0.5000000000000001,0.3972,532.29
1241.8,236,119,0,6,0.49999999999999994,-0.8660254037844387,6.4546,1321.96
3643.78,362,754,0,5,0.8660254037844387,-0.4999999999999998,4.4372,3805.47
3171.28,365,922,0,12,-0.5000000000000004,0.8660254037844384,3.5368,3283.44
148.09,88,1015,0,7,1.2246467991473532e-16,-1.0,5.5435,156.3
489.07,3,331,2,3,0.8660254037844386,0.5000000000000001,-3.6637,471.15
369.91,100,1170,1,10,-1.0,-1.8369701987210297e-16,1.7006,376.2
722.51,320,1445,1,9,-0.8660254037844385,-0.5000000000000004,6.1278,766.79
1413.67,297,179,0,3,0.8660254037844386,0.5000000000000001,2.6803,1451.56
226.82,36,526,0,9,-0.8660254037844385,-0.5000000000000004,3.8973,235.66
431.26,58,664,0,8,-0.4999999999999997,-0.8660254037844388,2.5968,442.46
726.07,206,541,1,4,1.0,6.123233995736766e-17,3.1906,749.23
164.01,241,685,0,6,0.49999999999999994,-0.8660254037844387,4.9767,172.18
1033.6,359,1345,0,11,-0.8660254037844386,0.5000000000000001,5.2271,1087.63
123.09,276,1573,1,3,0.8660254037844386,0.5000000000000001,4.9503,129.18
962.94,77,1062,1,9,-0.8660254037844385,-0.5000000000000004,0.4539,967.31
115.38,13,1333,0,10,-1.0,-1.8369701987210297e-16,2.5831,118.36
2207.84,231,1231,0,12,-0.5000000000000004,0.8660254037844384,0.0653,2209.28
89.25,202,340,2,4,1.0,6.123233995736766e-17,3.3787,92.26
933.93,337,608,0,4,1.0,6.123233995736766e-17,2.2598,955.04
881.77,210,1479,2,12,-0.5000000000000004,0.8660254037844384,1.1993,892.34
341.27,183,689,0,6,0.49999999999999994,-0.8660254037844387,6.1923,362.4
1106.76,111,1253,2,7,1.2246467991473532e-16,-1.0,3.4415,1144.85
2683.1,31,1076,2,7,1.2246467991473532e-16,-1.0,3.2496,2770.29
58.85,320,68,0,7,1.2246467991473532e-16,-1.0,6.2828,62.54
1245.42,302,1058,1,8,-0.4999999999999997,-0.8660254037844388,7.5706,1339.7
305.27,59,600,0,6,0.49999999999999994,-0.8660254037844387,2.0131,311.41
1336.56,257,1171,0,5,0.8660254037844387,-0.4999999999999998,4.1975,1392.66
3663.68,133,1338,0,5,0.8660254037844387,-0.4999999999999998,0.6121,3686.11
783.81,159,270,1,8,-0.4999999999999997,-0.8660254037844388,2.6063,804.24
92.16,310,566,0,10,-1.0,-1.8369701987210297e-16,2.8613,94.79
316.34,308,616,0,7,1.2246467991473532e-16,-1.0,4.2216,329.69
742.96,69,1551,3,9,-0.8660254037844385,-0.5000000000000004,-0.8294,736.8
78.9,112,755,2,5,0.8660254037844387,-0.4999999999999998,2.3133,80.72
1031.62,300,868,0,10,-1.0,-1.8369701987210297e-16,4.3705,1076.71
1723.12,335,1367,0,5,0.8660254037844387,-0.4999999999999998,6.0772,1827.84
1834.54,28,903,0,6,0.49999999999999994,-0.8660254037844387,4.2914,1913.26
63.0,305,188,0,1,0.0,1.0,3.3457,65.11
1320.08,179,967,2,4,1.0,6.123233995736766e-17,0.0881,1321.25
313.84,216,1563,3,9,-0.8660254037844385,-0.5000000000000004,2.3283,321.15
127.29,27,747,0,2,0.49999999999999994,0.8660254037844387,0.553,128.0
732.03,249,1476,0,3,0.8660254037844386,0.5000000000000001,3.3766,756.75
884.93,248,1359,0,10,-1.0,-1.8369701987210297e-16,6.0081,938.1
350.92,242,429,0,11,-0.8660254037844386,0.5000000000000001,1.9532,357.77
2384.16,289,647,0,5,0.8660254037844387,-0.4999999999999998,5.4994,2515.27
79.9,346,314,0,5,0.8660254037844387,-0.4999999999999998,5.2296,84.08
263.11,311,323,0,7,1.2246467991473532e-16,-1.0,6.3903,279.93
153.88,272,580,0,10,-1.0,-1.8369701987210297e-16,4.8325,161.31
59.45,359,859,1,6,0.49999999999999994,-0.8660254037844387,6.585,63.37
212.55,246,632,1,3,0.8660254037844386,0.5000000000000001,0.9531,214.58
1611.4,245,1112,0,6,0.49999999999999994,-0.8660254037844387,5.7308,1703.74
441.78,198,266,0,4,1.0,6.123233995736766e-17,3.532,457.38
348.25,281,910,1,9,-0.8660254037844385,-0.5000000000000004,4.9936,365.64
553.06,26,1338,0,2,0.49999999999999994,0.8660254037844387,-4.1005,530.38
248.11,185,1482,2,8,-0.4999999999999997,-0.8660254037844388,4.332,258.86
69.16,155,342,0,2,0.49999999999999994,0.8660254037844387,2.2353,70.71
650.94,334,576,2,12,-0.5000000000000004,0.8660254037844384,-0.351,648.65
2815.99,26,1393,0,8,-0.4999999999999997,-0.8660254037844388,4.5202,2943.28
2090.44,235,1021,1,2,0.49999999999999994,0.8660254037844387,0.1215,2092.97
176.11,67,1325,0,12,-0.5000000000000004,0.8660254037844384,0.7061,177.35
445.84,323,1386,1,7,1.2246467991473532e-16,-1.0,6.5887,475.22
640.8,311,860,1,8,-0.4999999999999997,-0.8660254037844388,4.0423,666.7
2137.46,86,815,0,1,0.0,1.0,1.1006,2160.99
111.42,319,694,1,3,0.8660254037844386,0.5000000000000001,5.1773,117.19
96.06,181,972,0,10,-1.0,-1.8369701987210297e-16,2.4495,98.41
4219.22,355,990,0,6,0.49999999999999994,-0.8660254037844387,5.6084,4455.85
104.8,267,1033,0,8,-0.4999999999999997,-0.8660254037844388,9.429,114.69
5000.0,12,1536,1,12,-0.5000000000000004,0.8660254037844384,0.1759,5008.79
963.97,74,1495,2,6,0.49999999999999994,-0.8660254037844387,0.3467,967.31
378.56,147,193,0,5,0.8660254037844387,-0.4999999999999998,4.7864,396.68
106.2,77,666,1,10,-1.0,-1.8369701987210297e-16,-3.0928,102.91
3132.03,48,1324,2,1,0.0,1.0,-0.7733,3107.8
116.94,357,1101,1,6,0.49999999999999994,-0.8660254037844387,5.401,123.26
386.31,318,1303,0,11,-0.8660254037844386,0.5000000000000001,4.5841,404.02
56.46,159,650,0,3,0.8660254037844386,0.5000000000000001,2.9568,58.13
63.2,78,1241,0,4,1.0,6.123233995736766e-17,3.4514,65.39
1388.93,66,614,0,6,0.49999999999999994,-0.8660254037844387,3.9325,1443.55
99.07,335,257,0,1,0.0,1.0,1.4695,100.53
792.63,121,818,1,1,0.0,1.0,-1.0134,784.6
1140.64,4,350,1,4,1.0,6.123233995736766e-17,0.5883,1147.35
458.01,145,738,1,11,-0.8660254037844386,0.5000000000000001,1.3201,464.06
886.85,166,397,0,3,0.8660254037844386,0.5000000000000001,0.3248,889.73
105.07,228,82,0,9,-0.8660254037844385,-0.5000000000000004,3.7818,109.05
2589.77,123,1234,1,6,0.49999999999999994,-0.8660254037844387,3.1444,2671.2
144.35,337,1125,0,10,-1.0,-1.8369701987210297e-16,4.8488,151.35
690.42,235,706,2,4,1.0,6.123233995736766e-17,2.9239,710.61
2585.73,361,895,0,11,-0.8660254037844386,0.5000000000000001,1.8816,2634.39
2013.04,134,776,0,5,0.8660254037844387,-0.4999999999999998,5.5027,2123.81
47.06,238,324,1,10,-1.0,-1.8369701987210297e-16,3.4275,48.67
295.6,133,1118,1,10,-1.0,-1.8369701987210297e-16,0.0128,295.63
2271.03,256,425,0,6,0.49999999999999994,-0.8660254037844387,4.8382,2380.91
3154.81,272,1353,1,9,-0.8660254037844385,-0.5000000000000004,2.7503,3241.58
1023.79,117,934,0,2,0.49999999999999994,0.8660254037844387,0.6718,1030.66
60.34,343,207,0,6,0.49999999999999994,-0.8660254037844387,5.7553,63.81
323.8,313,799,0,5,0.8660254037844387,-0.4999999999999998,6.6107,345.2
3545.5,327,372,1,12,-0.5000000000000004,0.8660254037844384,1.7251,3606.66
88.7,79,1193,1,12,-0.5000000000000004,0.8660254037844384,1.1935,89.75
1830.11,262,478,0,10,-1.0,-1.8369701987210297e-16,5.7629,1935.57
335.95,38,832,1,12,-0.5000000000000004,0.8660254037844384,-1.505,330.9
1762.97,38,1125,1,12,-0.5000000000000004,0.8660254037844384,1.1132,1782.59
74.29,356,1274,0,10,-1.0,-1.8369701987210297e-16,7.8001,80.08
50.19,55,790,0,8,-0.4999999999999997,-0.8660254037844388,4.8735,52.63
145.36,316,157,0,3,0.8660254037844386,0.5000000000000001,3.4808,150.42
2463.02,157,421,0,10,-1.0,-1.8369701987210297e-16,3.2298,2542.57
1298.0,111,1245,2,3,0.8660254037844386,0.5000000000000001,-0.1976,1295.43
652.0,26,288,1,3,0.8660254037844386,0.5000000000000001,-1.9243,639.45
4862.66,247,585,0,11,-0.8660254037844386,0.5000000000000001,1.1258,4917.41
218.12,264,515,0,2,0.49999999999999994,0.8660254037844387,2.6526,223.91
2319.43,170,491,0,2,0.49999999999999994,0.8660254037844387,-0.3604,2311.07
101.82,296,1433,0,7,1.2246467991473532e-16,-1.0,6.1709,108.11
135.19,118,1418,0,8,-0.4999999999999997,-0.8660254037844388,3.7916,140.31
564.48,201,1351,0,1,0.0,1.0,0.2888,566.11
5000.0,104,1302,0,5,0.8660254037844387,-0.4999999999999998,2.1805,5109.02
1632.68,213,1345,0,3,0.8660254037844386,0.5000000000000001,1.4801,1656.85
65.06,49,312,0,4,1.0,6.123233995736766e-17,1.8506,66.27
4031.4,174,617,0,3,0.8660254037844386,0.5000000000000001,0.0849,4034.82
1285.82,201,128,0,9,-0.8660254037844385,-0.5000000000000004,3.5633,1331.63
1819.1,203,1205,0,6,0.49999999999999994,-0.8660254037844387,7.9226,1963.22
786.44,163,1307,0,12,-0.5000000000000004,0.8660254037844384,3.3784,813.0
216.44,235,87,0,1,0.0,1.0,-0.693,214.94
62.24,187,413,2,10,-1.0,-1.8369701987210297e-16,1.7532,63.33
705.96,103,290,0,11,-0.8660254037844386,0.5000000000000001,-1.4686,695.59
110.72,78,1555,1,6,0.49999999999999994,-0.8660254037844387,4.6588,115.87
906.73,237,1195,0,9,-0.8660254037844385,-0.5000000000000004,5.159,953.51
523.92,343,448,0,6,0.49999999999999994,-0.8660254037844387,5.9844,555.27
572.59,275,111,0,8,-0.4999999999999997,-0.8660254037844388,2.9423,589.44
2251.34,233,762,1,11,-0.8660254037844386,0.5000000000000001,0.5052,2262.72
339.68,337,1168,3,7,1.2246467991473532e-16,-1.0,6.6811,362.37
268.88,329,110,0,7,1.2246467991473532e-16,-1.0,6.1745,285.48
61.78,185,727,0,12,-0.5000000000000004,0.8660254037844384,0.8992,62.34
191.09,39,957,1,6,0.49999999999999994,-0.8660254037844387,1.505,193.96
90.11,232,1473,0,3,0.8660254037844386,0.5000000000000001,3.6652,93.41
74.97,227,319,0,9,-0.8660254037844385,-0.5000000000000004,4.3538,78.23
288.53,101,402,1,9,-0.8660254037844385,-0.5000000000000004,0.5706,290.18
310.92,310,672,0,3,0.8660254037844386,0.5000000000000001,2.9532,320.11
3653.62,318,690,1,9,-0.8660254037844385,-0.5000000000000004,3.2363,3771.86
104.82,121,1383,0,1,0.0,1.0,0.8166,105.67
112.95,174,1190,0,4,1.0,6.123233995736766e-17,3.4939,116.89
1429.69,71,742,3,11,-0.8660254037844386,0.5000000000000001,-0.817,1418.01
47.4,65,532,0,8,-0.4999999999999997,-0.8660254037844388,4.238,49.41
1111.69,96,969,0,8,-0.4999999999999997,-0.8660254037844388,5.8253,1176.45
1989.45,133,1313,0,8,-0.4999999999999997,-0.8660254037844388,4.6269,2081.5
756.41,99,339,0,2,0.49999999999999994,0.8660254037844387,0.9307,763.45
161.66,55,476,0,12,-0.5000000000000004,0.8660254037844384,-1.8098,158.73
82.6,163,932,0,4,1.0,6.123233995736766e-17,4.1529,86.03
5000.0,228,1296,0,10,-1.0,-1.8369701987210297e-16,2.7568,5137.84
2392.36,119,466,0,12,-0.5000000000000004,0.8660254037844384,0.8707,2413.19
1524.07,195,918,1,3,0.8660254037844386,0.5000000000000001,1.8144,1551.72
127.58,99,1037,0,8,-0.4999999999999997,-0.8660254037844388,7.3573,136.97
381.07,257,1106,2,1,0.0,1.0,-0.2544,380.1
1581.2,237,1167,0,8,-0.4999999999999997,-0.8660254037844388,4.2172,1647.89
77.3,351,794,0,6,0.49999999999999994,-0.8660254037844387,7.5636,83.15
5000.0,19,1737,2,1,0.0,1.0,-2.362,4881.9
4776.51,312,1132,1,9,-0.8660254037844385,-0.5000000000000004,2.902,4915.12
121.4,124,1382,0,12,-0.5000000000000004,0.8660254037844384,2.5232,124.47
146.9,24,1296,0,1,0.0,1.0,-0.424,146.28
220.77,252,460,1,11,-0.8660254037844386,0.5000000000000001,2.8154,226.99
495.93,62,1351,0,11,-0.8660254037844386,0.5000000000000001,-1.1669,490.14
293.75,64,232,0,7,1.2246467991473532e-16,-1.0,2.8701,302.18
1060.88,358,456,0,11,-0.8660254037844386,0.5000000000000001,3.0051,1092.76
338.27,80,312,1,4,1.0,6.123233995736766e-17,1.2533,342.51
85.35,200,262,1,9,-0.8660254037844385,-0.5000000000000004,4.6213,89.3
184.78,73,1093,0,9,-0.8660254037844385,-0.5000000000000004,3.5113,191.27
283.3,45,608,2,7,1.2246467991473532e-16,-1.0,3.2563,292.52
445.46,0,317,0,11,-0.8660254037844386,0.5000000000000001,-1.1286,440.44
3569.26,5,777,1,11,-0.8660254037844386,0.5000000000000001,-0.2241,3561.26
88.53,173,1210,0,10,-1.0,-1.8369701987210297e-16,1.8774,90.19
2555.54,158,1381,1,8,-0.4999999999999997,-0.8660254037844388,0.0326,2556.37
264.73,14,1449,0,12,-0.5000000000000004,0.8660254037844384,2.087,270.25
1069.21,127,125,0,7,1.2246467991473532e-16,-1.0,2.3398,1094.23
125.97,99,260,0,8,-0.4999999999999997,-0.8660254037844388,1.2721,127.57
278.75,209,857,2,3,0.8660254037844386,0.5000000000000001,1.4551,282.8
333.77,364,457,0,4,1.0,6.123233995736766e-17,3.6178,345.85
1238.41,253,186,0,11,-0.8660254037844386,0.5000000000000001,1.9349,1262.37
105.61,336,808,0,6,0.49999999999999994,-0.8660254037844387,7.6419,113.68
237.17,70,804,1,7,1.2246467991473532e-16,-1.0,3.2641,244.92
557.68,78,793,1,10,-1.0,-1.8369701987210297e-16,2.9439,574.1
748.83,274,77,0,4,1.0,6.123233995736766e-17,0.7656,754.57
64.88,113,665,0,4,1.0,6.123233995736766e-17,-0.3953,64.63
73.7,310,854,1,1,0.0,1.0,2.7152,75.7
1167.4,169,361,0,3,0.8660254037844386,0.5000000000000001,0.6305,1174.76
315.88,73,1202,0,7,1.2246467991473532e-16,-1.0,1.8642,321.77
128.51,309,1339,0,9,-0.8660254037844385,-0.5000000000000004,7.1904,137.75
207.77,201,1397,0,4,1.0,6.123233995736766e-17,1.7146,211.33
891.01,293,1271,2,6,0.49999999999999994,-0.8660254037844387,4.6273,932.24
4906.26,165,1232,1,3,0.8660254037844386,0.5000000000000001,2.2862,5018.43
1185.5,46,269,0,10,-1.0,-1.8369701987210297e-16,0.8298,1195.34
2032.64,249,854,1,7,1.2246467991473532e-16,-1.0,5.0462,2135.21
584.52,45,51,0,2,0.49999999999999994,0.8660254037844387,-2.0689,572.42
292.61,242,1155,2,8,-0.4999999999999997,-0.8660254037844388,5.1629,307.72
5000.0,152,1155,0,5,0.8660254037844387,-0.4999999999999998,4.3388,5216.94
77.6,289,1273,2,11,-0.8660254037844386,0.5000000000000001,2.0375,79.18
1537.52,318,234,2,4,1.0,6.123233995736766e-17,0.005,1537.6
161.08,149,985,2,11,-0.8660254037844386,0.5000000000000001,2.6616,165.36
1033.03,322,1326,0,9,-0.8660254037844385,-0.5000000000000004,8.213,1117.88
3778.4,40,301,1,2,0.49999999999999994,0.8660254037844387,0.0439,3780.06
2705.48,39,1038,1,10,-1.0,-1.8369701987210297e-16,-3.2791,2616.77
2227.3,363,409,0,9,-0.8660254037844385,-0.5000000000000004,6.3527,2368.79
2925.8,210,1399,0,6,0.49999999999999994,-0.8660254037844387,4.0389,3043.97
432.55,164,1042,1,2,0.49999999999999994,0.8660254037844387,3.8,448.98
366.26,56,1510,2,6,0.49999999999999994,-0.8660254037844387,1.4698,371.64
553.51,105,890,1,8,-0.4999999999999997,-0.8660254037844388,2.0149,564.66
226.58,251,1347,0,2,0.49999999999999994,0.8660254037844387,2.8294,232.99
414.37,300,656,1,5,0.8660254037844387,-0.4999999999999998,3.9666,430.81
99.26,335,1127,0,9,-0.8660254037844385,-0.5000000000000004,5.9162,105.14
3074.54,149,670,0,7,1.2246467991473532e-16,-1.0,5.5496,3245.16
1631.4,166,1032,1,12,-0.5000000000000004,0.8660254037844384,2.3628,1669.94
72.75,59,1227,1,3,0.8660254037844386,0.5000000000000001,-0.0324,72.73
916.35,30,514,1,10,-1.0,-1.8369701987210297e-16,2.6436,940.58
2093.29,160,1308,0,6,0.49999999999999994,-0.8660254037844387,2.7351,2150.54
3164.71,212,1104,0,3,0.8660254037844386,0.5000000000000001,1.2437,3204.07
222.89,38,853,1,12,-0.5000000000000004,0.8660254037844384,3.5921,230.89
986.09,149,907,0,8,-0.4999999999999997,-0.8660254037844388,5.0479,1035.87
186.98,234,1284,3,7,1.2246467991473532e-16,-1.0,3.7655,194.02
2506.4,296,872,2,4,1.0,6.123233995736766e-17,2.885,2578.71
3387.45,343,1351,2,11,-0.8660254037844386,0.5000000000000001,3.1306,3493.5
72.75,124,1154,2,1,0.0,1.0,1.0163,73.48
213.62,143,1179,0,2,0.49999999999999994,0.8660254037844387,3.8275,221.8
64.45,320,383,0,3,0.8660254037844386,0.5000000000000001,2.1225,65.82
229.77,253,220,1,8,-0.4999999999999997,-0.8660254037844388,3.4095,237.6
45.76,100,633,0,2,0.49999999999999994,0.8660254037844387,-0.0954,45.72
2314.04,250,1388,1,10,-1.0,-1.8369701987210297e-16,1.7899,2355.46
280.07,57,225,0,3,0.8660254037844386,0.5000000000000001,0.2891,280.88
715.04,164,1516,2,9,-0.8660254037844385,-0.5000000000000004,1.5453,726.09
1495.18,112,641,0,10,-1.0,-1.8369701987210297e-16,2.3175,1529.84
1147.43,363,467,1,11,-0.8660254037844386,0.5000000000000001,3.1439,1183.51
205.44,12,724,0,4,1.0,6.123233995736766e-17,-0.3236,204.78
2354.47,313,1441,1,1,0.0,1.0,0.591,2368.38
1229.67,102,1641,2,10,-1.0,-1.8369701987210297e-16,0.5181,1236.04
142.18,13,937,0,6,0.49999999999999994,-0.8660254037844387,3.3028,146.88
55.39,241,812,0,12,-0.5000000000000004,0.8660254037844384,2.5588,56.8
2005.08,248,1219,0,3,0.8660254037844386,0.5000000000000001,3.9569,2084.42
132.5,52,1556,1,7,1.2246467991473532e-16,-1.0,5.7202,140.08
96.34,14,1348,1,2,0.49999999999999994,0.8660254037844387,-1.3105,95.08
459.65,40,1687,1,6,0.49999999999999994,-0.8660254037844387,4.3364,479.58
4438.34,149,1255,0,1,0.0,1.0,2.6636,4556.56
1019.98,48,116,0,10,-1.0,-1.8369701987210297e-16,2.0676,1041.07
1497.02,257,277,2,8,-0.4999999999999997,-0.8660254037844388,3.3598,1547.32
176.88,28,975,1,2,0.49999999999999994,0.8660254037844387,-0.2537,176.43
3136.44,288,1438,0,6,0.49999999999999994,-0.8660254037844387,3.5187,3246.8
295.87,320,480,0,6,0.49999999999999994,-0.8660254037844387,5.2903,311.52
5000.0,262,1451,0,9,-0.8660254037844385,-0.5000000000000004,2.3929,5119.65
840.83,345,1370,1,6,0.49999999999999994,-0.8660254037844387,7.5517,904.33
646.45,343,322,1,6,0.49999999999999994,-0.8660254037844387,4.3664,674.67
3628.32,17,908,1,10,-1.0,-1.8369701987210297e-16,-0.0111,3627.92
3609.15,125,532,1,7,1.2246467991473532e-16,-1.0,2.109,3685.27
40.0,278,288,2,10,-1.0,-1.8369701987210297e-16,0.6391,40.26
158.88,124,1050,0,11,-0.8660254037844386,0.5000000000000001,3.5478,164.52
712.45,269,358,0,11,-0.8660254037844386,0.5000000000000001,2.8439,732.71
50.03,283,859,0,12,-0.5000000000000004,0.8660254037844384,4.6052,52.33
258.64,364,1680,3,9,-0.8660254037844385,-0.5000000000000004,2.066,263.98
115.25,120,775,1,7,1.2246467991473532e-16,-1.0,6.64,122.9
417.13,127,160,0,7,1.2246467991473532e-16,-1.0,3.5359,431.88
589.79,8,229,1,3,0.8660254037844386,0.5000000000000001,-0.4457,587.16
107.24,104,596,0,10,-1.0,-1.8369701987210297e-16,-1.1177,106.04
430.01,102,107,0,9,-0.8660254037844385,-0.5000000000000004,2.9639,442.75
377.49,165,1419,1,11,-0.8660254037844386,0.5000000000000001,1.957,384.88
4707.1,154,881,3,9,-0.8660254037844385,-0.5000000000000004,1.269,4766.83
45.89,313,87,0,6,0.49999999999999994,-0.8660254037844387,5.4295,48.38
1959.32,283,248,0,4,1.0,6.123233995736766e-17,1.6976,1992.58
5000.0,266,1410,2,12,-0.5000000000000004,0.8660254037844384,-1.3934,4930.33
669.69,1,1102,1,9,-0.8660254037844385,-0.5000000000000004,-0.5506,666.0
1348.87,172,1223,1,11,-0.8660254037844386,0.5000000000000001,1.5015,1369.12
78.69,267,550,0,8,-0.4999999999999997,-0.8660254037844388,8.006,84.99
221.36,89,511,0,7,1.2246467991473532e-16,-1.0,5.9507,234.54
123.57,155,1022,0,1,0.0,1.0,2.1851,126.27
568.79,266,209,0,1,0.0,1.0,0.159,569.69
3930.35,290,792,1,9,-0.8660254037844385,-0.5000000000000004,6.9756,4204.52
41.2,312,266,1,3,0.8660254037844386,0.5000000000000001,3.5917,42.68
463.4,157,736,1,1,0.0,1.0,1.3109,469.48
1863.42,146,1456,0,10,-1.0,-1.8369701987210297e-16,0.7817,1877.98
440.55,140,1282,0,8,-0.4999999999999997,-0.8660254037844388,5.4222,464.43
683.89,244,1195,1,2,0.49999999999999994,0.8660254037844387,-0.2145,682.42
442.03,153,1002,0,6,0.49999999999999994,-0.8660254037844387,8.1405,478.02
736.91,146,592,0,6,0.49999999999999994,-0.8660254037844387,2.9153,758.39
73.85,61,1071,0,1,0.0,1.0,0.0191,73.87
756.23,175,1258,0,8,-0.4999999999999997,-0.8660254037844388,4.1089,787.3
551.48,86,859,0,5,0.8660254037844387,-0.4999999999999998,2.7733,566.77
84.74,192,195,0,11,-0.8660254037844386,0.5000000000000001,2.9811,87.27
668.07,325,1305,2,2,0.49999999999999994,0.8660254037844387,1.7305,679.63
326.01,283,229,0,11,-0.8660254037844386,0.5000000000000001,2.4179,333.89
722.26,174,684,1,1,0.0,1.0,1.3492,732.0
597.11,357,569,1,10,-1.0,-1.8369701987210297e-16,1.3744,605.31
232.23,358,118,0,10,-1.0,-1.8369701987210297e-16,4.9896,243.82
2205.64,162,1156,0,5,0.8660254037844387,-0.4999999999999998,3.9975,2293.82
279.59,279,984,0,4,1.0,6.123233995736766e-17,3.5337,289.47
421.33,125,640,0,2,0.49999999999999994,0.8660254037844387,1.0724,425.85
329.67,321,600,0,5,0.8660254037844387,-0.4999999999999998,5.5221,347.88
513.37,136,1212,2,9,-0.8660254037844385,-0.5000000000000004,-0.9768,508.36
2117.31,94,818,0,9,-0.8660254037844385,-0.5000000000000004,4.8938,2220.92
1132.34,49,383,0,3,0.8660254037844386,0.5000000000000001,1.5461,1149.85
58.55,308,1125,3,1,0.0,1.0,-0.4376,58.29
580.01,108,1322,1,7,1.2246467991473532e-16,-1.0,3.1066,598.03
87.08,297,916,1,7,1.2246467991473532e-16,-1.0,8.4618,94.44
1762.13,31,1212,0,12,-0.5000000000000004,0.8660254037844384,0.5889,1772.51
5000.0,183,1178,2,10,-1.0,-1.8369701987210297e-16,2.2605,5113.02
845.88,156,770,1,7,1.2246467991473532e-16,-1.0,4.7987,886.47
339.82,160,1343,1,8,-0.4999999999999997,-0.8660254037844388,5.3474,357.99
57.09,61,513,1,8,-0.4999999999999997,-0.8660254037844388,1.8007,58.11
245.99,27,957,0,6,0.49999999999999994,-0.8660254037844387,2.885,253.08
659.77,126,1400,2,9,-0.8660254037844385,-0.5000000000000004,4.2808,688.01
2546.9,172,658,3,3,0.8660254037844386,0.5000000000000001,0.5524,2560.97
482.22,290,627,1,10,-1.0,-1.8369701987210297e-16,3.7912,500.51
3691.81,169,166,0,11,-0.8660254037844386,0.5000000000000001,-0.618,3669.0
229.55,90,491,1,6,0.49999999999999994,-0.8660254037844387,4.8654,240.72
40.0,96,184,0,6,0.49999999999999994,-0.8660254037844387,2.3655,40.95
1003.81,223,1085,1,6,0.49999999999999994,-0.8660254037844387,6.9135,1073.21
102.58,159,222,0,10,-1.0,-1.8369701987210297e-16,1.5987,104.22
157.57,329,995,1,3,0.8660254037844386,0.5000000000000001,2.2911,161.18
40.54,160,429,2,5,0.8660254037844387,-0.4999999999999998,3.0686,41.78
685.47,207,1185,0,8,-0.4999999999999997,-0.8660254037844388,5.7076,724.59
177.11,23,1266,1,9,-0.8660254037844385,-0.5000000000000004,2.7765,182.03
4787.46,70,776,2,4,1.0,6.123233995736766e-17,-1.8217,4700.25
2810.99,311,1115,0,2,0.49999999999999994,0.8660254037844387,2.8712,2891.7
1189.67,126,373,0,7,1.2246467991473532e-16,-1.0,5.0817,1250.13
273.33,154,969,0,8,-0.4999999999999997,-0.8660254037844388,5.1203,287.32
75.07,216,1188,1,10,-1.0,-1.8369701987210297e-16,1.6639,76.32
1074.16,21,680,0,1,0.0,1.0,-1.4821,1058.24
59.22,185,1065,0,1,0.0,1.0,0.5756,59.56
487.02,126,1425,0,5,0.8660254037844387,-0.4999999999999998,1.2531,493.12
57.63,54,646,0,7,1.2246467991473532e-16,-1.0,3.5801,59.7
578.51,153,457,0,1,0.0,1.0,2.8241,594.85
642.34,163,781,1,3,0.8660254037844386,0.5000000000000001,1.2389,650.3
605.73,68,871,0,6,0.49999999999999994,-0.8660254037844387,3.3929,626.28
1125.54,198,406,1,4,1.0,6.123233995736766e-17,2.8497,1157.61
182.68,273,1639,1,9,-0.8660254037844385,-0.5000000000000004,6.2639,194.12
148.07,97,964,2,1,0.0,1.0,-2.2549,144.73
435.17,353,1448,0,11,-0.8660254037844386,0.5000000000000001,6.9293,465.32
1678.38,224,1563,1,3,0.8660254037844386,0.5000000000000001,2.2317,1715.84
61.15,282,235,1,6,0.49999999999999994,-0.8660254037844387,6.3365,65.03
2375.74,25,210,0,12,-0.5000000000000004,0.8660254037844384,-2.8403,2308.27
125.65,280,309,0,8,-0.4999999999999997,-0.8660254037844388,2.6453,128.97
90.41,123,871,0,12,-0.5000000000000004,0.8660254037844384,1.547,91.81
762.13,259,745,1,1,0.0,1.0,-0.5928,757.62
122.82,294,71,0,9,-0.8660254037844385,-0.5000000000000004,6.2816,130.53
331.3,91,1012,2,1,0.0,1.0,-2.5349,322.91
56.91,94,621,1,8,-0.4999999999999997,-0.8660254037844388,4.0358,59.21
516.04,21,1390,1,4,1.0,6.123233995736766e-17,2.0324,526.53
217.53,221,1345,3,10,-1.0,-1.8369701987210297e-16,3.2411,224.58
131.24,283,1465,1,2,0.49999999999999994,0.8660254037844387,2.0177,133.89
306.28,150,870,0,11,-0.8660254037844386,0.5000000000000001,-0.3443,305.22
2018.88,58,1058,0,6,0.49999999999999994,-0.8660254037844387,1.0835,2040.75
1312.93,115,256,1,7,1.2246467991473532e-16,-1.0,1.4924,1332.53
301.95,147,1151,0,7,1.2246467991473532e-16,-1.0,3.3985,312.21
4772.71,335,1004,2,1,0.0,1.0,0.6941,4805.84
59.84,45,51,0,4,1.0,6.123233995736766e-17,0.0245,59.85
1994.19,125,160,0,9,-0.8660254037844385,-0.5000000000000004,0.0867,1995.92
4450.96,233,676,1,12,-0.5000000000000004,0.8660254037844384,-1.6166,4379.0
670.57,86,733,1,12,-0.5000000000000004,0.8660254037844384,-2.6487,652.81
55.78,323,682,2,7,1.2246467991473532e-16,-1.0,5.7168,58.97
4283.12,332,1164,0,4,1.0,6.123233995736766e-17,2.9926,4411.29
361.48,139,695,0,6,0.49999999999999994,-0.8660254037844387,4.6848,378.42
93.83,273,570,1,6,0.49999999999999994,-0.8660254037844387,5.3763,98.87
3789.29,276,1457,2,5,0.8660254037844387,-0.4999999999999998,3.2708,3913.23
346.18,249,705,0,5,0.8660254037844387,-0.4999999999999998,5.9056,366.62
610.39,68,1406,1,11,-0.8660254037844386,0.5000000000000001,-1.4452,601.57
704.01,18,773,0,5,0.8660254037844387,-0.4999999999999998,3.0815,725.7
4057.52,127,1320,1,1,0.0,1.0,0.4012,4073.8
623.37,48,1287,0,9,-0.8660254037844385,-0.5000000000000004,2.7521,640.52
2801.47,106,799,3,8,-0.4999999999999997,-0.8660254037844388,0.6058,2818.44
81.38,233,221,0,5,0.8660254037844387,-0.4999999999999998,4.4434,84.99
1012.82,215,1266,1,8,-0.4999999999999997,-0.8660254037844388,5.378,1067.29
613.11,76,1069,1,12,-0.5000000000000004,0.8660254037844384,-2.1043,600.21
185.21,6,395,0,12,-0.5000000000000004,0.8660254037844384,-0.0067,185.2
92.17,82,89,0,10,-1.0,-1.8369701987210297e-16,4.2639,96.1
82.82,166,1500,1,8,-0.4999999999999997,-0.8660254037844388,5.2455,87.16
128.42,285,343,1,1,0.0,1.0,3.3021,132.66
1165.96,133,840,1,7,1.2246467991473532e-16,-1.0,4.5755,1219.3
151.96,104,527,1,10,-1.0,-1.8369701987210297e-16,2.4181,155.63
1383.07,201,620,0,11,-0.8660254037844386,0.5000000000000001,0.6805,1392.48
3569.85,26,1510,2,10,-1.0,-1.8369701987210297e-16,-0.5356,3550.73
1267.15,82,786,0,12,-0.5000000000000004,0.8660254037844384,-1.3959,1249.46
1600.05,13,260,1,7,1.2246467991473532e-16,-1.0,2.5544,1640.92
582.16,192,511,2,2,0.49999999999999994,0.8660254037844387,-1.1993,575.17
5000.0,162,1705,2,6,0.49999999999999994,-0.8660254037844387,5.9784,5298.92
1476.9,213,411,0,4,1.0,6.123233995736766e-17,3.0832,1522.44
208.13,225,667,0,11,-0.8660254037844386,0.5000000000000001,3.4979,215.41
1717.53,144,1337,1,10,-1.0,-1.8369701987210297e-16,0.1697,1720.45
1368.96,318,1266,0,6,0.49999999999999994,-0.8660254037844387,7.007,1464.88
1496.97,336,642,1,5,0.8660254037844387,-0.4999999999999998,3.8868,1555.15
177.88,40,368,0,2,0.49999999999999994,0.8660254037844387,-1.1339,175.86
506.27,336,681,0,1,0.0,1.0,1.3869,513.3
2731.72,71,536,0,4,1.0,6.123233995736766e-17,-0.7889,2710.17
5000.0,90,1200,1,3,0.8660254037844386,0.5000000000000001,0.3582,5017.91
306.46,193,1316,1,4,1.0,6.123233995736766e-17,3.15,316.11
403.02,10,423,0,12,-0.5000000000000004,0.8660254037844384,-3.0767,390.62
209.62,133,597,0,9,-0.8660254037844385,-0.5000000000000004,4.7161,219.51
1607.98,71,1108,0,7,1.2246467991473532e-16,-1.0,7.068,1721.63
57.65,176,900,1,3,0.8660254037844386,0.5000000000000001,0.3282,57.84
4536.17,298,1012,1,11,-0.8660254037844386,0.5000000000000001,1.9712,4625.59
805.51,338,1669,2,8,-0.4999999999999997,-0.8660254037844388,7.7483,867.92
188.88,77,1255,2,7,1.2246467991473532e-16,-1.0,2.6298,193.84
61.82,199,992,0,6,0.49999999999999994,-0.8660254037844387,6.7351,65.99
702.54,173,1102,2,7,1.2246467991473532e-16,-1.0,4.6859,735.46
912.09,151,1262,0,11,-0.8660254037844386,0.5000000000000001,3.0235,939.67
929.97,231,216,1,9,-0.8660254037844385,-0.5000000000000004,5.5242,981.35
423.32,362,170,0,6,0.49999999999999994,-0.8660254037844387,2.7465,434.95
601.39,148,1142,1,9,-0.8660254037844385,-0.5000000000000004,3.848,624.53
209.86,23,999,1,12,-0.5000000000000004,0.8660254037844384,-1.0577,207.64
102.61,335,452,0,4,1.0,6.123233995736766e-17,4.5332,107.27
169.31,341,1212,2,11,-0.8660254037844386,0.5000000000000001,3.2566,174.82
214.09,117,382,2,8,-0.4999999999999997,-0.8660254037844388,2.4538,219.35
2072.29,183,1320,2,3,0.8660254037844386,0.5000000000000001,-0.7623,2056.5
75.87,315,570,0,12,-0.5000000000000004,0.8660254037844384,1.4578,76.97
1118.24,184,1439,3,9,-0.8660254037844385,-0.5000000000000004,5.6948,1181.93
51.02,176,621,1,5,0.8660254037844387,-0.4999999999999998,2.036,52.06
65.02,337,1163,1,3,0.8660254037844386,0.5000000000000001,5.7844,68.78
131.61,303,207,0,11,-0.8660254037844386,0.5000000000000001,1.2611,133.27
314.03,185,1427,1,10,-1.0,-1.8369701987210297e-16,3.4887,324.98
115.66,59,857,1,1,0.0,1.0,2.9924,119.12
2647.97,160,498,1,8,-0.4999999999999997,-0.8660254037844388,4.2921,2761.62
252.35,247,1800,3,2,0.49999999999999994,0.8660254037844387,-1.0642,249.67
328.29,99,197,0,4,1.0,6.123233995736766e-17,1.1078,331.92
5000.0,196,1027,1,7,1.2246467991473532e-16,-1.0,4.2679,5213.4
116.24,241,152,0,3,0.8660254037844386,0.5000000000000001,3.7997,120.66
1098.2,31,1354,0,7,1.2246467991473532e-16,-1.0,3.6069,1137.81
1274.29,208,275,0,6,0.49999999999999994,-0.8660254037844387,3.6572,1320.89
144.67,269,411,0,7,1.2246467991473532e-16,-1.0,8.505,156.98
68.22,78,1000,0,10,-1.0,-1.8369701987210297e-16,5.4783,71.96
2463.49,200,1333,0,2,0.49999999999999994,0.8660254037844387,2.5017,2525.12
176.29,259,651,0,10,-1.0,-1.8369701987210297e-16,3.2825,182.08
198.04,16,662,1,3,0.8660254037844386,0.5000000000000001,-4.0558,190.01
305.34,235,553,0,1,0.0,1.0,-0.287,304.46
71.67,95,1380,0,6,0.49999999999999994,-0.8660254037844387,2.8948,73.75
3311.5,145,1369,0,4,1.0,6.123233995736766e-17,2.5421,3395.69
2151.02,237,223,0,3,0.8660254037844386,0.5000000000000001,2.5587,2206.05
3621.48,1,1355,0,6,0.49999999999999994,-0.8660254037844387,5.2048,3809.97
135.44,6,1507,2,11,-0.8660254037844386,0.5000000000000001,1.6974,137.74
5000.0,163,1032,1,8,-0.4999999999999997,-0.8660254037844388,2.6761,5133.81
917.37,347,417,0,9,-0.8660254037844385,-0.5000000000000004,5.0581,963.77
760.76,2,712,0,2,0.49999999999999994,0.8660254037844387,-0.5782,756.36
1680.57,288,1173,0,1,0.0,1.0,-0.3947,1673.94
1553.94,27,678,1,5,0.8660254037844387,-0.4999999999999998,-0.1028,1552.35
327.93,178,897,2,10,-1.0,-1.8369701987210297e-16,1.7378,333.63
729.64,157,714,0,11,-0.8660254037844386,0.5000000000000001,4.9449,765.72
552.77,171,143,0,2,0.49999999999999994,0.8660254037844387,0.8217,557.32
48.33,29,826,1,6,0.49999999999999994,-0.8660254037844387,1.4443,49.03
40.0,275,239,0,5,0.8660254037844387,-0.4999999999999998,4.1983,41.68
305.71,100,55,0,9,-0.8660254037844385,-0.5000000000000004,3.0883,315.16
611.99,282,680,1,3,0.8660254037844386,0.5000000000000001,1.8841,623.52
1522.74,239,1210,1,6,0.49999999999999994,-0.8660254037844387,4.1976,1586.66
2151.83,201,1475,0,11,-0.8660254037844386,0.5000000000000001,3.3552,2224.03
754.26,112,870,1,6,0.49999999999999994,-0.8660254037844387,5.7055,797.3
210.1,238,1142,0,10,-1.0,-1.8369701987210297e-16,6.3056,223.35
733.79,365,369,0,8,-0.4999999999999997,-0.8660254037844388,5.0994,771.21
178.53,337,1126,1,8,-0.4999999999999997,-0.8660254037844388,6.1856,189.58
2582.61,335,1230,1,4,1.0,6.123233995736766e-17,3.1554,2664.1
310.19,80,588,1,12,-0.5000000000000004,0.8660254037844384,1.4249,314.61
3307.73,214,915,1,3,0.8660254037844386,0.5000000000000001,0.8369,3335.41
100.27,145,1254,1,12,-0.5000000000000004,0.8660254037844384,-1.3062,98.96
1218.1,353,765,2,12,-0.5000000000000004,0.8660254037844384,1.9856,1242.29
378.04,347,992,1,7,1.2246467991473532e-16,-1.0,7.1518,405.08
72.31,317,381,0,11,-0.8660254037844386,0.5000000000000001,2.7708,74.31
669.0,59,886,1,9,-0.8660254037844385,-0.5000000000000004,5.0956,703.09
94.16,116,131,0,9,-0.8660254037844385,-0.5000000000000004,2.2925,96.32
184.3,260,813,1,1,0.0,1.0,3.9663,191.61
410.05,274,777,0,2,0.49999999999999994,0.8660254037844387,0.4058,411.72
318.48,128,1249,0,1,0.0,1.0,1.7545,324.07
274.26,50,678,1,1,0.0,1.0,-1.8276,269.25
215.25,50,119,1,11,-0.8660254037844386,0.5000000000000001,-0.661,213.83
40.0,250,103,0,3,0.8660254037844386,0.5000000000000001,3.532,41.41
275.46,166,830,0,1,0.0,1.0,0.63,277.19
362.19,179,1341,1,12,-0.5000000000000004,0.8660254037844384,0.4198,363.71
927.98,298,1608,3,4,1.0,6.123233995736766e-17,2.2229,948.61
546.85,6,1221,0,10,-1.0,-1.8369701987210297e-16,6.9399,584.8
96.64,276,539,0,12,-0.5000000000000004,0.8660254037844384,2.8938,99.44
757.66,100,758,0,7,1.2246467991473532e-16,-1.0,4.4193,791.14
69.35,340,1338,0,12,-0.5000000000000004,0.8660254037844384,4.5441,72.5
276.63,349,1266,0,12,-0.5000000000000004,0.8660254037844384,0.9676,279.31
836.67,183,831,2,2,0.49999999999999994,0.8660254037844387,1.5253,849.43
893.42,115,745,0,2,0.49999999999999994,0.8660254037844387,1.6073,907.78
81.87,85,146,0,5,0.8660254037844387,-0.4999999999999998,0.1332,81.98
187.59,66,290,0,7,1.2246467991473532e-16,-1.0,7.2425,201.18
419.52,365,815,0,10,-1.0,-1.8369701987210297e-16,4.8658,439.93
334.8,68,798,0,3,0.8660254037844386,0.5000000000000001,-0.3767,333.54
1263.91,163,882,0,3,0.8660254037844386,0.5000000000000001,2.2408,1292.23
1385.12,175,500,0,4,1.0,6.123233995736766e-17,0.9194,1397.86
51.28,248,602,1,4,1.0,6.123233995736766e-17,1.2819,51.94
1555.9,308,703,0,12,-0.5000000000000004,0.8660254037844384,1.5497,1580.01
3840.49,204,1556,1,5,0.8660254037844387,-0.4999999999999998,3.2545,3965.48
4642.48,277,1768,2,11,-0.8660254037844386,0.5000000000000001,-0.7623,4607.09
44.84,207,121,0,1,0.0,1.0,-0.1198,44.78
2808.8,159,562,0,2,0.49999999999999994,0.8660254037844387,-1.216,2774.65
102.02,57,959,2,10,-1.0,-1.8369701987210297e-16,1.0019,103.04
193.67,76,359,0,3,0.8660254037844386,0.5000000000000001,1.8597,197.27
261.9,158,559,0,1,0.0,1.0,1.2422,265.15
159.43,16,423,1,8,-0.4999999999999997,-0.8660254037844388,2.2463,163.01
185.05,115,796,1,2,0.49999999999999994,0.8660254037844387,-1.9723,181.4
137.98,169,1769,2,1,0.0,1.0,0.9174,139.24
1347.28,172,1397,0,5,0.8660254037844387,-0.4999999999999998,2.4844,1380.75
516.77,298,66,0,7,1.2246467991473532e-16,-1.0,2.3665,529.0
932.3,354,971,0,7,1.2246467991473532e-16,-1.0,7.8462,1005.46
695.96,267,1366,0,8,-0.4999999999999997,-0.8660254037844388,3.9453,723.41
156.81,29,1163,0,1,0.0,1.0,0.4768,157.56
552.95,149,134,0,4,1.0,6.123233995736766e-17,1.0181,558.58
969.86,267,612,0,5,0.8660254037844387,-0.4999999999999998,2.9784,998.75
70.03,217,1140,0,4,1.0,6.123233995736766e-17,6.4082,74.52
5000.0,167,1471,0,7,1.2246467991473532e-16,-1.0,3.9188,5195.94
640.69,159,472,0,3,0.8660254037844386,0.5000000000000001,0.6222,644.68
831.72,148,525,1,8,-0.4999999999999997,-0.8660254037844388,2.3145,850.97
591.97,211,408,0,12,-0.5000000000000004,0.8660254037844384,1.3392,599.89
1538.4,65,1469,1,8,-0.4999999999999997,-0.8660254037844388,2.83,1581.94
848.09,189,306,0,5,0.8660254037844387,-0.4999999999999998,2.1767,866.55
1897.02,75,577,0,6,0.49999999999999994,-0.8660254037844387,1.6255,1927.86
86.42,249,590,2,8,-0.4999999999999997,-0.8660254037844388,4.6878,90.47
135.56,316,1800,2,9,-0.8660254037844385,-0.5000000000000004,4.2082,141.26
98.22,185,141,0,4,1.0,6.123233995736766e-17,5.375,103.5
4511.73,141,783,0,1,0.0,1.0,-0.6226,4483.64
208.63,344,500,2,9,-0.8660254037844385,-0.5000000000000004,4.8449,218.74
199.17,241,637,0,8,-0.4999999999999997,-0.8660254037844388,5.6048,210.33
147.74,156,901,0,2,0.49999999999999994,0.8660254037844387,1.5337,150.0
517.02,10,1061,0,8,-0.4999999999999997,-0.8660254037844388,4.4376,539.97
3559.36,5,874,0,1,0.0,1.0,-0.7414,3532.97
1146.95,81,874,1,8,-0.4999999999999997,-0.8660254037844388,3.9079,1191.77
100.9,86,565,1,9,-0.8660254037844385,-0.5000000000000004,3.8134,104.75
2935.87,264,1213,0,1,0.0,1.0,-0.7751,2913.12
4581.63,183,1034,0,9,-0.8660254037844385,-0.5000000000000004,4.4645,4786.18
1521.99,365,1023,0,2,0.49999999999999994,0.8660254037844387,2.3552,1557.83
896.81,197,1230,1,4,1.0,6.123233995736766e-17,2.0877,915.53
1060.82,330,815,2,9,-0.8660254037844385,-0.5000000000000004,9.1343,1157.72
1986.33,202,1472,0,5,0.8660254037844387,-0.4999999999999998,2.0744,2027.54
3436.88,131,1491,1,12,-0.5000000000000004,0.8660254037844384,0.0467,3438.49
1025.53,261,685,0,12,-0.5000000000000004,0.8660254037844384,1.4644,1040.55
502.11,164,525,1,12,-0.5000000000000004,0.8660254037844384,0.2429,503.33
103.68,100,590,0,2,0.49999999999999994,0.8660254037844387,-0.4651,103.2
258.83,173,610,0,3,0.8660254037844386,0.5000000000000001,2.6028,265.57
91.29,243,1461,0,3,0.8660254037844386,0.5000000000000001,2.1751,93.27
1368.13,137,683,1,8,-0.4999999999999997,-0.8660254037844388,3.7945,1420.04
5000.0,257,1416,0,6,0.49999999999999994,-0.8660254037844387,5.5534,5277.67
62.34,358,381,0,9,-0.8660254037844385,-0.5000000000000004,5.3319,65.66
469.96,150,1594,2,4,1.0,6.123233995736766e-17,2.1294,479.97
1638.82,108,1528,1,3,0.8660254037844386,0.5000000000000001,3.2135,1691.48
58.3,147,931,0,8,-0.4999999999999997,-0.8660254037844388,6.4164,62.04
287.19,306,201,0,8,-0.4999999999999997,-0.8660254037844388,5.5306,303.08
2178.04,65,1058,1,9,-0.8660254037844385,-0.5000000000000004,2.7236,2237.36
237.33,356,1371,0,4,1.0,6.123233995736766e-17,5.4838,250.34
1351.21,151,1396,0,7,1.2246467991473532e-16,-1.0,5.7442,1428.82
813.91,308,711,0,12,-0.5000000000000004,0.8660254037844384,1.3216,824.67
1278.42,287,743,0,8,-0.4999999999999997,-0.8660254037844388,8.7018,1389.66
144.93,286,828,1,12,-0.5000000000000004,0.8660254037844384,2.6891,148.82
86.4,332,432,1,6,0.49999999999999994,-0.8660254037844387,9.9354,94.98
56.24,67,996,0,1,0.0,1.0,4.3145,58.66
572.32,217,1764,3,10,-1.0,-1.8369701987210297e-16,1.4032,580.35
100.04,36,556,1,6,0.49999999999999994,-0.8660254037844387,3.3898,103.43
1235.33,109,1370,1,1,0.0,1.0,0.4604,1241.02
477.39,14,184,0,2,0.49999999999999994,0.8660254037844387,-0.1686,476.58
1770.71,249,126,0,4,1.0,6.123233995736766e-17,2.3209,1811.8
2577.59,222,1441,1,3,0.8660254037844386,0.5000000000000001,3.6036,2670.47
199.73,270,289,1,9,-0.8660254037844385,-0.5000000000000004,1.3445,202.41
182.11,64,647,0,8,-0.4999999999999997,-0.8660254037844388,3.1107,187.77
86.36,121,1329,0,4,1.0,6.123233995736766e-17,3.4335,89.32
1532.17,247,552,0,2,0.49999999999999994,0.8660254037844387,0.2362,1535.79
434.02,302,483,0,1,0.0,1.0,-0.7436,430.79
166.84,324,104,0,12,-0.5000000000000004,0.8660254037844384,3.3119,172.36
1474.67,26,1058,0,5,0.8660254037844387,-0.4999999999999998,0.5503,1482.79
154.08,147,511,0,2,0.49999999999999994,0.8660254037844387,0.2914,154.53
358.89,3,440,2,9,-0.8660254037844385,-0.5000000000000004,1.4418,364.07
376.99,299,905,1,11,-0.8660254037844386,0.5000000000000001,4.7634,394.95
135.66,45,293,0,2,0.49999999999999994,0.8660254037844387,-1.1268,134.14
2408.44,300,1280,0,12,-0.5000000000000004,0.8660254037844384,0.7025,2425.36
1543.56,57,1133,0,9,-0.8660254037844385,-0.5000000000000004,1.4981,1566.69
714.42,5,1471,0,4,1.0,6.123233995736766e-17,2.8735,734.94
1577.4,321,1539,1,10,-1.0,-1.8369701987210297e-16,5.4746,1663.76
87.34,160,1263,0,6,0.49999999999999994,-0.8660254037844387,6.3219,92.86
391.18,155,1192,2,8,-0.4999999999999997,-0.8660254037844388,4.3836,408.33
644.1,236,292,0,2,0.49999999999999994,0.8660254037844387,-0.9666,637.87
254.04,100,647,3,3,0.8660254037844386,0.5000000000000001,0.4941,255.29
1083.89,252,336,1,10,-1.0,-1.8369701987210297e-16,3.295,1119.6
479.27,157,519,1,10,-1.0,-1.8369701987210297e-16,2.2931,490.26
354.69,99,1560,2,1,0.0,1.0,0.1525,355.24
277.91,144,354,0,3,0.8660254037844386,0.5000000000000001,-0.0762,277.7
1048.52,2,180,0,8,-0.4999999999999997,-0.8660254037844388,2.905,1078.97
82.04,110,1406,0,11,-0.8660254037844386,0.5000000000000001,0.5924,82.52
2394.63,216,781,1,9,-0.8660254037844385,-0.5000000000000004,3.3222,2474.19
64.92,50,1091,2,9,-0.8660254037844385,-0.5000000000000004,3.2933,67.06
77.99,43,484,0,5,0.8660254037844387,-0.4999999999999998,4.6282,81.6
2804.58,240,1582,1,1,0.0,1.0,2.5321,2875.59
252.2,156,551,0,10,-1.0,-1.8369701987210297e-16,4.722,264.11
507.2,49,1296,0,10,-1.0,-1.8369701987210297e-16,1.7221,515.94
364.34,273,1663,1,6,0.49999999999999994,-0.8660254037844387,9.2654,398.09
71.42,283,701,0,7,1.2246467991473532e-16,-1.0,8.3278,77.36
944.0,12,1065,0,3,0.8660254037844386,0.5000000000000001,-0.4237,940.0
874.4,73,158,1,6,0.49999999999999994,-0.8660254037844387,1.4302,886.9
136.5,135,1183,0,3,0.8660254037844386,0.5000000000000001,3.8503,141.75
2135.83,267,1461,0,6,0.49999999999999994,-0.8660254037844387,4.8374,2239.15
61.81,27,329,0,2,0.49999999999999994,0.8660254037844387,-2.2668,60.41
1288.69,294,59,0,8,-0.4999999999999997,-0.8660254037844388,4.328,1344.46
1012.46,116,321,1,3,0.8660254037844386,0.5000000000000001,-3.5385,976.63
4238.48,45,1501,2,9,-0.8660254037844385,-0.5000000000000004,1.7987,4314.71
1864.95,315,400,0,7,1.2246467991473532e-16,-1.0,6.1074,1978.85
2551.4,31,862,1,11,-0.8660254037844386,0.5000000000000001,-1.0094,2525.65
4172.84,47,759,1,3,0.8660254037844386,0.5000000000000001,1.1677,4221.57
2401.37,347,719,1,4,1.0,6.123233995736766e-17,4.5675,2511.05
1606.1,190,345,1,3,0.8660254037844386,0.5000000000000001,-1.0629,1589.03
113.08,169,639,0,8,-0.4999999999999997,-0.8660254037844388,5.3505,119.13
2178.58,251,1607,1,2,0.49999999999999994,0.8660254037844387,0.5849,2191.32
859.14,230,564,0,9,-0.8660254037844385,-0.5000000000000004,3.5943,890.02
5000.0,224,1211,0,10,-1.0,-1.8369701987210297e-16,4.9698,5248.49
1587.99,8,1048,0,9,-0.8660254037844385,-0.5000000000000004,2.7342,1631.41
191.16,201,1205,0,2,0.49999999999999994,0.8660254037844387,1.4229,193.88
107.59,102,878,0,6,0.49999999999999994,-0.8660254037844387,5.2696,113.26
176.44,295,939,2,7,1.2246467991473532e-16,-1.0,4.5259,184.42
389.95,184,419,0,5,0.8660254037844387,-0.4999999999999998,3.0846,401.98
894.54,45,452,0,6,0.49999999999999994,-0.8660254037844387,4.9538,938.86
145.28,324,1259,2,10,-1.0,-1.8369701987210297e-16,7.9498,156.83
134.11,104,633,0,11,-0.8660254037844386,0.5000000000000001,4.5124,140.16
185.9,99,634,0,4,1.0,6.123233995736766e-17,3.1043,191.67
2023.69,342,728,1,4,1.0,6.123233995736766e-17,3.5808,2096.16
330.03,283,1593,2,3,0.8660254037844386,0.5000000000000001,4.0967,343.55
74.65,314,1085,1,5,0.8660254037844387,-0.4999999999999998,5.8655,79.03
772.54,242,1344,0,7,1.2246467991473532e-16,-1.0,3.8108,801.97
61.63,333,1396,0,9,-0.8660254037844385,-0.5000000000000004,9.3308,67.38
1205.44,42,1006,1,4,1.0,6.123233995736766e-17,-0.8722,1194.92
2191.48,219,632,2,3,0.8660254037844386,0.5000000000000001,2.3869,2243.79
133.85,107,1450,0,1,0.0,1.0,2.6441,137.38
2592.36,145,1009,2,2,0.49999999999999994,0.8660254037844387,2.3658,2653.69
1138.87,87,801,1,1,0.0,1.0,0.6203,1145.94
71.58,75,647,0,3,0.8660254037844386,0.5000000000000001,0.7707,72.13
104.04,161,173,0,9,-0.8660254037844385,-0.5000000000000004,5.2397,109.49
152.87,336,1012,0,10,-1.0,-1.8369701987210297e-16,4.7269,160.09
92.67,232,306,2,12,-0.5000000000000004,0.8660254037844384,-0.8794,91.85
261.6,127,1094,0,7,1.2246467991473532e-16,-1.0,2.6009,268.41
4300.19,158,1479,1,6,0.49999999999999994,-0.8660254037844387,3.6974,4459.18
130.22,193,659,0,11,-0.8660254037844386,0.5000000000000001,0.2354,130.53
3644.15,89,785,1,2,0.49999999999999994,0.8660254037844387,1.4585,3697.3
704.03,190,1025,0,8,-0.4999999999999997,-0.8660254037844388,2.7772,723.58
677.9,254,1605,2,10,-1.0,-1.8369701987210297e-16,2.3927,694.12
859.91,88,184,0,7,1.2246467991473532e-16,-1.0,2.4613,881.07
2107.61,213,843,1,4,1.0,6.123233995736766e-17,2.6811,2164.12
4077.73,259,706,1,8,-0.4999999999999997,-0.8660254037844388,2.9477,4197.93
40.0,190,61,0,12,-0.5000000000000004,0.8660254037844384,2.7805,41.11
232.93,106,331,2,3,0.8660254037844386,0.5000000000000001,0.1528,233.29
112.46,202,814,0,7,1.2246467991473532e-16,-1.0,6.0709,119.28
117.29,290,1513,2,1,0.0,1.0,1.0165,118.48
100.53,81,910,0,3,0.8660254037844386,0.5000000000000001,2.8285,103.37
1138.65,210,476,1,10,-1.0,-1.8369701987210297e-16,4.1181,1185.54
62.55,249,1070,2,6,0.49999999999999994,-0.8660254037844387,9.3941,68.43
3150.62,117,1691,2,3,0.8660254037844386,0.5000000000000001,-1.2038,3112.69
2003.48,141,1265,0,5,0.8660254037844387,-0.4999999999999998,3.4561,2072.72
251.38,325,219,0,2,0.49999999999999994,0.8660254037844387,-0.8172,249.33
395.99,133,1165,1,10,-1.0,-1.8369701987210297e-16,3.6649,410.5
1257.99,218,954,0,12,-0.5000000000000004,0.8660254037844384,-0.4479,1252.35
49.6,54,962,2,2,0.49999999999999994,0.8660254037844387,0.2816,49.74
270.74,338,575,0,3,0.8660254037844386,0.5000000000000001,5.38,285.31
126.02,218,1091,0,11,-0.8660254037844386,0.5000000000000001,2.8306,129.58
141.09,278,1529,1,11,-0.8660254037844386,0.5000000000000001,2.0553,143.99
568.4,220,510,0,10,-1.0,-1.8369701987210297e-16,5.0812,597.29
191.3,130,1394,0,9,-0.8660254037844385,-0.5000000000000004,5.6889,202.18
337.07,124,1265,0,11,-0.8660254037844386,0.5000000000000001,0.5818,339.03
1027.93,256,373,3,5,0.8660254037844387,-0.4999999999999998,2.2546,1051.11
805.85,314,638,1,11,-0.8660254037844386,0.5000000000000001,1.0197,814.07
209.61,46,906,3,11,-0.8660254037844386,0.5000000000000001,1.1149,211.95
66.11,309,1015,0,3,0.8660254037844386,0.5000000000000001,4.43,69.04
44.78,303,374,0,1,0.0,1.0,4.602,46.84
449.83,39,649,0,7,1.2246467991473532e-16,-1.0,2.1309,459.42
260.51,39,179,0,10,-1.0,-1.8369701987210297e-16,1.2515,263.77
1541.7,254,192,0,11,-0.8660254037844386,0.5000000000000001,1.3059,1561.83
67.12,308,678,0,2,0.49999999999999994,0.8660254037844387,3.5116,69.47
2836.43,144,961,0,5,0.8660254037844387,-0.4999999999999998,2.5945,2910.02
127.67,234,837,1,10,-1.0,-1.8369701987210297e-16,0.39,128.17
230.81,365,602,0,1,0.0,1.0,3.8572,239.71
2750.68,118,769,0,9,-0.8660254037844385,-0.5000000000000004,3.0609,2834.87
2684.0,82,968,0,4,1.0,6.123233995736766e-17,0.543,2698.57
610.89,362,1084,0,1,0.0,1.0,2.1225,623.85
73.67,102,1009,1,3,0.8660254037844386,0.5000000000000001,0.0296,73.69
588.22,172,284,1,9,-0.8660254037844385,-0.5000000000000004,-0.1722,587.21
1282.23,161,229,1,11,-0.8660254037844386,0.5000000000000001,1.6046,1302.81
148.01,191,544,0,1,0.0,1.0,2.3763,151.53
92.26,98,343,0,6,0.49999999999999994,-0.8660254037844387,2.0206,94.12
524.14,248,1010,1,3,0.8660254037844386,0.5000000000000001,6.2267,556.78
1771.31,253,1196,2,9,-0.8660254037844385,-0.5000000000000004,1.7725,1802.71
436.56,73,411,0,10,-1.0,-1.8369701987210297e-16,2.651,448.14
144.09,176,725,0,12,-0.5000000000000004,0.8660254037844384,1.959,146.91
2422.54,20,483,1,5,0.8660254037844387,-0.4999999999999998,-1.2722,2391.72
3039.75,80,1210,3,4,1.0,6.123233995736766e-17,0.6148,3058.44
983.57,361,595,0,4,1.0,6.123233995736766e-17,3.8039,1020.98
46.81,185,48,0,10,-1.0,-1.8369701987210297e-16,1.7778,47.65
157.23,227,1136,1,6,0.49999999999999994,-0.8660254037844387,7.5985,169.18
790.04,325,615,1,1,0.0,1.0,2.2898,808.13
2188.98,261,1133,0,12,-0.5000000000000004,0.8660254037844384,2.9897,2254.42
491.98,290,1019,0,2,0.49999999999999994,0.8660254037844387,2.3581,503.58
160.62,260,390,1,12,-0.5000000000000004,0.8660254037844384,1.9761,163.79
3853.53,182,1478,1,2,0.49999999999999994,0.8660254037844387,0.6144,3877.21
203.01,231,146,1,7,1.2246467991473532e-16,-1.0,5.1393,213.44
3756.91,105,880,0,4,1.0,6.123233995736766e-17,0.4638,3774.33
695.2,325,1213,0,9,-0.8660254037844385,-0.5000000000000004,2.043,709.41
876.56,65,909,1,5,0.8660254037844387,-0.4999999999999998,4.3193,914.42
88.63,323,856,0,5,0.8660254037844387,-0.4999999999999998,6.1419,94.07
164.84,321,729,0,6,0.49999999999999994,-0.8660254037844387,7.4296,177.08
3457.84,52,132,0,12,-0.5000000000000004,0.8660254037844384,-2.754,3362.62
1568.24,259,1032,0,3,0.8660254037844386,0.5000000000000001,2.3201,1604.62
575.66,362,1550,1,3,0.8660254037844386,0.5000000000000001,5.7395,608.7
658.87,209,1207,0,1,0.0,1.0,2.2497,673.69
55.02,124,293,1,9,-0.8660254037844385,-0.5000000000000004,6.2763,58.47
1645.76,321,520,1,9,-0.8660254037844385,-0.5000000000000004,5.2009,1731.36
80.04,187,1257,0,8,-0.4999999999999997,-0.8660254037844388,5.0768,84.11
353.87,44,1492,2,1,0.0,1.0,-0.1991,353.16
302.97,91,578,0,10,-1.0,-1.8369701987210297e-16,4.8205,317.57
708.15,249,537,1,10,-1.0,-1.8369701987210297e-16,3.0117,729.48
329.96,166,718,0,12,-0.5000000000000004,0.8660254037844384,2.4907,338.18
3210.42,79,352,3,12,-0.5000000000000004,0.8660254037844384,-0.626,3190.32
1537.62,292,175,0,4,1.0,6.123233995736766e-17,-0.9245,1523.4
3327.89,44,267,1,9,-0.8660254037844385,-0.5000000000000004,1.5969,3381.03
659.58,80,1246,0,5,0.8660254037844387,-0.4999999999999998,5.4465,695.51
142.71,170,112,0,8,-0.4999999999999997,-0.8660254037844388,3.0923,147.13
5000.0,14,849,0,4,1.0,6.123233995736766e-17,2.1261,5106.3
60.23,141,452,0,8,-0.4999999999999997,-0.8660254037844388,4.7726,63.1
4378.37,333,1146,0,12,-0.5000000000000004,0.8660254037844384,-0.1807,4370.46
57.54,344,230,0,8,-0.4999999999999997,-0.8660254037844388,7.226,61.69
2670.03,319,1477,1,12,-0.5000000000000004,0.8660254037844384,1.8165,2718.53
1407.72,118,169,0,12,-0.5000000000000004,0.8660254037844384,-0.7716,1396.86
1297.51,23,1277,0,2,0.49999999999999994,0.8660254037844387,0.543,1304.56
1573.63,298,523,2,12,-0.5000000000000004,0.8660254037844384,-1.0465,1557.17
51.1,136,156,1,10,-1.0,-1.8369701987210297e-16,2.9973,52.63
198.43,274,100,0,6,0.49999999999999994,-0.8660254037844387,3.6324,205.64
272.64,43,1182,0,8,-0.4999999999999997,-0.8660254037844388,6.3589,289.98
4423.1,244,545,0,8,-0.4999999999999997,-0.8660254037844388,6.161,4695.61
444.14,214,883,1,10,-1.0,-1.8369701987210297e-16,5.4395,468.3
73.81,336,1573,2,10,-1.0,-1.8369701987210297e-16,5.1296,77.6
137.15,37,499,1,2,0.49999999999999994,0.8660254037844387,-1.2331,135.46
2528.6,149,1067,3,1,0.0,1.0,-2.2894,2470.71
2792.89,362,557,1,3,0.8660254037844386,0.5000000000000001,0.9348,2819.0
2746.7,142,355,3,7,1.2246467991473532e-16,-1.0,1.4462,2786.42
122.95,240,1642,1,11,-0.8660254037844386,0.5000000000000001,2.1698,125.62
1179.27,58,782,1,8,-0.4999999999999997,-0.8660254037844388,3.1437,1216.35
387.24,266,1416,1,2,0.49999999999999994,0.8660254037844387,0.9823,391.05
1488.08,100,803,1,9,-0.8660254037844385,-0.5000000000000004,1.4476,1509.62
2853.7,209,1307,0,6,0.49999999999999994,-0.8660254037844387,4.3896,2978.96
130.24,321,296,0,5,0.8660254037844387,-0.4999999999999998,3.9596,135.4
516.52,241,831,0,10,-1.0,-1.8369701987210297e-16,3.3101,533.61
205.3,173,588,0,4,1.0,6.123233995736766e-17,4.1989,213.92
538.83,69,1800,2,8,-0.4999999999999997,-0.8660254037844388,1.7014,548.0
167.41,124,610,1,3,0.8660254037844386,0.5000000000000001,-0.4517,166.66
275.32,310,1168,0,5,0.8660254037844387,-0.4999999999999998,5.6801,290.96
170.99,79,763,0,7,1.2246467991473532e-16,-1.0,2.9649,176.06
182.43,240,628,0,8,-0.4999999999999997,-0.8660254037844388,7.7549,196.58
841.71,177,1260,1,12,-0.5000000000000004,0.8660254037844384,-0.0621,841.19
899.75,117,1271,2,4,1.0,6.123233995736766e-17,1.5734,913.91
3624.0,262,742,0,11,-0.8660254037844386,0.5000000000000001,2.8871,3728.63
218.25,132,125,0,10,-1.0,-1.8369701987210297e-16,0.1266,218.53
837.56,104,440,2,5,0.8660254037844387,-0.4999999999999998,0.1958,839.2
4860.79,193,1049,1,2,0.49999999999999994,0.8660254037844387,-0.3793,4842.35
330.82,277,387,2,4,1.0,6.123233995736766e-17,3.5859,342.69
2003.53,316,927,0,8,-0.4999999999999997,-0.8660254037844388,8.4239,2172.3
5000.0,230,1337,0,10,-1.0,-1.8369701987210297e-16,6.1286,5306.43
2407.3,242,1408,1,8,-0.4999999999999997,-0.8660254037844388,6.6088,2566.39
77.69,288,1056,0,9,-0.8660254037844385,-0.5000000000000004,4.2309,80.98
103.96,98,575,1,2,0.49999999999999994,0.8660254037844387,-0.908,103.02
215.04,91,1182,1,7,1.2246467991473532e-16,-1.0,6.5651,229.15
976.84,177,311,0,11,-0.8660254037844386,0.5000000000000001,3.3543,1009.61
1417.73,230,1374,0,5,0.8660254037844387,-0.4999999999999998,5.7964,1499.91
73.76,236,410,1,11,-0.8660254037844386,0.5000000000000001,3.4055,76.27
435.56,56,1235,2,2,0.49999999999999994,0.8660254037844387,-1.2427,430.15
345.04,285,753,0,12,-0.5000000000000004,0.8660254037844384,5.1319,362.75
993.53,133,390,1,10,-1.0,-1.8369701987210297e-16,0.096,994.48
131.42,321,316,0,8,-0.4999999999999997,-0.8660254037844388,3.4774,135.99
164.32,265,1305,2,8,-0.4999999999999997,-0.8660254037844388,6.5881,175.14
882.39,359,1144,1,12,-0.5000000000000004,0.8660254037844384,1.4978,895.6
55.63,231,281,0,5,0.8660254037844387,-0.4999999999999998,2.5849,57.07
906.89,193,406,1,2,0.49999999999999994,0.8660254037844387,1.4184,919.75
424.22,68,1173,1,12,-0.5000000000000004,0.8660254037844384,-2.595,413.21
668.53,145,1165,1,2,0.49999999999999994,0.8660254037844387,1.438,678.14
1967.64,314,628,0,8,-0.4999999999999997,-0.8660254037844388,4.6142,2058.43
84.58,139,274,1,4,1.0,6.123233995736766e-17,4.43,88.33
91.81,19,174,1,12,-0.5000000000000004,0.8660254037844384,-0.772,91.1
2628.63,89,264,0,12,-0.5000000000000004,0.8660254037844384,0.6445,2645.57
1142.03,217,125,0,6,0.49999999999999994,-0.8660254037844387,2.1101,1166.13
176.57,230,1175,2,7,1.2246467991473532e-16,-1.0,2.7532,181.43
1390.28,360,807,1,6,0.49999999999999994,-0.8660254037844387,4.8374,1457.53
339.84,341,361,0,6,0.49999999999999994,-0.8660254037844387,6.6802,362.54
1008.6,194,1370,2,12,-0.5000000000000004,0.8660254037844384,0.5981,1014.63
2193.17,202,1070,0,4,1.0,6.123233995736766e-17,4.8389,2299.29
49.43,293,484,1,12,-0.5000000000000004,0.8660254037844384,2.9298,50.88
916.32,17,955,0,8,-0.4999999999999997,-0.8660254037844388,1.306,928.29
178.05,217,200,0,12,-0.5000000000000004,0.8660254037844384,1.9826,181.58
545.99,173,1110,3,8,-0.4999999999999997,-0.8660254037844388,3.6231,565.77
245.48,286,694,1,10,-1.0,-1.8369701987210297e-16,5.6797,259.42
3072.58,292,204,0,6,0.49999999999999994,-0.8660254037844387,2.8283,3159.48
916.83,239,1369,2,6,0.49999999999999994,-0.8660254037844387,3.3876,947.89
2154.55,240,548,2,4,1.0,6.123233995736766e-17,2.2051,2202.06
191.06,252,1360,1,3,0.8660254037844386,0.5000000000000001,5.2346,201.06
243.53,212,576,0,1,0.0,1.0,1.2818,246.66
2173.67,83,1041,0,5,0.8660254037844387,-0.4999999999999998,3.7952,2256.16
163.73,104,1218,1,12,-0.5000000000000004,0.8660254037844384,1.0648,165.47
5000.0,271,1086,2,12,-0.5000000000000004,0.8660254037844384,0.5754,5028.77
1181.48,226,1015,0,9,-0.8660254037844385,-0.5000000000000004,6.1997,1254.73
3162.27,87,688,0,5,0.8660254037844387,-0.4999999999999998,2.6634,3246.49
82.8,321,927,0,7,1.2246467991473532e-16,-1.0,6.5674,88.23
278.6,358,373,0,10,-1.0,-1.8369701987210297e-16,3.5204,288.41
227.62,229,826,1,1,0.0,1.0,1.0597,230.04
3617.31,83,244,0,12,-0.5000000000000004,0.8660254037844384,-2.1651,3538.99
90.95,343,791,1,11,-0.8660254037844386,0.5000000000000001,3.2743,93.92
1192.71,86,214,1,12,-0.5000000000000004,0.8660254037844384,-1.3849,1176.19
881.93,158,641,0,2,0.49999999999999994,0.8660254037844387,1.2544,892.99
3209.87,314,1529,2,12,-0.5000000000000004,0.8660254037844384,-0.3067,3200.03
4387.88,190,571,0,8,-0.4999999999999997,-0.8660254037844388,3.4071,4537.38
2129.28,88,767,0,7,1.2246467991473532e-16,-1.0,3.1402,2196.14
190.23,29,1291,0,3,0.8660254037844386,0.5000000000000001,0.1772,190.57
1695.96,132,49,0,6,0.49999999999999994,-0.8660254037844387,1.8188,1726.81
630.9,245,1021,0,5,0.8660254037844387,-0.4999999999999998,6.2763,670.5
1080.13,261,1083,2,12,-0.5000000000000004,0.8660254037844384,2.9545,1112.04
161.24,81,544,0,5,0.8660254037844387,-0.4999999999999998,2.901,165.92
1907.08,58,421,0,3,0.8660254037844386,0.5000000000000001,-1.305,1882.2
418.76,256,1073,1,12,-0.5000000000000004,0.8660254037844384,1.8126,426.35
2290.13,58,1135,2,3,0.8660254037844386,0.5000000000000001,-0.4461,2279.91
334.0,23,620,0,11,-0.8660254037844386,0.5000000000000001,1.4012,338.68
965.2,178,1024,0,12,-0.5000000000000004,0.8660254037844384,0.815,973.06
72.41,208,626,0,4,1.0,6.123233995736766e-17,3.1489,74.69
87.38,89,1223,0,9,-0.8660254037844385,-0.5000000000000004,8.0054,94.37
3709.98,77,459,0,10,-1.0,-1.8369701987210297e-16,-0.986,3673.4
1694.1,86,1260,1,7,1.2246467991473532e-16,-1.0,4.8638,1776.49
111.45,125,865,0,9,-0.8660254037844385,-0.5000000000000004,6.6614,118.87
992.88,3,1350,0,2,0.49999999999999994,0.8660254037844387,-1.164,981.33
1829.07,4,780,1,7,1.2246467991473532e-16,-1.0,2.439,1873.68
671.51,135,386,0,7,1.2246467991473532e-16,-1.0,1.4769,681.43
369.99,7,625,0,7,1.2246467991473532e-16,-1.0,2.9999,381.09
2754.82,116,1177,1,12,-0.5000000000000004,0.8660254037844384,1.7072,2801.85
57.7,212,670,0,10,-1.0,-1.8369701987210297e-16,4.2756,60.17
1170.7,11,1340,0,8,-0.4999999999999997,-0.8660254037844388,2.9013,1204.66
349.39,226,271,0,5,0.8660254037844387,-0.4999999999999998,6.5414,372.25
897.5,227,589,1,5,0.8660254037844387,-0.4999999999999998,4.7061,939.74
246.53,209,1657,1,1,0.0,1.0,2.7664,253.35
121.02,229,1209,0,7,1.2246467991473532e-16,-1.0,5.3951,127.55
3497.63,296,156,0,4,1.0,6.123233995736766e-17,-1.2583,3453.62
3570.23,25,1413,0,11,-0.8660254037844386,0.5000000000000001,0.6986,3595.17
3314.96,61,665,0,10,-1.0,-1.8369701987210297e-16,1.14,3352.75
1977.64,116,1129,1,11,-0.8660254037844386,0.5000000000000001,1.8914,2015.04
49.17,251,456,3,12,-0.5000000000000004,0.8660254037844384,0.7117,49.52
731.23,319,284,0,5,0.8660254037844387,-0.4999999999999998,4.3815,763.27
322.54,336,1062,0,6,0.49999999999999994,-0.8660254037844387,6.785,344.43
203.25,213,583,1,8,-0.4999999999999997,-0.8660254037844388,3.1422,209.64
117.85,150,216,0,6,0.49999999999999994,-0.8660254037844387,1.5226,119.65
123.7,150,1035,0,4,1.0,6.123233995736766e-17,2.4717,126.76
86.07,21,821,2,9,-0.8660254037844385,-0.5000000000000004,0.2066,86.25
103.03,170,1306,0,6,0.49999999999999994,-0.8660254037844387,5.8257,109.03
1097.62,187,305,0,12,-0.5000000000000004,0.8660254037844384,-2.0862,1074.72
2719.6,76,79,0,3,0.8660254037844386,0.5000000000000001,-1.4442,2680.33
278.29,281,805,1,6,0.49999999999999994,-0.8660254037844387,8.4546,301.82
70.9,297,638,1,7,1.2246467991473532e-16,-1.0,5.9957,75.15
146.31,110,974,0,11,-0.8660254037844386,0.5000000000000001,2.3716,149.78
1403.88,334,547,1,7,1.2246467991473532e-16,-1.0,5.0839,1475.25
318.67,39,1472,0,1,0.0,1.0,0.6286,320.67
1054.82,333,905,2,5,0.8660254037844387,-0.4999999999999998,3.2749,1089.36
141.4,281,1077,0,11,-0.8660254037844386,0.5000000000000001,3.675,146.59
1970.96,81,1163,0,4,1.0,6.123233995736766e-17,1.1574,1993.77
1276.07,237,1411,1,5,0.8660254037844387,-0.4999999999999998,1.868,1299.91
135.8,113,777,0,2,0.49999999999999994,0.8660254037844387,3.1762,140.11
3201.86,292,444,1,9,-0.8660254037844385,-0.5000000000000004,2.0277,3266.78
566.39,58,799,0,2,0.49999999999999994,0.8660254037844387,2.5614,580.9
127.9,89,664,0,5,0.8660254037844387,-0.4999999999999998,2.5885,131.21
735.64,112,931,0,9,-0.8660254037844385,-0.5000000000000004,1.5052,746.72
282.71,73,388,0,11,-0.8660254037844386,0.5000000000000001,3.6552,293.04
3643.65,121,795,0,3,0.8660254037844386,0.5000000000000001,-1.2182,3599.26
262.62,220,1439,0,4,1.0,6.123233995736766e-17,0.9412,265.09
3481.3,231,1047,0,2,0.49999999999999994,0.8660254037844387,-0.6393,3459.05
2017.3,202,1553,1,6,0.49999999999999994,-0.8660254037844387,4.2196,2102.42
896.84,69,283,1,12,-0.5000000000000004,0.8660254037844384,-3.434,866.04
123.71,74,996,0,4,1.0,6.123233995736766e-17,2.1014,126.31
50.41,336,78,0,4,1.0,6.123233995736766e-17,0.9427,50.88
2301.04,91,340,0,5,0.8660254037844387,-0.4999999999999998,3.5977,2383.82
843.02,37,1248,0,11,-0.8660254037844386,0.5000000000000001,1.3471,854.38
3422.39,166,192,0,7,1.2246467991473532e-16,-1.0,1.4849,3473.21
536.81,2,742,0,8,-0.4999999999999997,-0.8660254037844388,-0.9683,531.61
577.73,125,410,3,10,-1.0,-1.8369701987210297e-16,-1.1395,571.15
4785.56,312,646,1,9,-0.8660254037844385,-0.5000000000000004,4.7948,5015.02
1072.65,97,224,0,8,-0.4999999999999997,-0.8660254037844388,4.3948,1119.79
252.56,257,706,0,7,1.2246467991473532e-16,-1.0,5.7963,267.2
2574.85,179,981,0,7,1.2246467991473532e-16,-1.0,4.0579,2679.34
209.22,130,991,0,3,0.8660254037844386,0.5000000000000001,1.5344,212.43
716.89,242,1402,0,5,0.8660254037844387,-0.4999999999999998,5.4581,756.02
112.11,217,222,0,11,-0.8660254037844386,0.5000000000000001,3.512,116.05
4888.68,116,628,0,1,0.0,1.0,-0.5399,4862.28
3975.17,81,807,0,10,-1.0,-1.8369701987210297e-16,0.9961,4014.76
2221.47,335,266,1,7,1.2246467991473532e-16,-1.0,5.5604,2344.99
240.19,61,206,0,5,0.8660254037844387,-0.4999999999999998,4.5531,251.12
1447.23,351,920,2,2,0.49999999999999994,0.8660254037844387,0.9284,1460.67
198.49,172,1296,0,10,-1.0,-1.8369701987210297e-16,4.1173,206.66
315.19,364,898,0,1,0.0,1.0,1.9619,321.37
2201.48,129,863,0,7,1.2246467991473532e-16,-1.0,4.3716,2297.72
63.88,206,847,0,2,0.49999999999999994,0.8660254037844387,1.1439,64.61
71.38,225,1225,0,11,-0.8660254037844386,0.5000000000000001,5.8153,75.53
1106.71,123,838,0,3,0.8660254037844386,0.5000000000000001,2.7081,1136.68
2090.48,79,1094,0,10,-1.0,-1.8369701987210297e-16,4.5003,2184.56
256.4,190,495,0,7,1.2246467991473532e-16,-1.0,4.3766,267.62
1370.84,242,1232,0,1,0.0,1.0,4.7742,1436.29
2502.51,95,232,1,9,-0.8660254037844385,-0.5000000000000004,1.5496,2541.29
69.49,280,657,1,11,-0.8660254037844386,0.5000000000000001,2.8085,71.44
2149.74,233,616,1,3,0.8660254037844386,0.5000000000000001,3.1582,2217.63
644.29,60,644,2,12,-0.5000000000000004,0.8660254037844384,-2.8307,626.05
356.65,343,826,0,10,-1.0,-1.8369701987210297e-16,4.85,373.94
75.43,16,1611,2,9,-0.8660254037844385,-0.5000000000000004,1.9339,76.89
230.79,239,281,0,5,0.8660254037844387,-0.4999999999999998,4.8861,242.07
2493.05,160,1333,0,2,0.49999999999999994,0.8660254037844387,0.4205,2503.53
764.97,239,1481,1,6,0.49999999999999994,-0.8660254037844387,4.2837,797.74
134.8,283,1331,0,10,-1.0,-1.8369701987210297e-16,4.4911,140.85
99.0,251,53,0,8,-0.4999999999999997,-0.8660254037844388,4.5012,103.45
3379.75,238,1485,0,8,-0.4999999999999997,-0.8660254037844388,5.3403,3560.24
350.3,307,667,0,10,-1.0,-1.8369701987210297e-16,6.2582,372.22
78.9,256,913,0,5,0.8660254037844387,-0.4999999999999998,2.4879,80.86
4122.98,297,565,1,1,0.0,1.0,1.7333,4194.45
158.31,147,791,0,11,-0.8660254037844386,0.5000000000000001,1.7615,161.1
2103.9,74,845,0,8,-0.4999999999999997,-0.8660254037844388,3.0891,2168.89
59.6,85,1205,0,7,1.2246467991473532e-16,-1.0,3.6971,61.8
154.61,224,902,2,7,1.2246467991473532e-16,-1.0,5.1663,162.59
182.94,194,423,2,11,-0.8660254037844386,0.5000000000000001,0.459,183.78
3033.6,28,1128,1,10,-1.0,-1.8369701987210297e-16,0.1767,3038.96
1905.51,74,1185,0,9,-0.8660254037844385,-0.5000000000000004,3.7783,1977.5
142.81,354,67,0,10,-1.0,-1.8369701987210297e-16,4.8775,149.78
2331.33,265,1227,0,4,1.0,6.123233995736766e-17,5.8341,2467.34
2588.56,276,1339,1,9,-0.8660254037844385,-0.5000000000000004,3.3193,2674.48
557.94,72,885,0,12,-0.5000000000000004,0.8660254037844384,1.4704,566.15
684.22,23,1637,1,3,0.8660254037844386,0.5000000000000001,1.0151,691.17
490.16,106,609,0,7,1.2246467991473532e-16,-1.0,4.4042,511.74
88.31,313,577,2,9,-0.8660254037844385,-0.5000000000000004,7.0196,94.51
2415.68,185,1000,0,7,1.2246467991473532e-16,-1.0,3.9347,2510.73
1479.99,287,932,0,12,-0.5000000000000004,0.8660254037844384,2.31,1514.18
3288.71,178,1377,0,5,0.8660254037844387,-0.4999999999999998,4.4073,3433.66
1845.94,179,441,1,3,0.8660254037844386,0.5000000000000001,-1.28,1822.31
1707.17,219,672,2,2,0.49999999999999994,0.8660254037844387,1.869,1739.08
2099.68,350,1033,0,11,-0.8660254037844386,0.5000000000000001,3.108,2164.94
4030.16,160,931,2,9,-0.8660254037844385,-0.5000000000000004,2.978,4150.18
667.98,218,314,0,7,1.2246467991473532e-16,-1.0,6.9865,714.65
2617.5,336,1022,0,6,0.49999999999999994,-0.8660254037844387,6.1656,2778.88
1685.17,136,314,0,5,0.8660254037844387,-0.4999999999999998,2.5386,1727.95
204.82,307,1258,0,12,-0.5000000000000004,0.8660254037844384,3.4542,211.9
647.77,195,732,1,9,-0.8660254037844385,-0.5000000000000004,2.0785,661.24
1628.2,321,994,0,12,-0.5000000000000004,0.8660254037844384,1.7925,1657.39
81.02,171,885,0,10,-1.0,-1.8369701987210297e-16,3.7312,84.04
613.96,230,905,0,10,-1.0,-1.8369701987210297e-16,3.8656,637.69
42.85,118,602,1,7,1.2246467991473532e-16,-1.0,6.589,45.67
110.31,232,327,2,3,0.8660254037844386,0.5000000000000001,2.719,113.3
537.15,119,1213,1,8,-0.4999999999999997,-0.8660254037844388,3.2109,554.39
193.98,222,676,0,9,-0.8660254037844385,-0.5000000000000004,4.8866,203.46
2340.81,288,1467,0,7,1.2246467991473532e-16,-1.0,8.0529,2529.32
1193.82,159,1341,0,1,0.0,1.0,-1.5614,1175.18
136.25,157,493,2,12,-0.5000000000000004,0.8660254037844384,-0.1402,136.06
47.07,117,571,0,10,-1.0,-1.8369701987210297e-16,1.0899,47.58
167.03,267,1126,2,5,0.8660254037844387,-0.4999999999999998,8.2552,180.82
513.21,216,703,1,6,0.49999999999999994,-0.8660254037844387,5.7407,542.67
1993.48,189,1237,1,2,0.49999999999999994,0.8660254037844387,0.0274,1994.02
743.94,9,642,1,12,-0.5000000000000004,0.8660254037844384,-1.7065,731.24
48.6,40,267,0,3,0.8660254037844386,0.5000000000000001,-0.7352,48.25
393.55,2,573,0,5,0.8660254037844387,-0.4999999999999998,4.6582,411.88
5000.0,311,1190,0,6,0.49999999999999994,-0.8660254037844387,2.2259,5111.29
3194.84,311,634,0,4,1.0,6.123233995736766e-17,3.9331,3320.5
1403.79,24,594,1,8,-0.4999999999999997,-0.8660254037844388,1.6753,1427.31
211.75,16,1171,0,12,-0.5000000000000004,0.8660254037844384,-1.288,209.02
45.01,286,603,2,11,-0.8660254037844386,0.5000000000000001,2.0356,45.93
428.65,192,1099,2,7,1.2246467991473532e-16,-1.0,2.097,437.63
210.44,113,195,0,2,0.49999999999999994,0.8660254037844387,2.5838,215.88
1230.48,225,928,0,11,-0.8660254037844386,0.5000000000000001,2.4152,1260.2
82.49,86,1355,0,4,1.0,6.123233995736766e-17,4.7189,86.38
3586.46,72,689,0,11,-0.8660254037844386,0.5000000000000001,-0.4273,3571.14
1980.89,134,1593,1,5,0.8660254037844387,-0.4999999999999998,5.0836,2081.59
5000.0,327,1442,1,7,1.2246467991473532e-16,-1.0,5.5838,5279.19
3298.66,280,1285,1,6,0.49999999999999994,-0.8660254037844387,6.5228,3513.82
290.66,69,305,0,6,0.49999999999999994,-0.8660254037844387,4.1055,302.6
772.58,205,161,1,2,0.49999999999999994,0.8660254037844387,-0.2431,770.7
2009.78,323,329,1,7,1.2246467991473532e-16,-1.0,5.9485,2129.33
127.92,348,1175,3,5,0.8660254037844387,-0.4999999999999998,10.9836,141.98
48.0,279,789,1,11,-0.8660254037844386,0.5000000000000001,1.5314,48.74
169.56,47,466,1,6,0.49999999999999994,-0.8660254037844387,2.71,174.16
483.57,88,1463,0,12,-0.5000000000000004,0.8660254037844384,-0.9273,479.09
1061.79,80,1295,1,4,1.0,6.123233995736766e-17,2.2406,1085.58
184.81,55,1063,0,4,1.0,6.123233995736766e-17,2.962,190.28
418.37,64,993,0,1,0.0,1.0,3.2391,431.93
1088.29,115,942,0,9,-0.8660254037844385,-0.5000000000000004,3.0204,1121.16
2874.88,203,1328,0,1,0.0,1.0,2.6095,2949.9
129.27,145,613,0,4,1.0,6.123233995736766e-17,0.1274,129.43
1616.93,154,249,0,11,-0.8660254037844386,0.5000000000000001,0.7676,1629.34
3599.92,89,621,1,8,-0.4999999999999997,-0.8660254037844388,1.2244,3644.0
285.77,55,551,1,7,1.2246467991473532e-16,-1.0,4.1122,297.52
848.22,365,1800,2,10,-1.0,-1.8369701987210297e-16,5.4366,894.33
52.53,219,1010,1,10,-1.0,-1.8369701987210297e-16,3.0477,54.13
1297.29,84,666,0,11,-0.8660254037844386,0.5000000000000001,1.4647,1316.29
2246.99,296,304,1,8,-0.4999999999999997,-0.8660254037844388,3.3658,2322.62
60.64,304,1274,1,6,0.49999999999999994,-0.8660254037844387,6.5552,64.62
2780.67,353,986,0,2,0.49999999999999994,0.8660254037844387,3.0814,2866.35
120.96,58,1800,3,5,0.8660254037844387,-0.4999999999999998,0.6749,121.78
2025.77,234,463,2,9,-0.8660254037844385,-0.5000000000000004,0.916,2044.33
672.77,358,1002,0,4,1.0,6.123233995736766e-17,6.042,713.42
246.4,295,634,1,9,-0.8660254037844385,-0.5000000000000004,3.7315,255.59
3380.85,82,383,0,2,0.49999999999999994,0.8660254037844387,1.065,3416.86
797.28,326,803,2,1,0.0,1.0,-1.6333,784.26
49.25,154,537,1,5,0.8660254037844387,-0.4999999999999998,5.1602,51.79
2020.71,178,1112,0,3,0.8660254037844386,0.5000000000000001,1.9546,2060.2
79.56,204,151,1,11,-0.8660254037844386,0.5000000000000001,1.2712,80.58
4735.76,282,1424,0,5,0.8660254037844387,-0.4999999999999998,5.0123,4973.13
134.16,44,1456,0,6,0.49999999999999994,-0.8660254037844387,2.2777,137.21
605.55,197,1552,1,5,0.8660254037844387,-0.4999999999999998,5.8162,640.77
666.55,298,1342,1,4,1.0,6.123233995736766e-17,3.2215,688.02
606.66,200,516,0,12,-0.5000000000000004,0.8660254037844384,-0.0754,606.2
563.88,100,766,1,9,-0.8660254037844385,-0.5000000000000004,6.0142,597.79
290.93,20,229,0,2,0.49999999999999994,0.8660254037844387,-1.6307,286.19
1706.46,201,1344,0,3,0.8660254037844386,0.5000000000000001,0.9924,1723.39
119.73,257,1391,1,1,0.0,1.0,3.5218,123.94
1538.93,201,268,0,4,1.0,6.123233995736766e-17,2.419,1576.16
73.66,358,1486,0,8,-0.4999999999999997,-0.8660254037844388,9.0264,80.31
1961.91,220,398,2,12,-0.5000000000000004,0.8660254037844384,-0.4301,1953.47
1901.28,186,1269,1,6,0.49999999999999994,-0.8660254037844387,5.6656,2009.0
1581.22,20,324,1,1,0.0,1.0,0.496,1589.06
231.17,204,1362,1,1,0.0,1.0,0.5002,232.33
3362.07,61,1703,2,5,0.8660254037844387,-0.4999999999999998,0.8519,3390.71
1632.84,265,1792,2,4,1.0,6.123233995736766e-17,0.2982,1637.71
3642.1,58,278,0,7,1.2246467991473532e-16,-1.0,2.9228,3748.55
41.41,331,284,0,2,0.49999999999999994,0.8660254037844387,2.8024,42.58
1459.01,110,144,0,3,0.8660254037844386,0.5000000000000001,1.8237,1485.62
1078.92,158,1241,0,7,1.2246467991473532e-16,-1.0,4.9796,1132.65
4091.34,53,315,0,4,1.0,6.123233995736766e-17,0.2165,4100.2
360.09,77,714,1,5,0.8660254037844387,-0.4999999999999998,2.9566,370.74
176.09,337,848,1,3,0.8660254037844386,0.5000000000000001,3.1336,181.61
2785.95,103,775,2,1,0.0,1.0,-0.8244,2762.98
220.43,187,767,0,5,0.8660254037844387,-0.4999999999999998,5.036,231.53
1189.59,359,552,0,4,1.0,6.123233995736766e-17,4.7201,1245.74
190.6,228,388,0,11,-0.8660254037844386,0.5000000000000001,2.1136,194.63
3846.33,15,609,0,11,-0.8660254037844386,0.5000000000000001,0.0976,3850.08
676.21,130,1218,0,6,0.49999999999999994,-0.8660254037844387,5.6136,714.17
196.38,141,864,3,4,1.0,6.123233995736766e-17,1.1316,198.6
2958.67,101,1442,0,6,0.49999999999999994,-0.8660254037844387,3.8182,3071.63
63.83,88,875,1,8,-0.4999999999999997,-0.8660254037844388,3.9927,66.38
64.4,184,468,0,5,0.8660254037844387,-0.4999999999999998,2.6382,66.1
2384.94,137,692,0,10,-1.0,-1.8369701987210297e-16,1.3677,2417.56
288.18,107,1800,2,12,-0.5000000000000004,0.8660254037844384,1.4723,292.43
134.32,151,1571,2,5,0.8660254037844387,-0.4999999999999998,5.045,141.1
907.67,125,1235,0,2,0.49999999999999994,0.8660254037844387,1.5436,921.68
142.61,83,729,2,2,0.49999999999999994,0.8660254037844387,-1.7202,140.16
5000.0,165,1335,0,11,-0.8660254037844386,0.5000000000000001,3.237,5161.85
2571.65,344,1178,1,5,0.8660254037844387,-0.4999999999999998,7.4414,2763.01
2307.6,185,131,0,4,1.0,6.123233995736766e-17,2.4091,2363.2
2323.29,218,666,0,8,-0.4999999999999997,-0.8660254037844388,4.5359,2428.67
3840.18,360,1448,1,12,-0.5000000000000004,0.8660254037844384,0.7732,3869.87
245.29,224,989,1,6,0.49999999999999994,-0.8660254037844387,5.3144,258.33
1239.81,81,1084,1,4,1.0,6.123233995736766e-17,0.7313,1248.88
3175.66,145,590,0,11,-0.8660254037844386,0.5000000000000001,0.6606,3196.64
896.16,178,308,2,1,0.0,1.0,0.8417,903.7
5000.0,173,1334,0,11,-0.8660254037844386,0.5000000000000001,3.1679,5158.39
3269.18,54,1142,0,7,1.2246467991473532e-16,-1.0,2.9968,3367.15
57.04,38,440,0,1,0.0,1.0,-0.0738,57.0
426.76,128,396,0,3,0.8660254037844386,0.5000000000000001,1.173,431.76
176.29,334,799,0,9,-0.8660254037844385,-0.5000000000000004,5.3556,185.73
3516.23,262,1337,1,10,-1.0,-1.8369701987210297e-16,1.0308,3552.48
2962.69,308,171,0,3,0.8660254037844386,0.5000000000000001,2.7946,3045.48
768.22,63,1154,1,8,-0.4999999999999997,-0.8660254037844388,4.9999,806.63
75.75,151,1278,0,12,-0.5000000000000004,0.8660254037844384,1.3835,76.8
244.52,212,877,1,9,-0.8660254037844385,-0.5000000000000004,3.4217,252.89
83.92,158,122,0,9,-0.8660254037844385,-0.5000000000000004,4.8947,88.03
408.98,152,79,0,3,0.8660254037844386,0.5000000000000001,-0.1532,408.35
3993.34,131,386,1,8,-0.4999999999999997,-0.8660254037844388,0.4532,4011.44
295.84,18,1578,2,9,-0.8660254037844385,-0.5000000000000004,1.1279,299.17
1610.33,313,1257,3,2,0.49999999999999994,0.8660254037844387,2.6847,1653.56
1883.34,341,259,0,4,1.0,6.123233995736766e-17,2.275,1926.19
2994.3,29,1626,2,11,-0.8660254037844386,0.5000000000000001,-1.9014,2937.37
118.54,151,1447,1,12,-0.5000000000000004,0.8660254037844384,0.9481,119.67
128.88,189,682,2,3,0.8660254037844386,0.5000000000000001,-0.1554,128.67
151.91,286,1046,0,9,-0.8660254037844385,-0.5000000000000004,3.9445,157.91
173.12,361,526,0,7,1.2246467991473532e-16,-1.0,6.3888,184.18
43.56,152,146,0,8,-0.4999999999999997,-0.8660254037844388,2.2211,44.53
450.32,274,236,1,7,1.2246467991473532e-16,-1.0,3.9333,468.04
1611.06,343,834,0,11,-0.8660254037844386,0.5000000000000001,3.5047,1667.52
196.94,303,1273,0,6,0.49999999999999994,-0.8660254037844387,7.3737,211.47
1281.86,106,1652,1,8,-0.4999999999999997,-0.8660254037844388,3.4347,1325.89
729.04,299,1412,2,9,-0.8660254037844385,-0.5000000000000004,2.4492,746.9
94.34,150,1476,1,7,1.2246467991473532e-16,-1.0,4.814,98.88
122.56,6,457,1,11,-0.8660254037844386,0.5000000000000001,-0.0257,122.53
116.25,277,258,0,3,0.8660254037844386,0.5000000000000001,3.6722,120.52
374.81,305,426,2,12,-0.5000000000000004,0.8660254037844384,0.5011,376.69
736.07,125,297,0,9,-0.8660254037844385,-0.5000000000000004,1.6101,747.92
227.65,165,1142,0,12,-0.5000000000000004,0.8660254037844384,2.2001,232.66
68.1,133,268,0,5,0.8660254037844387,-0.4999999999999998,3.0573,70.18
162.19,42,674,0,6,0.49999999999999994,-0.8660254037844387,2.2701,165.87
67.53,364,1309,1,1,0.0,1.0,3.6523,69.99
2072.1,8,1544,1,12,-0.5000000000000004,0.8660254037844384,-1.407,2042.94
1021.76,203,279,0,10,-1.0,-1.8369701987210297e-16,0.5547,1027.43
910.03,5,316,0,4,1.0,6.123233995736766e-17,-1.0922,900.09
643.41,252,139,0,1,0.0,1.0,0.3032,645.37
147.52,329,208,0,9,-0.8660254037844385,-0.5000000000000004,2.6926,151.49
82.57,235,1001,2,9,-0.8660254037844385,-0.5000000000000004,3.3277,85.32
708.65,221,580,1,7,1.2246467991473532e-16,-1.0,5.4731,747.43
1941.95,303,1452,0,2,0.49999999999999994,0.8660254037844387,1.641,1973.82
2109.69,356,691,0,12,-0.5000000000000004,0.8660254037844384,1.0126,2131.06
1348.17,315,671,1,6,0.49999999999999994,-0.8660254037844387,6.4992,1435.79
1105.98,84,967,1,9,-0.8660254037844385,-0.5000000000000004,2.9956,1139.11
2820.65,206,1523,2,11,-0.8660254037844386,0.5000000000000001,2.0972,2879.8
1560.09,299,536,0,7,1.2246467991473532e-16,-1.0,4.1657,1625.08
3215.71,107,254,0,2,0.49999999999999994,0.8660254037844387,-1.2434,3175.73
46.45,247,657,0,11,-0.8660254037844386,0.5000000000000001,3.3723,48.01
104.13,8,1113,1,9,-0.8660254037844385,-0.5000000000000004,2.7179,106.96
650.79,321,505,0,11,-0.8660254037844386,0.5000000000000001,6.2536,691.49
345.99,224,1111,1,8,-0.4999999999999997,-0.8660254037844388,5.3815,364.61
211.44,271,517,0,11,-0.8660254037844386,0.5000000000000001,4.6434,221.25
1979.59,302,1443,1,11,-0.8660254037844386,0.5000000000000001,5.926,2096.9
737.24,80,1337,0,3,0.8660254037844386,0.5000000000000001,3.9739,766.53
645.27,164,1196,1,3,0.8660254037844386,0.5000000000000001,1.9401,657.79
72.48,314,1264,0,2,0.49999999999999994,0.8660254037844387,5.391,76.39
338.06,60,393,1,10,-1.0,-1.8369701987210297e-16,1.0984,341.78
917.23,301,996,0,3,0.8660254037844386,0.5000000000000001,3.1062,945.72
172.91,105,799,1,6,0.49999999999999994,-0.8660254037844387,5.4097,182.27
174.4,210,1338,1,10,-1.0,-1.8369701987210297e-16,5.1139,183.32
443.19,186,45,0,6,0.49999999999999994,-0.8660254037844387,4.5599,463.4
2847.38,251,318,0,1,0.0,1.0,0.144,2851.48
69.13,306,395,0,5,0.8660254037844387,-0.4999999999999998,4.6057,72.31
211.49,127,856,0,2,0.49999999999999994,0.8660254037844387,-0.2995,210.86
81.44,62,1623,1,5,0.8660254037844387,-0.4999999999999998,3.7413,84.48
274.23,154,1349,0,9,-0.8660254037844385,-0.5000000000000004,5.0561,288.1
1228.83,224,708,0,7,1.2246467991473532e-16,-1.0,6.3558,1306.93
148.29,274,46,0,9,-0.8660254037844385,-0.5000000000000004,2.0905,151.39
381.96,275,1308,0,2,0.49999999999999994,0.8660254037844387,2.9962,393.4
4111.27,124,878,0,10,-1.0,-1.8369701987210297e-16,1.8076,4185.59
182.48,342,245,1,6,0.49999999999999994,-0.8660254037844387,5.1219,191.83
660.73,30,984,0,4,1.0,6.123233995736766e-17,3.4427,683.48
4693.2,42,1502,2,8,-0.4999999999999997,-0.8660254037844388,3.8603,4874.37
651.9,9,1475,1,2,0.49999999999999994,0.8660254037844387,0.5549,655.52
131.29,339,1339,0,6,0.49999999999999994,-0.8660254037844387,7.3663,140.96
117.36,65,1645,2,6,0.49999999999999994,-0.8660254037844387,3.316,121.25
3577.53,220,1070,1,2,0.49999999999999994,0.8660254037844387,2.6547,3672.51
3346.51,297,1059,1,12,-0.5000000000000004,0.8660254037844384,4.0364,3481.59
118.73,280,214,0,5,0.8660254037844387,-0.4999999999999998,7.0736,127.13
1015.63,347,1187,1,1,0.0,1.0,2.709,1043.14
128.23,19,1320,0,6,0.49999999999999994,-0.8660254037844387,4.0596,133.44
168.79,148,1228,0,12,-0.5000000000000004,0.8660254037844384,3.0996,174.02
4570.95,185,1355,0,9,-0.8660254037844385,-0.5000000000000004,5.1,4804.07
252.37,254,292,0,8,-0.4999999999999997,-0.8660254037844388,4.498,263.72
106.41,227,470,1,11,-0.8660254037844386,0.5000000000000001,1.8863,108.42
687.99,204,1294,0,2,0.49999999999999994,0.8660254037844387,6.5097,732.78
3354.06,112,1413,0,7,1.2246467991473532e-16,-1.0,3.7028,3478.26
2483.73,38,931,1,4,1.0,6.123233995736766e-17,1.8546,2529.79
1334.61,157,1327,0,9,-0.8660254037844385,-0.5000000000000004,3.1883,1377.16
2459.3,95,1038,0,11,-0.8660254037844386,0.5000000000000001,0.8251,2479.59
1543.42,202,343,0,1,0.0,1.0,-1.2026,1524.85
4972.39,291,1252,2,2,0.49999999999999994,0.8660254037844387,-0.5043,4947.32
987.59,202,723,1,12,-0.5000000000000004,0.8660254037844384,1.6258,1003.65
931.28,213,1280,1,6,0.49999999999999994,-0.8660254037844387,5.4773,982.28
3184.68,15,702,1,4,1.0,6.123233995736766e-17,2.6063,3267.69
218.89,235,467,1,2,0.49999999999999994,0.8660254037844387,1.324,221.79
495.84,160,918,1,5,0.8660254037844387,-0.4999999999999998,3.8546,514.95
2709.6,45,840,1,1,0.0,1.0,-1.4893,2669.25
5000.0,78,1501,2,3,0.8660254037844386,0.5000000000000001,-1.7734,4911.33
260.17,285,253,1,3,0.8660254037844386,0.5000000000000001,2.806,267.47
945.96,335,1318,0,2,0.49999999999999994,0.8660254037844387,2.5817,970.38
2040.82,185,352,0,12,-0.5000000000000004,0.8660254037844384,-1.917,2001.7
440.38,357,300,0,10,-1.0,-1.8369701987210297e-16,5.5517,464.83
304.48,65,653,0,12,-0.5000000000000004,0.8660254037844384,-0.492,302.98
67.26,109,1213,3,3,0.8660254037844386,0.5000000000000001,1.2841,68.12
168.47,340,1623,1,4,1.0,6.123233995736766e-17,5.4299,177.62
241.22,64,1026,1,4,1.0,6.123233995736766e-17,2.3309,246.84
261.59,241,444,1,7,1.2246467991473532e-16,-1.0,3.44,270.59
1789.74,80,888,2,3,0.8660254037844386,0.5000000000000001,1.6804,1819.82
130.69,121,1496,1,3,0.8660254037844386,0.5000000000000001,0.9762,131.97
75.59,174,1085,0,12,-0.5000000000000004,0.8660254037844384,-1.2609,74.64
630.02,131,362,0,5,0.8660254037844387,-0.4999999999999998,4.2094,656.54
53.72,320,985,0,10,-1.0,-1.8369701987210297e-16,6.5523,57.24
4403.77,356,1113,0,3,0.8660254037844386,0.5000000000000001,1.4464,4467.46
137.04,183,445,0,12,-0.5000000000000004,0.8660254037844384,1.5402,139.15
2474.72,192,813,0,9,-0.8660254037844385,-0.5000000000000004,5.39,2608.11
258.31,20,551,0,11,-0.8660254037844386,0.5000000000000001,2.4243,264.57
4269.76,85,308,0,7,1.2246467991473532e-16,-1.0,3.653,4425.73
609.03,14,1502,2,11,-0.8660254037844386,0.5000000000000001,0.5639,612.47
3985.61,313,511,0,5,0.8660254037844387,-0.4999999999999998,5.2853,4196.27
410.34,83,734,1,6,0.49999999999999994,-0.8660254037844387,3.2227,423.56
1045.69,124,192,0,1,0.0,1.0,-2.3427,1021.19
68.29,308,1273,3,3,0.8660254037844386,0.5000000000000001,2.1759,69.78
438.29,261,1191,1,10,-1.0,-1.8369701987210297e-16,5.4314,462.09
217.03,227,1683,2,4,1.0,6.123233995736766e-17,4.9852,227.85
2349.97,14,1174,0,2,0.49999999999999994,0.8660254037844387,-0.5155,2337.85
725.85,206,1458,1,4,1.0,6.123233995736766e-17,2.6028,744.74
1266.53,205,1482,0,5,0.8660254037844387,-0.4999999999999998,7.0549,1355.88
176.55,116,1062,0,9,-0.8660254037844385,-0.5000000000000004,4.5543,184.59
99.55,272,1386,1,2,0.49999999999999994,0.8660254037844387,3.6854,103.22
1038.71,340,487,0,1,0.0,1.0,-0.1015,1037.65
433.81,94,1086,0,9,-0.8660254037844385,-0.5000000000000004,3.6516,449.65
370.61,121,1210,2,2,0.49999999999999994,0.8660254037844387,1.8731,377.55
4368.4,117,702,0,6,0.49999999999999994,-0.8660254037844387,1.4899,4433.48
93.41,305,1183,1,9,-0.8660254037844385,-0.5000000000000004,5.6018,98.64
1127.28,28,1094,0,7,1.2246467991473532e-16,-1.0,3.9803,1172.15
59.65,327,644,0,2,0.49999999999999994,0.8660254037844387,5.3751,62.86
1458.59,283,1271,0,9,-0.8660254037844385,-0.5000000000000004,6.4539,1552.73
477.12,176,97,0,1,0.0,1.0,2.5597,489.33
1315.49,213,612,1,3,0.8660254037844386,0.5000000000000001,2.488,1348.22
1516.06,327,776,2,2,0.49999999999999994,0.8660254037844387,2.3436,1551.59
106.49,281,1254,0,7,1.2246467991473532e-16,-1.0,5.6451,112.51
174.49,101,784,0,9,-0.8660254037844385,-0.5000000000000004,2.4738,178.81
196.05,18,1500,1,8,-0.4999999999999997,-0.8660254037844388,5.8093,207.44
1069.9,240,1428,0,2,0.49999999999999994,0.8660254037844387,1.393,1084.8
156.66,53,712,0,5,0.8660254037844387,-0.4999999999999998,2.4806,160.54
618.28,32,1104,0,2,0.49999999999999994,0.8660254037844387,-3.4693,596.83
333.91,359,555,1,5,0.8660254037844387,-0.4999999999999998,6.5346,355.73
572.86,173,202,0,3,0.8660254037844386,0.5000000000000001,-0.5977,569.44
248.1,238,760,0,9,-0.8660254037844385,-0.5000000000000004,3.8469,257.65
3483.86,79,799,2,10,-1.0,-1.8369701987210297e-16,1.9814,3552.89
5000.0,37,1431,2,10,-1.0,-1.8369701987210297e-16,-3.2045,4839.78
253.75,22,920,1,3,0.8660254037844386,0.5000000000000001,2.3,259.59
2880.04,129,399,1,1,0.0,1.0,-2.3902,2811.2
2083.41,1,1075,2,1,0.0,1.0,-2.929,2022.39
130.77,153,741,1,11,-0.8660254037844386,0.5000000000000001,0.7539,131.75
493.43,118,201,1,11,-0.8660254037844386,0.5000000000000001,-1.9786,483.66
290.15,192,838,0,3,0.8660254037844386,0.5000000000000001,1.569,294.7
2641.57,215,1406,0,11,-0.8660254037844386,0.5000000000000001,1.0803,2670.1
3989.07,112,1448,1,7,1.2246467991473532e-16,-1.0,1.8417,4062.54
1139.24,166,1538,1,3,0.8660254037844386,0.5000000000000001,3.8644,1183.27
1155.47,28,1346,0,4,1.0,6.123233995736766e-17,0.0075,1155.56
1866.79,110,1624,1,4,1.0,6.123233995736766e-17,-0.9957,1848.2
397.92,358,400,1,10,-1.0,-1.8369701987210297e-16,0.454,399.73
418.86,362,668,0,3,0.8660254037844386,0.5000000000000001,4.2931,436.84
735.07,177,1078,1,3,0.8660254037844386,0.5000000000000001,-0.9041,728.42
2726.95,343,1258,0,9,-0.8660254037844385,-0.5000000000000004,5.0107,2863.59
949.55,183,724,1,4,1.0,6.123233995736766e-17,5.2355,999.27
110.89,45,1592,3,4,1.0,6.123233995736766e-17,1.2706,112.3
107.21,317,1402,2,10,-1.0,-1.8369701987210297e-16,4.6817,112.23
332.95,151,938,2,12,-0.5000000000000004,0.8660254037844384,-0.3662,331.73
905.74,224,498,1,7,1.2246467991473532e-16,-1.0,4.2621,944.35
222.86,237,157,0,10,-1.0,-1.8369701987210297e-16,2.6998,228.87
286.0,112,855,1,11,-0.8660254037844386,0.5000000000000001,1.8172,291.2
2593.97,268,289,0,8,-0.4999999999999997,-0.8660254037844388,6.7091,2768.0
3163.47,183,1129,1,10,-1.0,-1.8369701987210297e-16,1.6674,3216.22
376.49,134,391,0,1,0.0,1.0,-0.885,373.16
1737.29,109,1321,0,1,0.0,1.0,0.272,1742.01
498.91,273,1349,0,11,-0.8660254037844386,0.5000000000000001,4.8676,523.19
988.16,91,1262,0,2,0.49999999999999994,0.8660254037844387,0.1286,989.44
191.09,45,1013,0,9,-0.8660254037844385,-0.5000000000000004,3.834,198.41
380.14,322,213,0,6,0.49999999999999994,-0.8660254037844387,6.0424,403.11
1279.27,121,1476,0,10,-1.0,-1.8369701987210297e-16,5.8793,1354.48
280.37,234,140,0,8,-0.4999999999999997,-0.8660254037844388,5.9848,297.15
1803.87,262,1115,2,1,0.0,1.0,-0.8189,1789.1
198.99,306,1215,0,5,0.8660254037844387,-0.4999999999999998,2.7865,204.53
40.0,228,315,1,9,-0.8660254037844385,-0.5000000000000004,4.2284,41.69
3553.7,259,768,0,12,-0.5000000000000004,0.8660254037844384,0.4296,3568.96
283.07,306,1196,2,10,-1.0,-1.8369701987210297e-16,2.9886,291.53
127.75,345,423,1,11,-0.8660254037844386,0.5000000000000001,1.4645,129.62
387.46,17,623,2,12,-0.5000000000000004,0.8660254037844384,-2.5156,377.71
189.22,272,1567,2,11,-0.8660254037844386,0.5000000000000001,1.9301,192.87
1937.57,63,1562,1,7,1.2246467991473532e-16,-1.0,3.0862,1997.37
151.7,326,181,0,5,0.8660254037844387,-0.4999999999999998,3.8889,157.6
4435.0,17,450,0,7,1.2246467991473532e-16,-1.0,0.9306,4476.27
163.38,90,616,0,10,-1.0,-1.8369701987210297e-16,3.3941,168.92
211.82,70,484,2,6,0.49999999999999994,-0.8660254037844387,2.5539,217.23
502.76,220,549,2,10,-1.0,-1.8369701987210297e-16,2.0481,513.05
48.54,1,789,0,9,-0.8660254037844385,-0.5000000000000004,2.4806,49.74
46.66,6,783,1,3,0.8660254037844386,0.5000000000000001,-1.2016,46.1
170.13,184,1220,0,12,-0.5000000000000004,0.8660254037844384,4.5496,177.87
63.98,355,666,1,11,-0.8660254037844386,0.5000000000000001,6.6439,68.23
1713.78,193,864,1,8,-0.4999999999999997,-0.8660254037844388,5.9157,1815.17
2581.63,163,502,0,3,0.8660254037844386,0.5000000000000001,-1.6377,2539.35
247.7,240,312,2,3,0.8660254037844386,0.5000000000000001,0.107,247.97
620.15,201,1104,0,11,-0.8660254037844386,0.5000000000000001,3.6767,642.95
1023.88,140,1352,1,1,0.0,1.0,-0.82,1015.48
84.85,215,1223,1,6,0.49999999999999994,-0.8660254037844387,4.6508,88.79
311.61,1,94,0,8,-0.4999999999999997,-0.8660254037844388,-0.4941,310.07
4938.23,89,1059,0,3,0.8660254037844386,0.5000000000000001,0.3142,4953.74
134.75,246,924,0,11,-0.8660254037844386,0.5000000000000001,2.3078,137.86
71.91,125,918,1,7,1.2246467991473532e-16,-1.0,1.3714,72.89
207.35,19,1395,2,1,0.0,1.0,0.6612,208.72
480.42,45,206,0,4,1.0,6.123233995736766e-17,1.371,487.01
2355.18,317,348,0,5,0.8660254037844387,-0.4999999999999998,2.0021,2402.34
195.76,120,232,0,3,0.8660254037844386,0.5000000000000001,2.4345,200.52
233.92,8,695,0,12,-0.5000000000000004,0.8660254037844384,-0.226,233.39
298.01,266,1348,0,5,0.8660254037844387,-0.4999999999999998,7.3749,319.99
1768.91,194,136,1,7,1.2246467991473532e-16,-1.0,4.1759,1842.77
420.97,165,694,0,7,1.2246467991473532e-16,-1.0,3.9224,437.48
199.74,327,575,1,3,0.8660254037844386,0.5000000000000001,3.9762,207.68
138.85,114,1410,0,7,1.2246467991473532e-16,-1.0,6.6285,148.05
92.43,209,1060,1,5,0.8660254037844387,-0.4999999999999998,6.4027,98.35
3918.85,272,368,0,1,0.0,1.0,2.1127,4001.64
409.45,222,458,0,5,0.8660254037844387,-0.4999999999999998,7.313,439.4
70.04,76,890,0,8,-0.4999999999999997,-0.8660254037844388,6.1446,74.34
2609.42,249,280,1,2,0.49999999999999994,0.8660254037844387,-1.1891,2578.39
3332.84,272,400,2,10,-1.0,-1.8369701987210297e-16,1.768,3391.76
160.99,44,1026,0,8,-0.4999999999999997,-0.8660254037844388,2.6452,165.25
250.33,60,1213,0,4,1.0,6.123233995736766e-17,4.4639,261.5
5000.0,247,1241,1,8,-0.4999999999999997,-0.8660254037844388,3.301,5165.05
40.83,43,295,0,4,1.0,6.123233995736766e-17,4.9586,42.85
271.26,322,1454,1,8,-0.4999999999999997,-0.8660254037844388,5.8287,287.07
300.71,40,372,0,2,0.49999999999999994,0.8660254037844387,-0.5623,299.02
2340.98,356,1745,2,8,-0.4999999999999997,-0.8660254037844388,4.3283,2442.3
238.6,245,588,1,1,0.0,1.0,0.2122,239.1
234.08,162,767,0,1,0.0,1.0,0.6456,235.59
1952.66,98,1645,1,4,1.0,6.123233995736766e-17,2.0403,1992.5
2471.42,126,638,0,3,0.8660254037844386,0.5000000000000001,0.9193,2494.14
81.55,273,1134,1,6,0.49999999999999994,-0.8660254037844387,5.5035,86.03
103.03,275,1138,1,2,0.49999999999999994,0.8660254037844387,3.1147,106.24
835.46,76,329,1,3,0.8660254037844386,0.5000000000000001,-1.2973,824.62
247.06,198,1199,0,2,0.49999999999999994,0.8660254037844387,2.3608,252.89
1018.01,363,566,0,11,-0.8660254037844386,0.5000000000000001,5.6779,1075.81
106.28,94,737,0,9,-0.8660254037844385,-0.5000000000000004,3.0847,109.56
1892.62,253,611,1,3,0.8660254037844386,0.5000000000000001,1.0036,1911.61
287.82,63,1685,1,2,0.49999999999999994,0.8660254037844387,-1.3341,283.98
238.2,305,846,0,11,-0.8660254037844386,0.5000000000000001,3.2214,245.87
124.59,62,1188,1,9,-0.8660254037844385,-0.5000000000000004,3.8658,129.41
131.61,108,926,1,11,-0.8660254037844386,0.5000000000000001,0.8728,132.75
742.88,168,692,1,3,0.8660254037844386,0.5000000000000001,-0.4885,739.25
779.08,135,898,0,5,0.8660254037844387,-0.4999999999999998,4.2655,812.32
2748.92,62,1200,0,2,0.49999999999999994,0.8660254037844387,0.6444,2766.63
699.81,234,183,0,6,0.49999999999999994,-0.8660254037844387,5.1287,735.7
282.0,7,347,1,2,0.49999999999999994,0.8660254037844387,-3.6192,271.79
1679.02,359,367,1,1,0.0,1.0,2.8923,1727.58
62.98,19,1565,2,7,1.2246467991473532e-16,-1.0,2.5165,64.57
1366.68,122,884,0,12,-0.5000000000000004,0.8660254037844384,-0.9061,1354.3
550.64,340,605,1,8,-0.4999999999999997,-0.8660254037844388,6.9017,588.65
116.78,56,636,2,10,-1.0,-1.8369701987210297e-16,3.1006,120.4
1072.89,26,1042,0,10,-1.0,-1.8369701987210297e-16,0.8459,1081.97
5000.0,272,809,0,12,-0.5000000000000004,0.8660254037844384,0.3548,5017.74
262.52,26,955,0,2,0.49999999999999994,0.8660254037844387,0.8833,264.84
1099.16,329,1206,1,4,1.0,6.123233995736766e-17,1.8199,1119.16
284.21,165,184,0,8,-0.4999999999999997,-0.8660254037844388,7.8924,306.65
336.2,318,1034,0,10,-1.0,-1.8369701987210297e-16,3.2863,347.25
229.95,89,1095,0,10,-1.0,-1.8369701987210297e-16,3.5228,238.05
126.36,51,632,1,9,-0.8660254037844385,-0.5000000000000004,2.361,129.34
134.75,352,807,2,4,1.0,6.123233995736766e-17,2.6486,138.31
1958.21,278,1033,1,5,0.8660254037844387,-0.4999999999999998,2.7403,2011.87
198.6,333,739,2,1,0.0,1.0,3.3695,205.29
747.96,117,1594,1,4,1.0,6.123233995736766e-17,2.8119,768.99
100.0,148,300,1,2,0.49999999999999994,0.8660254037844387,-0.6388,99.36
103.16,211,291,0,12,-0.5000000000000004,0.8660254037844384,0.718,103.9
869.21,164,1352,2,2,0.49999999999999994,0.8660254037844387,-0.9416,861.02
872.44,88,1424,2,5,0.8660254037844387,-0.4999999999999998,3.557,903.47
651.58,137,1521,1,11,-0.8660254037844386,0.5000000000000001,2.9103,670.54
886.97,222,79,0,12,-0.5000000000000004,0.8660254037844384,1.1384,897.07
745.56,13,240,0,5,0.8660254037844387,-0.4999999999999998,1.3933,755.95
147.33,122,1263,0,6,0.49999999999999994,-0.8660254037844387,6.259,156.55
73.51,107,1228,0,7,1.2246467991473532e-16,-1.0,3.087,75.78
203.5,25,1247,0,10,-1.0,-1.8369701987210297e-16,2.6236,208.84
452.58,44,1352,0,10,-1.0,-1.8369701987210297e-16,3.7821,469.7
105.91,181,380,0,7,1.2246467991473532e-16,-1.0,5.5426,111.78
381.82,37,526,2,5,0.8660254037844387,-0.4999999999999998,1.249,386.59
48.94,126,543,1,5,0.8660254037844387,-0.4999999999999998,2.5356,50.18
597.55,205,1669,1,8,-0.4999999999999997,-0.8660254037844388,4.1024,622.06
252.18,319,797,0,11,-0.8660254037844386,0.5000000000000001,2.9678,259.66
3062.31,36,51,0,1,0.0,1.0,-2.0155,3000.59
3427.36,159,1127,0,10,-1.0,-1.8369701987210297e-16,1.9444,3494.01
5000.0,37,1495,2,6,0.49999999999999994,-0.8660254037844387,-0.882,4955.9
818.8,156,223,0,2,0.49999999999999994,0.8660254037844387,1.2432,828.98
4777.36,175,925,1,2,0.49999999999999994,0.8660254037844387,1.0902,4829.44
133.59,292,1129,0,5,0.8660254037844387,-0.4999999999999998,6.5862,142.39
750.99,161,1438,0,3,0.8660254037844386,0.5000000000000001,0.8684,757.51
1691.15,342,928,0,2,0.49999999999999994,0.8660254037844387,1.7131,1720.12
417.06,50,537,0,4,1.0,6.123233995736766e-17,2.3176,426.73
163.01,19,1370,0,11,-0.8660254037844386,0.5000000000000001,1.2522,165.05
971.76,1,808,2,9,-0.8660254037844385,-0.5000000000000004,-0.7336,964.63
5000.0,130,967,0,3,0.8660254037844386,0.5000000000000001,3.1849,5159.24
678.85,70,1268,0,9,-0.8660254037844385,-0.5000000000000004,2.0249,692.59
156.03,33,817,0,6,0.49999999999999994,-0.8660254037844387,-0.6159,155.07
67.58,86,1571,3,9,-0.8660254037844385,-0.5000000000000004,2.7487,69.44
96.14,356,1462,1,3,0.8660254037844386,0.5000000000000001,4.3112,100.29
1999.47,292,1051,1,1,0.0,1.0,1.3466,2026.4
446.38,6,656,0,4,1.0,6.123233995736766e-17,1.4882,453.03
150.2,335,1447,2,12,-0.5000000000000004,0.8660254037844384,1.6852,152.74
2588.79,75,628,0,7,1.2246467991473532e-16,-1.0,4.8329,2713.9
413.49,148,1146,1,1,0.0,1.0,-1.2868,408.16
1503.16,119,226,1,12,-0.5000000000000004,0.8660254037844384,-1.1976,1485.16
1581.71,148,114,0,10,-1.0,-1.8369701987210297e-16,0.3032,1586.5
1386.95,278,736,0,7,1.2246467991473532e-16,-1.0,7.0549,1484.8
3589.58,260,216,0,9,-0.8660254037844385,-0.5000000000000004,2.0419,3662.88
3744.2,217,1108,0,3,0.8660254037844386,0.5000000000000001,2.2782,3829.5
69.01,229,308,0,8,-0.4999999999999997,-0.8660254037844388,5.4038,72.74
240.57,266,772,0,11,-0.8660254037844386,0.5000000000000001,3.6271,249.29
3447.85,67,302,0,6,0.49999999999999994,-0.8660254037844387,1.1638,3487.97
1356.15,144,1594,1,1,0.0,1.0,0.8297,1367.4
467.07,39,1272,0,10,-1.0,-1.8369701987210297e-16,2.1046,476.9
2038.55,257,210,1,9,-0.8660254037844385,-0.5000000000000004,3.2185,2104.16
907.09,160,619,0,9,-0.8660254037844385,-0.5000000000000004,5.8879,960.5
347.19,233,1416,0,8,-0.4999999999999997,-0.8660254037844388,6.2157,368.77
169.73,206,757,0,2,0.49999999999999994,0.8660254037844387,0.7223,170.96
3250.07,100,1572,2,2,0.49999999999999994,0.8660254037844387,2.214,3322.03
1936.75,50,175,0,10,-1.0,-1.8369701987210297e-16,1.6346,1968.41
3677.23,356,904,1,11,-0.8660254037844386,0.5000000000000001,3.4846,3805.37
2377.43,107,1445,1,1,0.0,1.0,-0.5573,2364.18
94.01,40,446,1,7,1.2246467991473532e-16,-1.0,4.2752,98.03
207.83,111,59,0,7,1.2246467991473532e-16,-1.0,0.6241,209.13
255.61,330,1114,0,5,0.8660254037844387,-0.4999999999999998,8.4216,277.14
120.26,95,253,1,8,-0.4999999999999997,-0.8660254037844388,4.5242,125.7
1754.79,361,542,1,11,-0.8660254037844386,0.5000000000000001,1.9117,1788.33
102.98,168,1377,1,10,-1.0,-1.8369701987210297e-16,4.8702,107.99
586.1,315,1575,1,2,0.49999999999999994,0.8660254037844387,3.3054,605.47
2188.89,239,235,0,6,0.49999999999999994,-0.8660254037844387,2.4052,2241.54
2008.3,16,919,1,12,-0.5000000000000004,0.8660254037844384,-1.2455,1983.29
195.42,186,1279,1,3,0.8660254037844386,0.5000000000000001,3.0806,201.44
59.08,152,1238,3,11,-0.8660254037844386,0.5000000000000001,1.0529,59.7
323.11,73,783,1,6,0.49999999999999994,-0.8660254037844387,3.1639,333.33
803.34,201,835,0,7,1.2246467991473532e-16,-1.0,6.6125,856.46
3106.57,37,1256,1,4,1.0,6.123233995736766e-17,0.981,3137.05
414.27,255,180,1,12,-0.5000000000000004,0.8660254037844384,3.4032,428.37
120.58,300,118,0,7,1.2246467991473532e-16,-1.0,4.6733,126.22
940.05,33,200,0,7,1.2246467991473532e-16,-1.0,2.8221,966.58
285.44,175,541,0,6,0.49999999999999994,-0.8660254037844387,3.4691,295.34
2019.57,239,449,0,2,0.49999999999999994,0.8660254037844387,1.9137,2058.22
53.69,22,900,1,10,-1.0,-1.8369701987210297e-16,-0.0453,53.67
301.42,142,483,0,4,1.0,6.123233995736766e-17,3.1005,310.77
386.05,94,1138,1,3,0.8660254037844386,0.5000000000000001,2.9967,397.62
677.75,14,513,0,10,-1.0,-1.8369701987210297e-16,0.6978,682.48
309.56,294,1364,1,3,0.8660254037844386,0.5000000000000001,1.7551,314.99
288.42,162,648,1,9,-0.8660254037844385,-0.5000000000000004,4.9932,302.82
1280.2,275,473,1,6,0.49999999999999994,-0.8660254037844387,4.7787,1341.38
130.11,214,1297,0,10,-1.0,-1.8369701987210297e-16,4.3701,135.79
166.65,320,1338,2,1,0.0,1.0,0.6314,167.7
55.6,364,114,0,10,-1.0,-1.8369701987210297e-16,1.8299,56.61
131.88,220,434,1,3,0.8660254037844386,0.5000000000000001,5.3715,138.96
373.19,128,115,0,11,-0.8660254037844386,0.5000000000000001,-0.146,372.64
136.93,154,1202,0,5,0.8660254037844387,-0.4999999999999998,3.415,141.6
71.42,302,1028,1,1,0.0,1.0,3.0636,73.61
5000.0,156,1403,0,6,0.49999999999999994,-0.8660254037844387,2.9059,5145.29
364.31,190,522,0,1,0.0,1.0,1.8467,371.04
1739.48,71,113,0,4,1.0,6.123233995736766e-17,2.3939,1781.12
1515.46,362,713,0,9,-0.8660254037844385,-0.5000000000000004,3.5233,1568.85
80.74,238,500,3,7,1.2246467991473532e-16,-1.0,3.7269,83.75
440.03,120,439,1,9,-0.8660254037844385,-0.5000000000000004,3.2124,454.16
815.75,214,1191,0,11,-0.8660254037844386,0.5000000000000001,0.8062,822.32
95.73,146,766,1,6,0.49999999999999994,-0.8660254037844387,3.3189,98.91
98.26,56,1417,1,7,1.2246467991473532e-16,-1.0,4.1748,102.37
166.34,320,899,1,1,0.0,1.0,5.3721,175.27
180.17,324,1132,1,4,1.0,6.123233995736766e-17,3.3261,186.16
212.14,305,1259,0,9,-0.8660254037844385,-0.5000000000000004,5.6341,224.09
152.61,134,716,0,1,0.0,1.0,4.9707,160.2
579.47,93,681,1,5,0.8660254037844387,-0.4999999999999998,3.746,601.17
228.96,18,1369,1,2,0.49999999999999994,0.8660254037844387,-2.8056,222.54
2159.05,267,1339,1,11,-0.8660254037844386,0.5000000000000001,1.8249,2198.45
53.3,120,481,0,7,1.2246467991473532e-16,-1.0,5.7803,56.38
1087.39,326,1408,1,8,-0.4999999999999997,-0.8660254037844388,7.7671,1171.85
2371.97,318,1488,0,9,-0.8660254037844385,-0.5000000000000004,7.2702,2544.42
307.71,46,433,1,3,0.8660254037844386,0.5000000000000001,0.6764,309.79
260.17,335,1279,0,1,0.0,1.0,4.2793,271.3
149.29,51,258,1,5,0.8660254037844387,-0.4999999999999998,-0.1038,149.13
266.6,179,1621,3,3,0.8660254037844386,0.5000000000000001,0.1601,267.02
102.42,173,1342,0,4,1.0,6.123233995736766e-17,2.2562,104.74
882.24,350,1354,1,4,1.0,6.123233995736766e-17,5.6647,932.22
843.59,240,712,1,10,-1.0,-1.8369701987210297e-16,3.3756,872.07
378.34,320,1403,0,4,1.0,6.123233995736766e-17,5.1066,397.66
4476.97,218,851,0,2,0.49999999999999994,0.8660254037844387,3.5352,4635.24
2668.44,302,277,1,12,-0.5000000000000004,0.8660254037844384,1.2017,2700.5
235.27,311,1281,0,1,0.0,1.0,4.7767,246.5
1885.87,314,1367,0,3,0.8660254037844386,0.5000000000000001,4.3138,1967.22
71.71,150,650,2,5,0.8660254037844387,-0.4999999999999998,4.5518,74.97
1493.32,139,570,1,1,0.0,1.0,-2.1229,1461.62
1629.44,360,1028,1,11,-0.8660254037844386,0.5000000000000001,4.2663,1698.96
237.46,276,695,1,5,0.8660254037844387,-0.4999999999999998,5.4207,250.33
320.26,335,975,0,10,-1.0,-1.8369701987210297e-16,4.3269,334.12
690.44,211,658,1,2,0.49999999999999994,0.8660254037844387,1.8778,703.41
147.33,340,361,0,7,1.2246467991473532e-16,-1.0,8.2882,159.54
593.09,263,383,0,2,0.49999999999999994,0.8660254037844387,1.3085,600.85
3594.09,271,1229,1,3,0.8660254037844386,0.5000000000000001,0.9538,3628.37
379.16,65,921,2,5,0.8660254037844387,-0.4999999999999998,1.0733,383.23
87.46,207,67,0,11,-0.8660254037844386,0.5000000000000001,-0.2123,87.28
705.48,267,1273,3,4,1.0,6.123233995736766e-17,2.1218,720.45
1204.69,278,1274,1,10,-1.0,-1.8369701987210297e-16,4.3059,1256.56
446.32,350,261,0,2,0.49999999999999994,0.8660254037844387,4.6251,466.97
44.72,119,400,0,4,1.0,6.123233995736766e-17,1.5402,45.41
1023.03,110,568,0,8,-0.4999999999999997,-0.8660254037844388,4.1501,1065.48
73.62,354,1621,1,6,0.49999999999999994,-0.8660254037844387,6.9365,78.72
308.94,360,551,0,7,1.2246467991473532e-16,-1.0,6.5693,329.23
405.5,65,1264,0,9,-0.8660254037844385,-0.5000000000000004,1.207,410.4
2861.53,138,1027,0,1,0.0,1.0,-1.0827,2830.55
3679.34,347,1800,2,9,-0.8660254037844385,-0.5000000000000004,6.8775,3932.38
1936.24,73,890,0,11,-0.8660254037844386,0.5000000000000001,2.1947,1978.73
2022.45,286,506,0,10,-1.0,-1.8369701987210297e-16,3.5391,2094.02
151.04,41,1087,0,4,1.0,6.123233995736766e-17,3.1935,155.86
1046.36,65,176,0,5,0.8660254037844387,-0.4999999999999998,2.6965,1074.57
1918.26,287,1186,0,12,-0.5000000000000004,0.8660254037844384,1.5015,1947.06
1659.17,222,591,1,10,-1.0,-1.8369701987210297e-16,1.5941,1685.62
2332.16,203,1246,1,12,-0.5000000000000004,0.8660254037844384,-0.0611,2330.73
107.62,313,889,0,11,-0.8660254037844386,0.5000000000000001,4.3389,112.29
135.03,112,490,1,6,0.49999999999999994,-0.8660254037844387,2.0803,137.84
1899.47,184,745,0,2,0.49999999999999994,0.8660254037844387,-0.0551,1898.43
95.92,222,891,1,3,0.8660254037844386,0.5000000000000001,3.5457,99.32
99.17,270,1161,0,4,1.0,6.123233995736766e-17,4.4375,103.57
4999.15,121,1092,2,11,-0.8660254037844386,0.5000000000000001,-2.5957,4869.39
3568.21,231,407,2,4,1.0,6.123233995736766e-17,0.6046,3589.79
184.14,164,355,1,5,0.8660254037844387,-0.4999999999999998,4.0521,191.6
54.4,198,1012,0,11,-0.8660254037844386,0.5000000000000001,3.5376,56.33
386.61,315,1347,0,2,0.49999999999999994,0.8660254037844387,0.6177,389.0
53.09,144,847,1,8,-0.4999999999999997,-0.8660254037844388,6.3938,56.48
70.01,244,178,0,7,1.2246467991473532e-16,-1.0,5.0473,73.54
109.11,344,293,0,12,-0.5000000000000004,0.8660254037844384,3.1061,112.5
3228.27,279,1466,0,6,0.49999999999999994,-0.8660254037844387,7.1223,3458.2
314.18,361,1069,0,7,1.2246467991473532e-16,-1.0,7.0195,336.23
40.0,213,91,0,11,-0.8660254037844386,0.5000000000000001,-0.8031,39.68
818.73,103,422,0,12,-0.5000000000000004,0.8660254037844384,2.5284,839.44
78.16,362,1316,1,9,-0.8660254037844385,-0.5000000000000004,2.8476,80.38
3498.59,235,964,0,9,-0.8660254037844385,-0.5000000000000004,3.7341,3629.23
131.46,88,463,0,11,-0.8660254037844386,0.5000000000000001,3.3035,135.8
163.39,116,1058,0,12,-0.5000000000000004,0.8660254037844384,0.6134,164.39
408.03,95,1800,2,9,-0.8660254037844385,-0.5000000000000004,1.7986,415.37
98.29,305,1482,1,4,1.0,6.123233995736766e-17,4.4144,102.63
65.56,33,1461,1,8,-0.4999999999999997,-0.8660254037844388,3.5402,67.88
3321.17,270,704,1,3,0.8660254037844386,0.5000000000000001,0.3378,3332.39
2130.05,202,278,1,7,1.2246467991473532e-16,-1.0,2.4086,2181.35
3353.7,26,613,0,6,0.49999999999999994,-0.8660254037844387,3.8577,3483.08
865.34,224,245,1,12,-0.5000000000000004,0.8660254037844384,-0.724,859.08
52.64,275,875,0,7,1.2246467991473532e-16,-1.0,7.6401,56.66
4988.0,265,1021,1,12,-0.5000000000000004,0.8660254037844384,-0.2203,4977.01
1217.95,193,542,0,10,-1.0,-1.8369701987210297e-16,4.6475,1274.56
280.9,122,548,2,11,-0.8660254037844386,0.5000000000000001,1.8259,286.03
1531.49,59,808,0,3,0.8660254037844386,0.5000000000000001,0.3426,1536.74
484.84,4,65,0,10,-1.0,-1.8369701987210297e-16,0.6445,487.97
975.43,131,529,1,4,1.0,6.123233995736766e-17,3.7325,1011.84
2994.08,231,1454,0,7,1.2246467991473532e-16,-1.0,3.9421,3112.11
4953.56,13,1376,0,6,0.49999999999999994,-0.8660254037844387,0.9993,5003.06
2159.75,365,1126,2,4,1.0,6.123233995736766e-17,3.7868,2241.54
2976.15,214,653,1,12,-0.5000000000000004,0.8660254037844384,-1.5649,2929.58
494.68,107,166,1,11,-0.8660254037844386,0.5000000000000001,-2.496,482.34
256.26,352,991,0,7,1.2246467991473532e-16,-1.0,4.7756,268.49
1115.3,67,759,0,1,0.0,1.0,-0.1416,1113.72
742.26,350,1083,0,3,0.8660254037844386,0.5000000000000001,0.6354,746.98
51.98,103,476,1,3,0.8660254037844386,0.5000000000000001,0.5071,52.24
882.13,138,1427,1,12,-0.5000000000000004,0.8660254037844384,-4.5076,842.37
404.57,155,1217,0,5,0.8660254037844387,-0.4999999999999998,5.131,425.33
259.85,364,668,0,1,0.0,1.0,3.6457,269.32
1032.44,91,86,0,8,-0.4999999999999997,-0.8660254037844388,2.163,1054.77
3039.21,356,724,0,12,-0.5000000000000004,0.8660254037844384,3.9585,3159.52
110.88,126,585,0,7,1.2246467991473532e-16,-1.0,6.2375,117.79
2350.34,104,1152,0,6,0.49999999999999994,-0.8660254037844387,2.734,2414.6
88.71,233,391,0,3,0.8660254037844386,0.5000000000000001,1.3885,89.94
508.61,253,71,0,11,-0.8660254037844386,0.5000000000000001,2.9313,523.52
3375.92,126,1473,0,2,0.49999999999999994,0.8660254037844387,1.7576,3435.26
2878.77,49,396,0,12,-0.5000000000000004,0.8660254037844384,-1.6379,2831.61
152.7,144,253,1,3,0.8660254037844386,0.5000000000000001,-1.7387,150.05
2766.16,197,1292,0,2,0.49999999999999994,0.8660254037844387,2.7864,2843.24
3418.2,14,1093,0,5,0.8660254037844387,-0.4999999999999998,1.9031,3483.25
92.09,28,436,0,1,0.0,1.0,-0.5337,91.6
288.11,335,741,0,1,0.0,1.0,-1.5204,283.73
2070.09,13,1047,0,3,0.8660254037844386,0.5000000000000001,0.6455,2083.46
60.74,148,1233,0,9,-0.8660254037844385,-0.5000000000000004,4.9182,63.73
840.27,279,587,0,10,-1.0,-1.8369701987210297e-16,2.716,863.09
280.33,120,460,1,3,0.8660254037844386,0.5000000000000001,-0.4214,279.14
412.77,181,266,1,8,-0.4999999999999997,-0.8660254037844388,3.749,428.25
416.93,31,1290,0,5,0.8660254037844387,-0.4999999999999998,3.7002,432.35
142.43,290,1230,0,6,0.49999999999999994,-0.8660254037844387,6.2257,151.29
324.36,232,1800,2,5,0.8660254037844387,-0.4999999999999998,5.0234,340.66
3190.18,311,1133,0,11,-0.8660254037844386,0.5000000000000001,1.2313,3229.46
824.44,316,1015,3,7,1.2246467991473532e-16,-1.0,3.5634,853.82
383.56,128,497,1,7,1.2246467991473532e-16,-1.0,4.8629,402.22
1121.62,15,398,0,11,-0.8660254037844386,0.5000000000000001,-1.422,1105.67
110.12,126,712,0,8,-0.4999999999999997,-0.8660254037844388,7.556,118.44
90.42,53,1448,0,2,0.49999999999999994,0.8660254037844387,1.6139,91.88
694.79,195,1112,1,3,0.8660254037844386,0.5000000000000001,0.1556,695.87
48.08,53,677,0,5,0.8660254037844387,-0.4999999999999998,1.101,48.61
111.47,337,1283,1,2,0.49999999999999994,0.8660254037844387,4.346,116.32
1691.78,220,1261,0,9,-0.8660254037844385,-0.5000000000000004,3.5173,1751.29
3344.25,92,864,1,6,0.49999999999999994,-0.8660254037844387,4.281,3487.41
219.89,337,1377,1,1,0.0,1.0,1.9081,224.08
203.62,281,71,0,5,0.8660254037844387,-0.4999999999999998,4.6295,213.05
1045.94,160,497,0,10,-1.0,-1.8369701987210297e-16,1.7417,1064.16
1693.94,53,292,0,11,-0.8660254037844386,0.5000000000000001,-0.1482,1691.43
135.24,125,461,1,12,-0.5000000000000004,0.8660254037844384,1.5171,137.29
1973.95,213,477,1,12,-0.5000000000000004,0.8660254037844384,0.1672,1977.25
4307.36,280,578,0,8,-0.4999999999999997,-0.8660254037844388,5.7939,4556.92
81.27,95,1194,1,12,-0.5000000000000004,0.8660254037844384,-1.483,80.07
144.59,271,906,0,12,-0.5000000000000004,0.8660254037844384,3.596,149.79
1411.67,103,687,0,8,-0.4999999999999997,-0.8660254037844388,3.6409,1463.07
55.01,90,914,2,5,0.8660254037844387,-0.4999999999999998,2.6097,56.45
146.17,163,311,0,12,-0.5000000000000004,0.8660254037844384,-2.5079,142.51
3062.73,58,1355,1,5,0.8660254037844387,-0.4999999999999998,-0.4458,3049.08
1372.75,148,1144,0,2,0.49999999999999994,0.8660254037844387,1.3999,1391.97
1029.5,130,1001,1,2,0.49999999999999994,0.8660254037844387,0.8316,1038.07
1018.87,102,1230,0,7,1.2246467991473532e-16,-1.0,5.0818,1070.65
602.98,283,1217,0,1,0.0,1.0,2.3496,617.15
2105.55,121,1216,0,2,0.49999999999999994,0.8660254037844387,-1.1041,2082.3
2277.36,254,392,1,3,0.8660254037844386,0.5000000000000001,-0.5308,2265.27
1516.24,263,170,0,7,1.2246467991473532e-16,-1.0,1.1979,1534.4
446.48,243,684,0,6,0.49999999999999994,-0.8660254037844387,5.6414,471.67
1365.15,98,127,0,7,1.2246467991473532e-16,-1.0,5.6485,1442.26
1181.85,303,68,0,7,1.2246467991473532e-16,-1.0,4.4501,1234.44
326.04,86,373,1,12,-0.5000000000000004,0.8660254037844384,-1.6612,320.62
176.66,101,299,1,3,0.8660254037844386,0.5000000000000001,0.5324,177.6
290.81,320,583,1,6,0.49999999999999994,-0.8660254037844387,5.3043,306.23
436.96,124,527,0,8,-0.4999999999999997,-0.8660254037844388,1.5078,443.55
113.62,255,1238,0,4,1.0,6.123233995736766e-17,5.2326,119.57
165.97,15,1357,0,3,0.8660254037844386,0.5000000000000001,0.957,167.55
61.21,224,292,0,1,0.0,1.0,1.2293,61.97
66.69,317,976,2,4,1.0,6.123233995736766e-17,7.0572,71.39
691.09,259,784,0,4,1.0,6.123233995736766e-17,3.6089,716.03
1229.98,213,873,2,3,0.8660254037844386,0.5000000000000001,3.7551,1276.17
771.27,310,526,0,4,1.0,6.123233995736766e-17,2.4553,790.21
1638.36,109,1155,1,9,-0.8660254037844385,-0.5000000000000004,0.4726,1646.1
315.06,137,806,1,10,-1.0,-1.8369701987210297e-16,1.2971,319.14
2382.42,25,1248,1,7,1.2246467991473532e-16,-1.0,4.3193,2485.32
1206.41,255,239,1,1,0.0,1.0,-1.2307,1191.56
1347.57,264,745,0,9,-0.8660254037844385,-0.5000000000000004,2.3174,1378.8
1558.63,275,579,1,2,0.49999999999999994,0.8660254037844387,1.4136,1580.66
123.22,274,465,0,1,0.0,1.0,1.5383,125.12
684.93,46,726,0,7,1.2246467991473532e-16,-1.0,4.39,715.0
1619.73,243,484,0,6,0.49999999999999994,-0.8660254037844387,3.5159,1676.67
87.67,279,1148,0,4,1.0,6.123233995736766e-17,3.6692,90.88
126.42,74,539,2,12,-0.5000000000000004,0.8660254037844384,1.9019,128.82
598.26,174,1345,0,2,0.49999999999999994,0.8660254037844387,0.5083,601.3
307.22,334,572,0,1,0.0,1.0,1.1808,310.84
3620.01,151,812,0,8,-0.4999999999999997,-0.8660254037844388,4.7495,3791.94
1327.84,275,396,1,6,0.49999999999999994,-0.8660254037844387,-0.1063,1326.43
71.43,194,1468,1,10,-1.0,-1.8369701987210297e-16,4.9821,74.99
477.61,240,1283,2,1,0.0,1.0,3.6472,495.03
2052.89,229,1317,1,6,0.49999999999999994,-0.8660254037844387,5.9006,2174.02
1388.84,238,1347,0,2,0.49999999999999994,0.8660254037844387,0.3757,1394.06
784.07,285,1494,0,1,0.0,1.0,1.2343,793.75
60.26,330,415,0,6,0.49999999999999994,-0.8660254037844387,6.3947,64.12
3255.11,108,650,1,9,-0.8660254037844385,-0.5000000000000004,2.6206,3340.42
289.77,339,718,3,2,0.49999999999999994,0.8660254037844387,3.6217,300.27
94.27,229,775,0,11,-0.8660254037844386,0.5000000000000001,5.6705,99.62
87.95,218,1352,0,7,1.2246467991473532e-16,-1.0,6.3101,93.5
2173.1,119,1180,1,6,0.49999999999999994,-0.8660254037844387,2.7169,2232.14
934.76,152,1095,1,12,-0.5000000000000004,0.8660254037844384,-0.5473,929.64
151.29,238,800,1,4,1.0,6.123233995736766e-17,4.676,158.37
671.19,133,1107,0,3,0.8660254037844386,0.5000000000000001,3.5563,695.06
4062.58,105,725,0,10,-1.0,-1.8369701987210297e-16,1.8259,4136.76
603.51,299,1339,0,2,0.49999999999999994,0.8660254037844387,2.7915,620.36
311.2,152,859,0,11,-0.8660254037844386,0.5000000000000001,5.4955,328.3
227.79,235,1172,1,10,-1.0,-1.8369701987210297e-16,4.8589,238.85
124.6,11,1034,0,12,-0.5000000000000004,0.8660254037844384,-2.8472,121.05
4016.25,28,1126,0,6,0.49999999999999994,-0.8660254037844387,2.7547,4126.89
114.26,310,1160,2,8,-0.4999999999999997,-0.8660254037844388,6.0793,121.21
57.16,52,608,0,11,-0.8660254037844386,0.5000000000000001,0.9084,57.67
88.26,291,649,0,2,0.49999999999999994,0.8660254037844387,4.8057,92.5
145.42,329,1738,2,4,1.0,6.123233995736766e-17,3.7617,150.89
268.31,176,204,0,6,0.49999999999999994,-0.8660254037844387,2.7538,275.7
3992.13,323,1232,1,8,-0.4999999999999997,-0.8660254037844388,4.1312,4157.06
115.04,156,1443,0,9,-0.8660254037844385,-0.5000000000000004,6.0528,122.01
69.47,348,293,2,12,-0.5000000000000004,0.8660254037844384,-0.5273,69.1
401.41,86,944,0,6,0.49999999999999994,-0.8660254037844387,3.5722,415.75
3586.37,156,911,0,3,0.8660254037844386,0.5000000000000001,2.7508,3685.02
3713.65,142,931,2,3,0.8660254037844386,0.5000000000000001,-1.8831,3643.72
3376.82,286,372,1,10,-1.0,-1.8369701987210297e-16,0.5979,3397.01
95.81,16,1031,0,6,0.49999999999999994,-0.8660254037844387,1.3225,97.07
1346.84,303,805,0,8,-0.4999999999999997,-0.8660254037844388,4.226,1403.76
1165.42,8,1139,0,7,1.2246467991473532e-16,-1.0,2.1749,1190.77
40.95,115,173,0,10,-1.0,-1.8369701987210297e-16,1.9149,41.73
1438.35,218,1405,0,3,0.8660254037844386,0.5000000000000001,1.129,1454.59
1375.79,53,958,0,3,0.8660254037844386,0.5000000000000001,0.0096,1375.93
1026.2,179,909,2,9,-0.8660254037844385,-0.5000000000000004,4.2984,1070.31
130.71,364,858,1,6,0.49999999999999994,-0.8660254037844387,7.0132,139.88
299.65,301,1789,2,10,-1.0,-1.8369701987210297e-16,6.9731,320.54
669.95,11,850,0,2,0.49999999999999994,0.8660254037844387,-1.6771,658.71
95.71,216,889,0,4,1.0,6.123233995736766e-17,3.6602,99.22
111.67,218,1148,1,12,-0.5000000000000004,0.8660254037844384,2.4077,114.36
1138.91,24,500,0,11,-0.8660254037844386,0.5000000000000001,-1.2145,1125.08
87.88,237,409,0,1,0.0,1.0,1.7355,89.41
58.94,190,1237,1,10,-1.0,-1.8369701987210297e-16,0.9304,59.49
104.1,249,662,1,1,0.0,1.0,1.1455,105.3
48.4,108,94,0,2,0.49999999999999994,0.8660254037844387,1.6293,49.19
177.88,93,746,0,11,-0.8660254037844386,0.5000000000000001,4.6587,186.17
1203.46,269,59,0,2,0.49999999999999994,0.8660254037844387,2.7439,1236.48
2046.46,264,1002,1,4,1.0,6.123233995736766e-17,3.1887,2111.71
72.36,59,983,0,2,0.49999999999999994,0.8660254037844387,1.833,73.69
857.06,79,1551,2,8,-0.4999999999999997,-0.8660254037844388,3.3869,886.08
76.63,214,928,0,1,0.0,1.0,1.5603,77.83
104.38,303,557,0,4,1.0,6.123233995736766e-17,3.1095,107.63
2079.05,73,1067,1,4,1.0,6.123233995736766e-17,1.5781,2111.86
5000.0,80,1174,2,8,-0.4999999999999997,-0.8660254037844388,2.1799,5109.0
192.8,295,1184,1,6,0.49999999999999994,-0.8660254037844387,7.3787,207.02
2342.45,254,1388,0,3,0.8660254037844386,0.5000000000000001,-0.9052,2321.25
179.68,330,186,0,6,0.49999999999999994,-0.8660254037844387,5.3539,189.3
2265.19,286,1301,1,6,0.49999999999999994,-0.8660254037844387,6.8479,2420.3
845.14,348,1378,1,5,0.8660254037844387,-0.4999999999999998,5.9954,895.81
654.95,69,1219,3,7,1.2246467991473532e-16,-1.0,1.0081,661.55
2035.38,99,632,0,4,1.0,6.123233995736766e-17,-0.3278,2028.71
1274.54,87,878,1,5,0.8660254037844387,-0.4999999999999998,2.3002,1303.86
4287.8,20,588,0,10,-1.0,-1.8369701987210297e-16,1.5049,4352.33
324.26,285,1324,0,4,1.0,6.123233995736766e-17,5.5122,342.14
3855.73,242,519,0,4,1.0,6.123233995736766e-17,2.8448,3965.42
2274.91,31,682,0,2,0.49999999999999994,0.8660254037844387,0.0122,2275.19
513.56,72,896,0,9,-0.8660254037844385,-0.5000000000000004,3.6202,532.16
428.24,69,411,0,9,-0.8660254037844385,-0.5000000000000004,3.4377,442.96
3826.71,147,1215,1,9,-0.8660254037844385,-0.5000000000000004,4.3891,3994.67
766.06,166,889,1,3,0.8660254037844386,0.5000000000000001,0.7566,771.86
186.56,105,292,0,6,0.49999999999999994,-0.8660254037844387,2.5088,191.24
48.46,340,476,1,4,1.0,6.123233995736766e-17,5.274,51.02
138.66,77,84,0,10,-1.0,-1.8369701987210297e-16,0.7275,139.67
139.12,205,892,0,5,0.8660254037844387,-0.4999999999999998,2.2353,142.23
106.89,160,1702,3,5,0.8660254037844387,-0.4999999999999998,5.4728,112.74
1480.33,141,1488,0,6,0.49999999999999994,-0.8660254037844387,4.9188,1553.15
337.66,302,1005,0,10,-1.0,-1.8369701987210297e-16,5.005,354.56
98.1,358,1669,1,9,-0.8660254037844385,-0.5000000000000004,5.8787,103.87
288.86,2,1483,0,10,-1.0,-1.8369701987210297e-16,2.8161,297.0
98.52,169,938,0,6,0.49999999999999994,-0.8660254037844387,3.7625,102.23
753.34,43,722,1,10,-1.0,-1.8369701987210297e-16,0.8354,759.63
455.96,158,1562,1,11,-0.8660254037844386,0.5000000000000001,2.3508,466.68
4231.44,225,966,0,7,1.2246467991473532e-16,-1.0,5.9538,4483.37
1001.01,150,1469,2,9,-0.8660254037844385,-0.5000000000000004,0.2773,1003.79
1465.09,113,374,0,11,-0.8660254037844386,0.5000000000000001,1.2936,1484.04
294.84,114,1429,0,11,-0.8660254037844386,0.5000000000000001,1.6539,299.71
1601.09,109,669,0,4,1.0,6.123233995736766e-17,0.8945,1615.42
1874.86,119,1316,0,9,-0.8660254037844385,-0.5000000000000004,1.1274,1896.0
5000.0,136,1089,3,6,0.49999999999999994,-0.8660254037844387,5.6633,5283.16
1320.13,251,1428,1,2,0.49999999999999994,0.8660254037844387,1.2894,1337.15
3973.41,35,1024,0,5,0.8660254037844387,-0.4999999999999998,2.4983,4072.68
2374.94,14,379,0,12,-0.5000000000000004,0.8660254037844384,-3.4134,2293.87
2852.54,189,261,0,12,-0.5000000000000004,0.8660254037844384,-2.2716,2787.74
585.49,249,435,1,10,-1.0,-1.8369701987210297e-16,3.8069,607.78
126.15,94,590,0,12,-0.5000000000000004,0.8660254037844384,-1.0821,124.79
578.84,73,385,2,7,1.2246467991473532e-16,-1.0,4.1327,602.76
3797.03,228,843,0,10,-1.0,-1.8369701987210297e-16,5.7474,4015.26
5000.0,140,1004,0,2,0.49999999999999994,0.8660254037844387,-0.5298,4973.51
4738.79,269,1352,2,4,1.0,6.123233995736766e-17,1.7796,4823.12
480.23,53,1650,2,3,0.8660254037844386,0.5000000000000001,-3.6842,462.53
2509.23,44,1210,0,12,-0.5000000000000004,0.8660254037844384,-2.9019,2436.41
621.42,202,1492,0,8,-0.4999999999999997,-0.8660254037844388,6.4338,661.4
1370.31,143,1239,2,12,-0.5000000000000004,0.8660254037844384,1.7344,1394.08
436.11,266,1359,1,5,0.8660254037844387,-0.4999999999999998,3.6736,452.13
235.57,185,1339,1,5,0.8660254037844387,-0.4999999999999998,3.5084,243.84
471.22,129,1444,1,9,-0.8660254037844385,-0.5000000000000004,1.2313,477.02
211.76,58,1100,2,7,1.2246467991473532e-16,-1.0,1.7409,215.45
354.2,59,800,0,5,0.8660254037844387,-0.4999999999999998,5.1473,372.43
1460.67,276,1375,0,4,1.0,6.123233995736766e-17,4.4309,1525.39
118.87,82,703,0,7,1.2246467991473532e-16,-1.0,2.0373,121.3
1227.87,183,1017,1,1,0.0,1.0,1.3328,1244.23
72.97,299,977,0,3,0.8660254037844386,0.5000000000000001,7.6841,78.58
40.0,328,314,0,1,0.0,1.0,1.7954,40.72
107.53,97,263,1,2,0.49999999999999994,0.8660254037844387,-1.2162,106.22
138.2,40,1057,0,3,0.8660254037844386,0.5000000000000001,2.3646,141.46
2753.42,283,1325,2,1,0.0,1.0,2.1566,2812.8
1772.18,251,893,0,1,0.0,1.0,2.6708,1819.51
1243.6,121,1183,1,10,-1.0,-1.8369701987210297e-16,1.4969,1262.21
1017.9,217,287,1,3,0.8660254037844386,0.5000000000000001,0.1236,1019.16
866.64,69,292,0,7,1.2246467991473532e-16,-1.0,0.3519,869.69
2695.36,256,1119,0,2,0.49999999999999994,0.8660254037844387,-0.0244,2694.7
639.83,266,970,0,12,-0.5000000000000004,0.8660254037844384,2.8573,658.11
42.74,109,448,1,3,0.8660254037844386,0.5000000000000001,0.3383,42.88
3002.64,171,1051,1,9,-0.8660254037844385,-0.5000000000000004,3.5294,3108.62
312.87,122,96,0,8,-0.4999999999999997,-0.8660254037844388,3.082,322.51
4480.11,11,1192,0,10,-1.0,-1.8369701987210297e-16,0.8438,4517.91
2260.39,46,210,2,8,-0.4999999999999997,-0.8660254037844388,0.6968,2276.14
377.67,351,1264,0,7,1.2246467991473532e-16,-1.0,8.2543,408.84
3618.61,166,798,2,10,-1.0,-1.8369701987210297e-16,2.5242,3709.95
53.09,54,413,0,10,-1.0,-1.8369701987210297e-16,1.9585,54.13
1366.71,16,1393,0,5,0.8660254037844387,-0.4999999999999998,1.875,1392.34
1414.68,129,1230,0,12,-0.5000000000000004,0.8660254037844384,0.8433,1426.61
2257.69,359,535,0,12,-0.5000000000000004,0.8660254037844384,0.7785,2275.26
388.15,140,676,2,9,-0.8660254037844385,-0.5000000000000004,4.2882,404.79
112.79,365,286,1,12,-0.5000000000000004,0.8660254037844384,1.2844,114.24
55.45,179,744,1,2,0.49999999999999994,0.8660254037844387,1.3423,56.19
468.17,279,1083,1,7,1.2246467991473532e-16,-1.0,6.0606,496.55
407.15,287,893,1,8,-0.4999999999999997,-0.8660254037844388,5.98,431.5
316.04,10,1458,1,12,-0.5000000000000004,0.8660254037844384,-0.1656,315.52
1117.88,2,1282,1,2,0.49999999999999994,0.8660254037844387,-1.6998,1098.88
506.37,337,544,1,10,-1.0,-1.8369701987210297e-16,6.0151,536.83
101.96,341,1477,1,1,0.0,1.0,3.1119,105.14
58.16,48,717,0,5,0.8660254037844387,-0.4999999999999998,3.0473,59.94
2242.07,236,70,0,9,-0.8660254037844385,-0.5000000000000004,5.561,2366.75
1920.13,338,1284,0,4,1.0,6.123233995736766e-17,3.1612,1980.83
484.58,347,1118,0,11,-0.8660254037844386,0.5000000000000001,6.602,516.57
450.15,108,562,0,12,-0.5000000000000004,0.8660254037844384,-2.4673,439.04
100.34,299,1322,0,2,0.49999999999999994,0.8660254037844387,2.9174,103.27
205.71,236,1363,0,4,1.0,6.123233995736766e-17,2.0514,209.93
2936.31,339,1510,1,1,0.0,1.0,-0.3436,2926.22
107.78,53,1491,1,9,-0.8660254037844385,-0.5000000000000004,3.9832,112.07
66.61,219,435,0,11,-0.8660254037844386,0.5000000000000001,3.1454,68.7
727.85,8,1234,2,8,-0.4999999999999997,-0.8660254037844388,0.8337,733.92
2062.32,130,518,2,2,0.49999999999999994,0.8660254037844387,1.2822,2088.77
339.52,4,1479,2,3,0.8660254037844386,0.5000000000000001,1.0601,343.12
1001.73,162,771,0,1,0.0,1.0,0.6493,1008.23
4145.67,296,1325,0,6,0.49999999999999994,-0.8660254037844387,2.9073,4266.19
3979.56,240,1356,0,9,-0.8660254037844385,-0.5000000000000004,5.8951,4214.16
389.85,115,628,1,2,0.49999999999999994,0.8660254037844387,-0.5335,387.77
172.4,156,623,1,11,-0.8660254037844386,0.5000000000000001,2.1235,176.06
523.3,134,217,1,4,1.0,6.123233995736766e-17,2.377,535.74
3847.45,267,948,1,7,1.2246467991473532e-16,-1.0,4.265,4011.54
1199.99,97,1017,2,9,-0.8660254037844385,-0.5000000000000004,3.9467,1247.35
5000.0,33,1667,1,7,1.2246467991473532e-16,-1.0,2.11,5105.5
840.43,185,1363,2,6,0.49999999999999994,-0.8660254037844387,4.7638,880.46
52.55,303,876,1,5,0.8660254037844387,-0.4999999999999998,6.6368,56.04
409.89,174,871,0,6,0.49999999999999994,-0.8660254037844387,6.5075,436.56
3598.95,74,1031,1,3,0.8660254037844386,0.5000000000000001,2.7098,3696.48
69.41,16,1359,0,4,1.0,6.123233995736766e-17,1.1004,70.18
1145.91,345,1494,0,10,-1.0,-1.8369701987210297e-16,2.9012,1179.15
275.0,278,1022,3,11,-0.8660254037844386,0.5000000000000001,1.3341,278.67
293.22,56,579,0,11,-0.8660254037844386,0.5000000000000001,5.4409,309.18
783.13,27,1083,0,4,1.0,6.123233995736766e-17,3.5318,810.79
318.77,47,880,2,4,1.0,6.123233995736766e-17,0.103,319.1
2853.09,137,249,0,1,0.0,1.0,-1.2825,2816.5
172.57,297,456,0,4,1.0,6.123233995736766e-17,4.1542,179.74
1519.44,58,505,0,8,-0.4999999999999997,-0.8660254037844388,3.1323,1567.03
78.57,299,943,0,4,1.0,6.123233995736766e-17,6.0496,83.32
261.62,0,1116,0,9,-0.8660254037844385,-0.5000000000000004,3.3711,270.44
79.29,270,281,0,1,0.0,1.0,3.5996,82.15
103.13,103,302,1,5,0.8660254037844387,-0.4999999999999998,5.6724,108.99
541.97,351,284,0,4,1.0,6.123233995736766e-17,3.5051,560.97
295.33,174,1458,1,6,0.49999999999999994,-0.8660254037844387,4.6924,309.19
50.94,99,423,0,1,0.0,1.0,0.0194,50.95
2849.3,88,814,0,6,0.49999999999999994,-0.8660254037844387,3.0135,2935.16
1182.93,302,937,1,10,-1.0,-1.8369701987210297e-16,3.9692,1229.88
3731.34,147,449,0,11,-0.8660254037844386,0.5000000000000001,1.6475,3792.81
2519.75,128,1274,0,4,1.0,6.123233995736766e-17,5.0706,2647.51
488.3,269,139,0,6,0.49999999999999994,-0.8660254037844387,3.5384,505.58
424.86,196,815,0,9,-0.8660254037844385,-0.5000000000000004,5.0627,446.37
3928.92,242,647,0,6,0.49999999999999994,-0.8660254037844387,3.3635,4061.07
412.43,163,1184,0,7,1.2246467991473532e-16,-1.0,6.1334,437.73
506.65,23,332,0,5,0.8660254037844387,-0.4999999999999998,5.6092,535.07
293.97,2,1439,0,11,-0.8660254037844386,0.5000000000000001,0.3384,294.97
210.62,14,1198,0,8,-0.4999999999999997,-0.8660254037844388,7.3687,226.14
3043.3,210,1322,1,12,-0.5000000000000004,0.8660254037844384,-0.3562,3032.46
151.89,187,765,0,10,-1.0,-1.8369701987210297e-16,3.134,156.65
102.7,273,1109,1,5,0.8660254037844387,-0.4999999999999998,4.8424,107.67
1226.87,327,452,1,4,1.0,6.123233995736766e-17,3.1403,1265.39
1759.69,63,56,0,2,0.49999999999999994,0.8660254037844387,-1.7954,1728.09
4366.1,350,1130,0,8,-0.4999999999999997,-0.8660254037844388,7.0835,4675.37
1072.37,340,697,0,9,-0.8660254037844385,-0.5000000000000004,0.9341,1082.39
223.7,225,558,0,5,0.8660254037844387,-0.4999999999999998,3.2252,230.91
454.02,194,435,0,1,0.0,1.0,3.6947,470.79
122.83,64,948,0,10,-1.0,-1.8369701987210297e-16,0.6689,123.65
133.43,65,1063,2,3,0.8660254037844386,0.5000000000000001,0.1233,133.59
3579.62,6,1105,1,7,1.2246467991473532e-16,-1.0,2.9189,3684.11
3337.51,236,1429,0,1,0.0,1.0,1.3963,3384.11
219.13,158,1589,2,1,0.0,1.0,-0.5925,217.83
254.57,70,511,0,11,-0.8660254037844386,0.5000000000000001,1.6683,258.82
3698.6,48,397,0,9,-0.8660254037844385,-0.5000000000000004,2.7015,3798.51
239.32,23,279,0,1,0.0,1.0,-2.0291,234.46
237.66,234,1151,2,2,0.49999999999999994,0.8660254037844387,2.0819,242.6
146.86,250,1247,0,6,0.49999999999999994,-0.8660254037844387,7.771,158.28
274.39,231,484,1,9,-0.8660254037844385,-0.5000000000000004,5.5403,289.59
339.11,40,1571,1,6,0.49999999999999994,-0.8660254037844387,3.9985,352.67
1459.68,15,670,0,11,-0.8660254037844386,0.5000000000000001,2.1461,1491.01
286.29,38,1180,0,8,-0.4999999999999997,-0.8660254037844388,4.0602,297.91
362.2,275,479,0,8,-0.4999999999999997,-0.8660254037844388,3.9894,376.65
177.81,270,430,1,4,1.0,6.123233995736766e-17,2.9778,183.1
216.12,107,791,0,9,-0.8660254037844385,-0.5000000000000004,5.7647,228.58
160.25,20,846,0,11,-0.8660254037844386,0.5000000000000001,-0.4188,159.58
492.19,117,741,0,1,0.0,1.0,-2.7713,478.55
339.5,296,731,1,9,-0.8660254037844385,-0.5000000000000004,5.4423,357.97
67.84,52,1092,1,11,-0.8660254037844386,0.5000000000000001,0.5646,68.22
4160.63,291,967,0,6,0.49999999999999994,-0.8660254037844387,8.7658,4525.34
193.71,169,265,0,10,-1.0,-1.8369701987210297e-16,3.0838,199.68
1874.32,51,1018,0,5,0.8660254037844387,-0.4999999999999998,4.3624,1956.09
3086.42,341,529,0,3,0.8660254037844386,0.5000000000000001,1.7504,3140.45
59.52,189,1220,0,10,-1.0,-1.8369701987210297e-16,5.281,62.66
87.55,245,947,1,4,1.0,6.123233995736766e-17,4.6043,91.58
98.08,35,394,0,10,-1.0,-1.8369701987210297e-16,3.6448,101.66
2502.15,136,307,0,4,1.0,6.123233995736766e-17,1.6542,2543.54
802.48,231,1449,0,5,0.8660254037844387,-0.4999999999999998,4.0794,835.22
233.74,236,1091,0,9,-0.8660254037844385,-0.5000000000000004,6.9517,249.99
50.25,23,525,1,5,0.8660254037844387,-0.4999999999999998,1.0425,50.78
57.17,221,918,1,10,-1.0,-1.8369701987210297e-16,2.6534,58.69
558.29,345,225,0,1,0.0,1.0,1.4658,566.48
1582.91,287,1259,0,1,0.0,1.0,1.5012,1606.68
355.03,76,1393,1,1,0.0,1.0,0.1727,355.65
215.52,334,1286,1,4,1.0,6.123233995736766e-17,3.6761,223.44
2117.25,249,844,1,1,0.0,1.0,2.4047,2168.16
2380.81,20,480,1,5,0.8660254037844387,-0.4999999999999998,2.2784,2435.05
293.53,46,899,1,1,0.0,1.0,0.818,295.93
1655.82,337,918,1,10,-1.0,-1.8369701987210297e-16,4.6418,1732.68
2506.27,76,643,2,2,0.49999999999999994,0.8660254037844387,-4.3672,2396.81
262.52,35,666,1,12,-0.5000000000000004,0.8660254037844384,-0.3983,261.48
74.86,165,225,1,11,-0.8660254037844386,0.5000000000000001,2.4908,76.73
275.12,192,915,1,9,-0.8660254037844385,-0.5000000000000004,6.2223,292.24
51.68,209,326,0,10,-1.0,-1.8369701987210297e-16,3.1362,53.3
67.88,241,1269,0,10,-1.0,-1.8369701987210297e-16,6.7944,72.49
2640.83,365,1317,2,11,-0.8660254037844386,0.5000000000000001,2.723,2712.74
2833.17,277,924,0,7,1.2246467991473532e-16,-1.0,1.6953,2881.2
838.45,9,371,0,8,-0.4999999999999997,-0.8660254037844388,1.7004,852.7
2992.86,32,1017,0,6,0.49999999999999994,-0.8660254037844387,1.5872,3040.36
5000.0,0,1490,0,8,-0.4999999999999997,-0.8660254037844388,1.2306,5061.53
1311.49,144,963,0,5,0.8660254037844387,-0.4999999999999998,5.2263,1380.04
4134.15,128,1189,0,2,0.49999999999999994,0.8660254037844387,1.0862,4179.06
4549.23,341,1356,0,12,-0.5000000000000004,0.8660254037844384,1.7136,4627.19
210.56,134,1280,0,9,-0.8660254037844385,-0.5000000000000004,3.5798,218.1
3341.13,11,281,0,9,-0.8660254037844385,-0.5000000000000004,1.2284,3382.18
5000.0,323,1316,0,4,1.0,6.123233995736766e-17,3.7937,5189.68
206.83,95,1159,0,10,-1.0,-1.8369701987210297e-16,4.1791,215.47
1042.18,334,1091,0,7,1.2246467991473532e-16,-1.0,5.1801,1096.17
117.33,283,560,1,1,0.0,1.0,1.2029,118.74
298.35,322,723,0,12,-0.5000000000000004,0.8660254037844384,1.1893,301.9
1146.93,300,1671,2,12,-0.5000000000000004,0.8660254037844384,0.5265,1152.97
73.71,52,1617,1,11,-0.8660254037844386,0.5000000000000001,4.6424,77.14
767.51,229,212,0,6,0.49999999999999994,-0.8660254037844387,3.0691,791.07
450.03,150,666,0,3,0.8660254037844386,0.5000000000000001,1.1539,455.22
90.68,230,927,0,1,0.0,1.0,1.2627,91.83
904.96,272,184,0,9,-0.8660254037844385,-0.5000000000000004,3.386,935.6
3576.16,183,667,2,11,-0.8660254037844386,0.5000000000000001,0.1188,3580.41
52.03,114,1081,1,2,0.49999999999999994,0.8660254037844387,3.0992,53.64
429.08,335,1227,1,9,-0.8660254037844385,-0.5000000000000004,4.7295,449.37
65.77,242,288,1,1,0.0,1.0,1.19,66.55
130.45,324,1067,2,10,-1.0,-1.8369701987210297e-16,1.2544,132.09
546.04,86,1311,2,1,0.0,1.0,-1.8777,535.78
244.39,306,1487,0,12,-0.5000000000000004,0.8660254037844384,4.9639,256.52
1328.94,118,1497,0,3,0.8660254037844386,0.5000000000000001,0.325,1333.26
145.95,168,497,0,5,0.8660254037844387,-0.4999999999999998,5.3768,153.8
2055.23,314,1028,0,9,-0.8660254037844385,-0.5000000000000004,3.616,2129.55
116.51,129,849,0,11,-0.8660254037844386,0.5000000000000001,2.1812,119.05
2832.61,91,351,0,5,0.8660254037844387,-0.4999999999999998,4.5201,2960.65
318.33,335,905,1,12,-0.5000000000000004,0.8660254037844384,3.6668,330.0
47.95,352,245,0,1,0.0,1.0,-0.5159,47.7
62.39,113,429,1,6,0.49999999999999994,-0.8660254037844387,8.6743,67.8
536.1,112,563,0,12,-0.5000000000000004,0.8660254037844384,-1.08,530.31
2993.12,83,425,0,4,1.0,6.123233995736766e-17,3.7912,3106.59
442.5,8,421,1,7,1.2246467991473532e-16,-1.0,1.2511,448.04
288.36,202,120,0,6,0.49999999999999994,-0.8660254037844387,2.4369,295.39
1938.92,93,1025,1,5,0.8660254037844387,-0.4999999999999998,1.7578,1973.0
100.8,310,277,2,10,-1.0,-1.8369701987210297e-16,1.883,102.7
1360.67,62,1185,0,7,1.2246467991473532e-16,-1.0,3.0306,1401.9
98.12,232,150,0,9,-0.8660254037844385,-0.5000000000000004,4.3016,102.34
2821.05,185,1003,0,7,1.2246467991473532e-16,-1.0,5.5818,2978.52
2390.7,223,261,0,12,-0.5000000000000004,0.8660254037844384,2.4828,2450.06
126.06,41,1133,2,6,0.49999999999999994,-0.8660254037844387,3.4301,130.38
76.22,170,415,1,10,-1.0,-1.8369701987210297e-16,2.7397,78.31
1388.22,229,679,0,8,-0.4999999999999997,-0.8660254037844388,3.7129,1439.76
1180.8,124,1217,1,10,-1.0,-1.8369701987210297e-16,1.6181,1199.9
744.67,320,548,2,11,-0.8660254037844386,0.5000000000000001,0.8725,751.16
407.57,193,238,0,3,0.8660254037844386,0.5000000000000001,-0.5486,405.34
94.67,132,973,0,4,1.0,6.123233995736766e-17,7.4592,101.73
1540.57,11,1083,1,4,1.0,6.123233995736766e-17,0.6682,1550.86
97.58,61,761,1,6,0.49999999999999994,-0.8660254037844387,4.1029,101.58
473.44,174,223,0,6,0.49999999999999994,-0.8660254037844387,5.7896,500.85
214.75,146,489,0,1,0.0,1.0,-3.0049,208.3
187.83,318,361,0,11,-0.8660254037844386,0.5000000000000001,6.4761,200.0
2764.18,287,1226,1,11,-0.8660254037844386,0.5000000000000001,0.9547,2790.57
372.11,58,647,1,8,-0.4999999999999997,-0.8660254037844388,1.7065,378.46
451.67,216,596,0,4,1.0,6.123233995736766e-17,2.5331,463.11
2926.26,166,612,1,10,-1.0,-1.8369701987210297e-16,3.0882,3016.62
528.39,37,290,0,4,1.0,6.123233995736766e-17,3.9512,549.26
2506.52,243,1366,1,4,1.0,6.123233995736766e-17,5.4158,2642.27
2728.43,196,814,1,12,-0.5000000000000004,0.8660254037844384,-0.267,2721.15
1320.4,32,876,0,12,-0.5000000000000004,0.8660254037844384,-3.2278,1277.78
81.58,171,466,0,8,-0.4999999999999997,-0.8660254037844388,4.4329,85.2
62.25,267,172,0,3,0.8660254037844386,0.5000000000000001,1.6473,63.27
438.99,119,1341,1,2,0.49999999999999994,0.8660254037844387,-1.6874,431.59
75.04,130,1300,1,12,-0.5000000000000004,0.8660254037844384,2.3685,76.82
141.78,40,113,0,4,1.0,6.123233995736766e-17,1.0379,143.25
158.64,74,1621,2,9,-0.8660254037844385,-0.5000000000000004,3.6485,164.43
69.92,359,1434,1,5,0.8660254037844387,-0.4999999999999998,7.2813,75.01
379.4,227,1280,0,6,0.49999999999999994,-0.8660254037844387,6.9354,405.72
150.2,64,716,0,12,-0.5000000000000004,0.8660254037844384,0.6321,151.15
85.94,176,1055,0,8,-0.4999999999999997,-0.8660254037844388,8.3267,93.1
1049.97,70,68,0,6,0.49999999999999994,-0.8660254037844387,1.4562,1065.26
4101.18,162,1394,2,5,0.8660254037844387,-0.4999999999999998,1.6185,4167.56
747.47,53,475,1,3,0.8660254037844386,0.5000000000000001,-0.7887,741.57
4782.73,226,1368,0,7,1.2246467991473532e-16,-1.0,6.1307,5075.94
132.62,208,1421,0,7,1.2246467991473532e-16,-1.0,7.4979,142.57
1402.63,231,264,0,2,0.49999999999999994,0.8660254037844387,0.0611,1403.49
334.22,162,826,0,5,0.8660254037844387,-0.4999999999999998,3.8707,347.16
506.16,104,907,0,8,-0.4999999999999997,-0.8660254037844388,6.3176,538.13
1303.85,91,1347,1,1,0.0,1.0,-2.2774,1274.16
1932.6,78,887,1,12,-0.5000000000000004,0.8660254037844384,3.5287,2000.8
82.69,157,1788,2,11,-0.8660254037844386,0.5000000000000001,1.507,83.94
268.58,165,547,0,8,-0.4999999999999997,-0.8660254037844388,4.4889,280.64
1565.34,246,511,0,1,0.0,1.0,1.4323,1587.76
674.71,19,1209,1,7,1.2246467991473532e-16,-1.0,3.6923,699.62
245.16,103,841,0,11,-0.8660254037844386,0.5000000000000001,0.927,247.44
42.72,312,164,0,1,0.0,1.0,2.4831,43.78
53.78,334,1351,3,10,-1.0,-1.8369701987210297e-16,2.4123,55.07
307.39,340,550,1,11,-0.8660254037844386,0.5000000000000001,1.9399,313.35
584.45,112,1636,2,1,0.0,1.0,-2.6678,568.86
168.97,50,1262,0,3,0.8660254037844386,0.5000000000000001,1.8919,172.17
1956.0,72,733,1,9,-0.8660254037844385,-0.5000000000000004,1.6143,1987.57
1759.54,48,1287,0,11,-0.8660254037844386,0.5000000000000001,-2.4032,1717.25
147.39,349,1430,0,10,-1.0,-1.8369701987210297e-16,4.5353,154.08
131.56,323,1107,0,7,1.2246467991473532e-16,-1.0,7.2367,141.08
3098.61,296,1116,1,8,-0.4999999999999997,-0.8660254037844388,6.2622,3292.65
4611.94,267,1403,0,7,1.2246467991473532e-16,-1.0,3.7483,4784.81
5000.0,125,1549,1,7,1.2246467991473532e-16,-1.0,3.368,5168.4
1260.43,174,1078,2,10,-1.0,-1.8369701987210297e-16,0.1813,1262.72
2958.41,307,316,1,1,0.0,1.0,1.3111,2997.19
101.59,298,919,0,3,0.8660254037844386,0.5000000000000001,3.0105,104.65
101.71,189,939,1,1,0.0,1.0,2.3108,104.06
52.98,306,577,0,10,-1.0,-1.8369701987210297e-16,4.169,55.19
484.76,126,305,0,9,-0.8660254037844385,-0.5000000000000004,0.3546,486.47
152.87,151,1088,0,1,0.0,1.0,1.6807,155.44
880.51,307,1524,1,2,0.49999999999999994,0.8660254037844387,0.3289,883.4
54.79,137,1152,1,4,1.0,6.123233995736766e-17,4.9551,57.51
479.08,275,541,2,3,0.8660254037844386,0.5000000000000001,4.2291,499.34
2191.56,165,46,0,7,1.2246467991473532e-16,-1.0,4.1634,2282.8
1654.28,109,1083,0,6,0.49999999999999994,-0.8660254037844387,3.0666,1705.01
212.12,80,274,0,5,0.8660254037844387,-0.4999999999999998,2.7672,217.99
51.94,222,538,3,2,0.49999999999999994,0.8660254037844387,0.8699,52.39
124.17,175,432,1,8,-0.4999999999999997,-0.8660254037844388,5.9668,131.58
450.69,135,673,2,10,-1.0,-1.8369701987210297e-16,1.243,456.3
144.26,271,539,0,8,-0.4999999999999997,-0.8660254037844388,6.532,153.68
1651.26,0,510,0,10,-1.0,-1.8369701987210297e-16,-2.7545,1605.77
3283.96,33,465,1,11,-0.8660254037844386,0.5000000000000001,-0.8705,3255.37
127.94,352,1183,0,11,-0.8660254037844386,0.5000000000000001,3.2476,132.09
58.46,242,1247,0,8,-0.4999999999999997,-0.8660254037844388,6.6535,62.35
59.8,201,410,0,1,0.0,1.0,-0.0322,59.78
1934.04,5,581,0,5,0.8660254037844387,-0.4999999999999998,1.7125,1967.16
73.05,219,1234,0,6,0.49999999999999994,-0.8660254037844387,7.321,78.39
2123.65,159,1800,2,9,-0.8660254037844385,-0.5000000000000004,2.3647,2173.87
383.55,219,1347,1,11,-0.8660254037844386,0.5000000000000001,1.2246,388.25
375.86,15,1017,1,8,-0.4999999999999997,-0.8660254037844388,3.6041,389.41
1948.82,201,1489,0,5,0.8660254037844387,-0.4999999999999998,6.62,2077.83
244.15,211,1205,1,10,-1.0,-1.8369701987210297e-16,6.5039,260.03
2417.83,106,1030,0,9,-0.8660254037844385,-0.5000000000000004,3.7265,2507.93
52.72,19,88,0,10,-1.0,-1.8369701987210297e-16,1.2177,53.36
1533.02,355,973,0,8,-0.4999999999999997,-0.8660254037844388,4.1056,1595.96
2946.64,259,464,0,8,-0.4999999999999997,-0.8660254037844388,6.4467,3136.6
117.19,227,1332,2,5,0.8660254037844387,-0.4999999999999998,0.9608,118.32
700.33,280,1054,1,5,0.8660254037844387,-0.4999999999999998,6.3615,744.88
744.75,245,204,0,4,1.0,6.123233995736766e-17,2.6141,764.22
88.67,49,867,1,4,1.0,6.123233995736766e-17,-1.6823,87.18
622.44,166,792,0,8,-0.4999999999999997,-0.8660254037844388,5.2581,655.17
112.86,325,114,0,5,0.8660254037844387,-0.4999999999999998,4.6151,118.07
2031.03,105,1411,1,2,0.49999999999999994,0.8660254037844387,-0.6817,2017.18
901.66,355,1611,1,1,0.0,1.0,1.7879,917.78
251.89,23,287,1,11,-0.8660254037844386,0.5000000000000001,-0.7683,249.95
1213.8,121,220,0,6,0.49999999999999994,-0.8660254037844387,2.951,1249.62
1159.64,128,229,0,7,1.2246467991473532e-16,-1.0,1.1459,1172.93
123.6,225,687,0,11,-0.8660254037844386,0.5000000000000001,3.7063,128.18
56.86,64,919,0,2,0.49999999999999994,0.8660254037844387,0.5826,57.19
128.97,83,396,0,12,-0.5000000000000004,0.8660254037844384,2.822,132.6
3719.11,242,1278,0,9,-0.8660254037844385,-0.5000000000000004,5.748,3932.88
273.28,104,497,0,8,-0.4999999999999997,-0.8660254037844388,5.5347,288.4
108.35,321,492,0,6,0.49999999999999994,-0.8660254037844387,9.0796,118.19
293.57,318,1078,1,9,-0.8660254037844385,-0.5000000000000004,6.433,312.45
355.86,110,1313,0,3,0.8660254037844386,0.5000000000000001,1.8971,362.61
342.72,204,407,0,4,1.0,6.123233995736766e-17,-0.8062,339.96
399.82,121,994,2,12,-0.5000000000000004,0.8660254037844384,0.4405,401.58
179.29,126,784,2,4,1.0,6.123233995736766e-17,4.6052,187.55
191.06,245,722,0,9,-0.8660254037844385,-0.5000000000000004,6.5288,203.54
1982.81,107,669,0,12,-0.5000000000000004,0.8660254037844384,-0.7032,1968.86
1389.1,54,1432,0,8,-0.4999999999999997,-0.8660254037844388,3.6376,1439.63
1061.92,94,732,2,4,1.0,6.123233995736766e-17,-0.0873,1060.99
110.81,340,653,0,11,-0.8660254037844386,0.5000000000000001,4.4326,115.72
4360.63,94,414,0,10,-1.0,-1.8369701987210297e-16,0.2827,4372.96
76.56,133,1045,1,7,1.2246467991473532e-16,-1.0,7.2911,82.15
1423.12,230,1351,1,2,0.49999999999999994,0.8660254037844387,1.4439,1443.67
2013.84,37,1407,0,6,0.49999999999999994,-0.8660254037844387,3.5668,2085.67
161.2,98,682,0,6,0.49999999999999994,-0.8660254037844387,3.2902,166.5
58.4,63,429,0,3,0.8660254037844386,0.5000000000000001,0.5012,58.7
1984.14,338,1448,0,5,0.8660254037844387,-0.4999999999999998,3.6293,2056.15
514.07,341,178,0,2,0.49999999999999994,0.8660254037844387,3.8526,533.87
3514.73,276,314,1,9,-0.8660254037844385,-0.5000000000000004,2.1844,3591.51
1872.47,90,1537,1,6,0.49999999999999994,-0.8660254037844387,3.5698,1939.31
4906.06,225,1566,1,9,-0.8660254037844385,-0.5000000000000004,1.4276,4976.1
1010.71,242,1032,1,6,0.49999999999999994,-0.8660254037844387,2.9655,1040.68
446.14,318,523,0,9,-0.8660254037844385,-0.5000000000000004,4.6605,466.94
5000.0,57,1451,0,9,-0.8660254037844385,-0.5000000000000004,2.1388,5106.94
3001.2,269,1669,1,2,0.49999999999999994,0.8660254037844387,1.8195,3055.81
68.58,71,1306,0,6,0.49999999999999994,-0.8660254037844387,7.9247,74.02
869.19,208,1168,0,9,-0.8660254037844385,-0.5000000000000004,1.5151,882.36
101.67,321,910,0,8,-0.4999999999999997,-0.8660254037844388,8.3776,110.18
4022.75,22,781,1,3,0.8660254037844386,0.5000000000000001,-0.1884,4015.17
1191.24,54,949,1,10,-1.0,-1.8369701987210297e-16,0.1151,1192.61
410.33,297,834,0,3,0.8660254037844386,0.5000000000000001,2.7428,421.59
4363.45,6,744,0,12,-0.5000000000000004,0.8660254037844384,0.1872,4371.62
281.58,250,1395,1,9,-0.8660254037844385,-0.5000000000000004,4.8526,295.25
307.31,183,286,0,4,1.0,6.123233995736766e-17,2.1743,314.0
232.44,126,165,0,3,0.8660254037844386,0.5000000000000001,-0.5698,231.11
86.4,315,814,1,11,-0.8660254037844386,0.5000000000000001,2.2071,88.31
83.24,310,536,1,7,1.2246467991473532e-16,-1.0,4.1806,86.72
926.29,119,1241,0,10,-1.0,-1.8369701987210297e-16,4.0249,963.57
79.99,1,1280,0,10,-1.0,-1.8369701987210297e-16,0.6755,80.53
4828.52,46,1630,2,1,0.0,1.0,-3.5104,4659.02
207.43,39,607,0,9,-0.8660254037844385,-0.5000000000000004,3.0867,213.84
268.7,359,1607,2,5,0.8660254037844387,-0.4999999999999998,4.0093,279.47
72.86,218,362,1,11,-0.8660254037844386,0.5000000000000001,4.2715,75.98
313.25,247,1645,2,3,0.8660254037844386,0.5000000000000001,2.3739,320.69
1048.0,84,403,0,1,0.0,1.0,-0.4327,1043.47
3075.3,311,72,0,8,-0.4999999999999997,-0.8660254037844388,4.4433,3211.95
141.35,264,1246,0,7,1.2246467991473532e-16,-1.0,7.7275,152.27
110.82,275,795,0,7,1.2246467991473532e-16,-1.0,7.748,119.41
86.61,171,646,0,4,1.0,6.123233995736766e-17,3.6789,89.8
582.48,255,336,0,6,0.49999999999999994,-0.8660254037844387,3.2473,601.39
78.17,199,650,0,12,-0.5000000000000004,0.8660254037844384,1.9485,79.7
80.46,140,1164,1,10,-1.0,-1.8369701987210297e-16,3.3518,83.16
1244.69,217,254,0,12,-0.5000000000000004,0.8660254037844384,-1.9715,1220.15
2560.11,118,1422,0,4,1.0,6.123233995736766e-17,-0.742,2541.11
238.39,348,1098,0,11,-0.8660254037844386,0.5000000000000001,2.4357,244.2
929.63,262,1507,1,5,0.8660254037844387,-0.4999999999999998,1.5336,943.89
1138.93,270,109,0,12,-0.5000000000000004,0.8660254037844384,-0.0479,1138.38
73.16,262,1424,1,11,-0.8660254037844386,0.5000000000000001,2.2834,74.83
1164.24,164,1305,0,2,0.49999999999999994,0.8660254037844387,1.4719,1181.38
178.72,347,809,1,12,-0.5000000000000004,0.8660254037844384,3.8397,185.58
341.25,76,974,1,8,-0.4999999999999997,-0.8660254037844388,4.1334,355.35
255.38,208,774,0,10,-1.0,-1.8369701987210297e-16,4.4807,266.82
1703.65,25,1383,1,7,1.2246467991473532e-16,-1.0,4.1035,1773.56
408.71,107,827,2,3,0.8660254037844386,0.5000000000000001,0.0014,408.72
2161.22,210,1383,0,12,-0.5000000000000004,0.8660254037844384,-2.3274,2110.92
217.02,179,851,0,2,0.49999999999999994,0.8660254037844387,-0.6182,215.67
436.15,344,239,2,10,-1.0,-1.8369701987210297e-16,3.2303,450.24
3185.18,224,688,1,3,0.8660254037844386,0.5000000000000001,1.5291,3233.88
311.92,150,452,1,10,-1.0,-1.8369701987210297e-16,3.113,321.63
858.37,156,1222,0,6,0.49999999999999994,-0.8660254037844387,9.093,936.42
1063.13,223,640,0,3,0.8660254037844386,0.5000000000000001,2.384,1088.47
3487.21,289,949,2,3,0.8660254037844386,0.5000000000000001,1.3098,3532.88
879.3,101,670,1,4,1.0,6.123233995736766e-17,1.937,896.33
960.9,213,1064,0,11,-0.8660254037844386,0.5000000000000001,0.6956,967.58
3168.24,210,1491,0,10,-1.0,-1.8369701987210297e-16,4.3966,3307.54
5000.0,3,1399,1,9,-0.8660254037844385,-0.5000000000000004,0.7175,5035.88
4293.84,334,1604,1,8,-0.4999999999999997,-0.8660254037844388,7.8807,4632.22
77.56,208,737,2,6,0.49999999999999994,-0.8660254037844387,2.2518,79.3
1274.98,88,1012,0,11,-0.8660254037844386,0.5000000000000001,1.1051,1289.07
240.73,231,950,0,4,1.0,6.123233995736766e-17,3.2968,248.67
295.31,248,485,0,12,-0.5000000000000004,0.8660254037844384,0.296,296.18
1212.05,334,1276,0,5,0.8660254037844387,-0.4999999999999998,6.3775,1289.34
118.39,12,1383,0,5,0.8660254037844387,-0.4999999999999998,2.677,121.56
1596.32,151,1429,0,6,0.49999999999999994,-0.8660254037844387,6.5961,1701.61
246.62,65,1483,0,9,-0.8660254037844385,-0.5000000000000004,3.0026,254.02
1803.11,210,282,0,9,-0.8660254037844385,-0.5000000000000004,2.4936,1848.07
228.53,183,457,1,10,-1.0,-1.8369701987210297e-16,5.5513,241.21
66.78,173,1037,0,2,0.49999999999999994,0.8660254037844387,0.374,67.03
913.58,359,1101,0,2,0.49999999999999994,0.8660254037844387,1.7572,929.63
1609.98,194,830,1,11,-0.8660254037844386,0.5000000000000001,-3.3188,1556.55
692.79,150,282,0,12,-0.5000000000000004,0.8660254037844384,-0.4847,689.43
1630.42,24,460,0,2,0.49999999999999994,0.8660254037844387,-0.3417,1624.85
1628.92,105,302,1,11,-0.8660254037844386,0.5000000000000001,0.1532,1631.41
48.38,328,464,1,4,1.0,6.123233995736766e-17,4.2857,50.46
40.0,165,318,0,12,-0.5000000000000004,0.8660254037844384,0.0038,40.0
144.61,333,1011,1,12,-0.5000000000000004,0.8660254037844384,2.6479,148.44
135.5,194,948,2,8,-0.4999999999999997,-0.8660254037844388,4.0531,140.99
623.43,200,674,1,3,0.8660254037844386,0.5000000000000001,1.5567,633.13
143.7,157,835,0,10,-1.0,-1.8369701987210297e-16,3.909,149.31
305.48,203,1240,1,2,0.49999999999999994,0.8660254037844387,1.206,309.16
304.4,24,186,0,5,0.8660254037844387,-0.4999999999999998,1.6345,309.37
701.48,21,454,0,8,-0.4999999999999997,-0.8660254037844388,2.2194,717.05
4291.75,174,337,0,1,0.0,1.0,-1.301,4235.91
871.58,218,157,1,5,0.8660254037844387,-0.4999999999999998,2.7059,895.16
127.23,201,213,0,10,-1.0,-1.8369701987210297e-16,1.0881,128.62
278.97,157,1292,2,2,0.49999999999999994,0.8660254037844387,1.0452,281.89
73.54,107,1800,3,5,0.8660254037844387,-0.4999999999999998,1.2006,74.43
272.56,259,279,0,1,0.0,1.0,1.3082,276.13
892.62,221,1162,0,8,-0.4999999999999997,-0.8660254037844388,6.0675,946.78
3599.55,17,608,2,1,0.0,1.0,-4.267,3445.96
131.02,165,248,0,4,1.0,6.123233995736766e-17,4.2855,136.63
131.1,260,562,1,7,1.2246467991473532e-16,-1.0,8.2504,141.92
64.72,287,1383,0,3,0.8660254037844386,0.5000000000000001,3.2712,66.84
646.8,105,543,0,3,0.8660254037844386,0.5000000000000001,0.7817,651.86
5000.0,338,1123,0,11,-0.8660254037844386,0.5000000000000001,4.9191,5245.95
271.3,238,751,0,10,-1.0,-1.8369701987210297e-16,1.3286,274.9
476.98,160,869,2,1,0.0,1.0,0.0436,477.19
74.44,229,1227,0,11,-0.8660254037844386,0.5000000000000001,3.2579,76.87
916.42,318,1488,0,6,0.49999999999999994,-0.8660254037844387,7.5787,985.87
139.45,83,1093,1,2,0.49999999999999994,0.8660254037844387,0.3893,140.0
62.09,55,1537,2,11,-0.8660254037844386,0.5000000000000001,1.507,63.03
938.67,161,257,0,5,0.8660254037844387,-0.4999999999999998,1.5934,953.62
116.35,30,1416,1,4,1.0,6.123233995736766e-17,3.3464,120.24
61.66,305,312,0,2,0.49999999999999994,0.8660254037844387,0.7565,62.13
115.57,355,449,1,11,-0.8660254037844386,0.5000000000000001,4.4126,120.67
108.93,221,1363,1,4,1.0,6.123233995736766e-17,4.1338,113.43
908.62,358,1006,2,8,-0.4999999999999997,-0.8660254037844388,1.598,923.14
145.39,25,545,1,3,0.8660254037844386,0.5000000000000001,0.095,145.52
886.67,231,426,2,11,-0.8660254037844386,0.5000000000000001,1.5215,900.16
517.39,162,363,0,10,-1.0,-1.8369701987210297e-16,0.5029,520.0
306.24,101,1402,1,7,1.2246467991473532e-16,-1.0,3.2451,316.18
90.4,114,288,1,5,0.8660254037844387,-0.4999999999999998,2.9189,93.04
1431.25,199,1384,0,8,-0.4999999999999997,-0.8660254037844388,4.3008,1492.8
696.95,234,1582,2,6,0.49999999999999994,-0.8660254037844387,5.0081,731.86
1185.91,60,452,1,12,-0.5000000000000004,0.8660254037844384,-1.642,1166.44
635.21,224,1562,2,9,-0.8660254037844385,-0.5000000000000004,1.7632,646.41
2119.44,339,799,0,1,0.0,1.0,5.4574,2235.11
575.68,3,635,1,10,-1.0,-1.8369701987210297e-16,-0.4938,572.84
2217.66,321,780,0,3,0.8660254037844386,0.5000000000000001,2.9843,2283.85
501.78,222,433,2,4,1.0,6.123233995736766e-17,4.4973,524.35
5000.0,125,1326,0,6,0.49999999999999994,-0.8660254037844387,5.3984,5269.92
3192.85,268,1357,1,3,0.8660254037844386,0.5000000000000001,2.9347,3286.55
126.59,226,306,0,12,-0.5000000000000004,0.8660254037844384,3.2552,130.71
1116.21,281,266,1,12,-0.5000000000000004,0.8660254037844384,1.2917,1130.63
84.34,29,661,0,2,0.49999999999999994,0.8660254037844387,1.0859,85.26
3701.16,21,1121,2,4,1.0,6.123233995736766e-17,0.6036,3723.5
281.64,234,1393,2,5,0.8660254037844387,-0.4999999999999998,3.9607,292.79
546.87,111,1268,0,9,-0.8660254037844385,-0.5000000000000004,5.4986,576.94
40.96,87,336,1,8,-0.4999999999999997,-0.8660254037844388,4.4157,42.77
2571.95,154,625,1,9,-0.8660254037844385,-0.5000000000000004,-0.9067,2548.63
4396.87,265,898,0,1,0.0,1.0,2.6659,4514.08
405.44,65,597,0,7,1.2246467991473532e-16,-1.0,2.6748,416.29
149.96,356,1487,0,3,0.8660254037844386,0.5000000000000001,4.9777,157.43
1381.17,153,1007,0,3,0.8660254037844386,0.5000000000000001,-0.7561,1370.73
171.89,55,514,0,10,-1.0,-1.8369701987210297e-16,1.0849,173.75
4889.65,26,1025,0,2,0.49999999999999994,0.8660254037844387,-1.3231,4824.95
197.46,313,671,0,1,0.0,1.0,3.437,204.24
775.82,41,1180,2,6,0.49999999999999994,-0.8660254037844387,1.442,787.0
67.83,153,1085,0,9,-0.8660254037844385,-0.5000000000000004,1.7235,68.99
5000.0,244,1046,2,7,1.2246467991473532e-16,-1.0,3.3929,5169.64
800.42,187,1143,1,2,0.49999999999999994,0.8660254037844387,0.4795,804.26
4513.55,96,748,1,10,-1.0,-1.8369701987210297e-16,1.9927,4603.49
207.74,39,910,0,5,0.8660254037844387,-0.4999999999999998,3.4475,214.9
567.22,260,752,0,9,-0.8660254037844385,-0.5000000000000004,3.6801,588.1
55.07,179,1144,2,3,0.8660254037844386,0.5000000000000001,2.4887,56.44
1628.19,17,625,1,11,-0.8660254037844386,0.5000000000000001,1.6681,1655.35
82.7,66,362,1,4,1.0,6.123233995736766e-17,3.1424,85.3
300.86,205,418,0,12,-0.5000000000000004,0.8660254037844384,-1.4704,296.44
1021.98,61,648,1,5,0.8660254037844387,-0.4999999999999998,5.5437,1078.64
62.05,143,505,0,9,-0.8660254037844385,-0.5000000000000004,5.9423,65.73
1907.7,45,854,1,7,1.2246467991473532e-16,-1.0,5.0462,2003.97
2222.74,291,975,1,1,0.0,1.0,-1.1087,2198.09
494.55,230,411,0,2,0.49999999999999994,0.8660254037844387,0.7169,498.1
766.51,286,601,0,5,0.8660254037844387,-0.4999999999999998,5.5321,808.91
64.17,19,456,0,3,0.8660254037844386,0.5000000000000001,-1.2034,63.39
415.94,137,897,0,8,-0.4999999999999997,-0.8660254037844388,5.5937,439.21
2484.23,97,738,0,2,0.49999999999999994,0.8660254037844387,2.4466,2545.01
78.16,227,963,0,8,-0.4999999999999997,-0.8660254037844388,5.762,82.66
4848.66,300,673,0,3,0.8660254037844386,0.5000000000000001,4.9249,5087.45
618.31,83,1645,1,3,0.8660254037844386,0.5000000000000001,2.036,630.9
49.89,281,846,1,5,0.8660254037844387,-0.4999999999999998,2.5194,51.14
252.96,212,940,0,7,1.2246467991473532e-16,-1.0,4.7435,264.96
486.77,301,688,0,5,0.8660254037844387,-0.4999999999999998,6.8032,519.88
5000.0,29,1251,1,5,0.8660254037844387,-0.4999999999999998,-0.0233,4998.83
1374.52,362,858,0,5,0.8660254037844387,-0.4999999999999998,6.9438,1469.96
555.84,159,187,0,5,0.8660254037844387,-0.4999999999999998,3.8549,577.26
5000.0,102,1106,0,5,0.8660254037844387,-0.4999999999999998,3.5018,5175.09
234.03,66,1558,2,11,-0.8660254037844386,0.5000000000000001,-0.2198,233.52
268.02,360,630,0,7,1.2246467991473532e-16,-1.0,7.2369,287.41
1947.16,323,1211,2,6,0.49999999999999994,-0.8660254037844387,7.2418,2088.17
550.19,48,60,0,9,-0.8660254037844385,-0.5000000000000004,0.8794,555.03
163.5,162,1306,0,7,1.2246467991473532e-16,-1.0,6.8818,174.75
1928.91,268,1178,0,12,-0.5000000000000004,0.8660254037844384,5.0293,2025.92
216.5,216,1592,1,7,1.2246467991473532e-16,-1.0,6.204,229.93
705.11,69,917,0,3,0.8660254037844386,0.5000000000000001,0.3143,707.33
2352.94,131,548,1,7,1.2246467991473532e-16,-1.0,2.4469,2410.52
169.95,134,919,2,10,-1.0,-1.8369701987210297e-16,-0.8693,168.47
2182.64,105,1397,0,3,0.8660254037844386,0.5000000000000001,-0.5141,2171.42
1995.22,351,107,0,3,0.8660254037844386,0.5000000000000001,2.3473,2042.06
244.12,74,1243,1,8,-0.4999999999999997,-0.8660254037844388,5.44,257.4
88.28,258,144,0,11,-0.8660254037844386,0.5000000000000001,1.7948,89.86
3220.8,333,1211,1,5,0.8660254037844387,-0.4999999999999998,5.9942,3413.86
473.1,290,1241,2,7,1.2246467991473532e-16,-1.0,6.6942,504.77
202.95,292,732,0,8,-0.4999999999999997,-0.8660254037844388,5.1274,213.36
55.96,58,1064,0,8,-0.4999999999999997,-0.8660254037844388,3.7569,58.06
114.34,48,782,1,2,0.49999999999999994,0.8660254037844387,-1.9498,112.11
558.4,286,879,0,5,0.8660254037844387,-0.4999999999999998,6.3093,593.64
2817.95,273,1209,0,12,-0.5000000000000004,0.8660254037844384,1.9968,2874.22
495.81,271,712,0,11,-0.8660254037844386,0.5000000000000001,4.2651,516.95
123.7,153,76,0,10,-1.0,-1.8369701987210297e-16,2.2394,126.47
4978.14,191,1492,0,1,0.0,1.0,-0.3677,4959.83
291.34,5,1053,1,6,0.49999999999999994,-0.8660254037844387,3.8072,302.44
97.98,106,670,0,1,0.0,1.0,-1.9749,96.05
3045.17,193,152,0,4,1.0,6.123233995736766e-17,1.0697,3077.75
264.75,46,713,3,11,-0.8660254037844386,0.5000000000000001,-1.9661,259.54
393.37,47,415,0,5,0.8660254037844387,-0.4999999999999998,4.5803,411.39
3010.58,16,1389,0,3,0.8660254037844386,0.5000000000000001,2.6071,3089.07
206.69,76,1286,2,9,-0.8660254037844385,-0.5000000000000004,3.3957,213.71
545.66,363,646,0,10,-1.0,-1.8369701987210297e-16,3.6032,565.33
3398.12,254,1487,2,8,-0.4999999999999997,-0.8660254037844388,6.7345,3626.97
147.84,347,697,1,10,-1.0,-1.8369701987210297e-16,3.3708,152.82
4013.83,94,1339,0,9,-0.8660254037844385,-0.5000000000000004,0.9853,4053.38
104.79,219,521,0,8,-0.4999999999999997,-0.8660254037844388,2.5586,107.47
3038.3,326,1086,0,11,-0.8660254037844386,0.5000000000000001,3.2066,3135.73
288.37,128,742,1,4,1.0,6.123233995736766e-17,-0.1921,287.82
699.58,240,1027,0,6,0.49999999999999994,-0.8660254037844387,7.6956,753.41
549.33,253,516,1,7,1.2246467991473532e-16,-1.0,3.9365,570.95
155.9,304,1485,1,9,-0.8660254037844385,-0.5000000000000004,3.6877,161.65
95.28,354,592,1,6,0.49999999999999994,-0.8660254037844387,7.8108,102.72
1397.42,225,827,0,6,0.49999999999999994,-0.8660254037844387,6.2728,1485.07
2619.46,213,1166,1,2,0.49999999999999994,0.8660254037844387,3.387,2708.18
100.41,317,1139,1,8,-0.4999999999999997,-0.8660254037844388,3.8977,104.33
1706.38,250,852,0,2,0.49999999999999994,0.8660254037844387,-1.1987,1685.93
276.44,132,1608,2,6,0.49999999999999994,-0.8660254037844387,6.4019,294.14
1012.62,230,1456,0,5,0.8660254037844387,-0.4999999999999998,0.5419,1018.11
669.31,200,1312,2,10,-1.0,-1.8369701987210297e-16,0.6322,673.54
1280.95,83,313,0,6,0.49999999999999994,-0.8660254037844387,2.8038,1316.87
715.24,188,1166,0,1,0.0,1.0,-0.5358,711.41
76.56,228,965,1,7,1.2246467991473532e-16,-1.0,6.2598,81.35
181.39,330,826,0,3,0.8660254037844386,0.5000000000000001,2.2754,185.51
394.93,212,1415,0,5,0.8660254037844387,-0.4999999999999998,7.0006,422.57
719.27,60,813,0,4,1.0,6.123233995736766e-17,2.8892,740.05
126.08,361,1349,1,2,0.49999999999999994,0.8660254037844387,3.7465,130.8
254.85,211,989,0,12,-0.5000000000000004,0.8660254037844384,1.8112,259.47
48.03,105,256,1,4,1.0,6.123233995736766e-17,0.1561,48.11
251.41,276,1254,1,7,1.2246467991473532e-16,-1.0,5.9604,266.39
531.45,140,765,0,10,-1.0,-1.8369701987210297e-16,0.9712,536.61
4066.52,135,840,0,5,0.8660254037844387,-0.4999999999999998,6.06,4312.95
96.54,307,485,0,12,-0.5000000000000004,0.8660254037844384,3.2071,99.64
43.63,317,481,2,5,0.8660254037844387,-0.4999999999999998,3.1237,44.99
322.79,191,1231,1,12,-0.5000000000000004,0.8660254037844384,3.9446,335.53
713.67,136,600,2,6,0.49999999999999994,-0.8660254037844387,2.838,733.92
674.77,315,393,1,1,0.0,1.0,3.041,695.29
240.67,63,851,1,11,-0.8660254037844386,0.5000000000000001,2.9003,247.65
62.57,273,1247,2,11,-0.8660254037844386,0.5000000000000001,3.5537,64.79
2979.25,213,342,0,12,-0.5000000000000004,0.8660254037844384,-1.5181,2934.02
480.81,312,843,2,2,0.49999999999999994,0.8660254037844387,0.6304,483.84
1770.54,153,661,0,11,-0.8660254037844386,0.5000000000000001,6.663,1888.51
389.64,304,1389,0,5,0.8660254037844387,-0.4999999999999998,4.9814,409.05
1886.69,5,259,0,11,-0.8660254037844386,0.5000000000000001,-1.9074,1850.7
2426.09,277,1381,0,12,-0.5000000000000004,0.8660254037844384,1.3998,2460.05
58.25,25,257,0,3,0.8660254037844386,0.5000000000000001,-1.1993,57.55
63.34,235,886,0,5,0.8660254037844387,-0.4999999999999998,6.6104,67.53
116.38,71,1272,0,4,1.0,6.123233995736766e-17,1.0617,117.61
3048.39,352,1800,2,4,1.0,6.123233995736766e-17,1.9728,3108.53
173.85,281,834,0,8,-0.4999999999999997,-0.8660254037844388,6.8455,185.75
306.28,38,762,0,5,0.8660254037844387,-0.4999999999999998,2.4978,313.93
886.12,326,1405,1,8,-0.4999999999999997,-0.8660254037844388,5.9307,938.67
1323.12,92,1571,1,9,-0.8660254037844385,-0.5000000000000004,2.6883,1358.69
262.19,199,223,1,3,0.8660254037844386,0.5000000000000001,-0.6065,260.6
338.05,31,426,0,1,0.0,1.0,1.3378,342.57
194.06,38,460,0,9,-0.8660254037844385,-0.5000000000000004,4.2789,202.37
85.55,88,1382,2,3,0.8660254037844386,0.5000000000000001,-0.2625,85.32
67.29,195,70,0,3,0.8660254037844386,0.5000000000000001,2.5345,69.0
2514.39,198,358,1,8,-0.4999999999999997,-0.8660254037844388,2.4464,2575.9
3294.72,313,49,0,4,1.0,6.123233995736766e-17,3.9929,3426.27
2991.52,60,1432,0,3,0.8660254037844386,0.5000000000000001,1.9948,3051.19
148.77,274,228,1,4,1.0,6.123233995736766e-17,4.8789,156.03
94.31,2,431,0,7,1.2246467991473532e-16,-1.0,1.4998,95.73
532.59,106,804,0,11,-0.8660254037844386,0.5000000000000001,-0.5202,529.82
70.84,64,760,1,12,-0.5000000000000004,0.8660254037844384,-2.4405,69.11
2675.76,45,177,0,9,-0.8660254037844385,-0.5000000000000004,5.0382,2810.57
1689.4,213,646,0,11,-0.8660254037844386,0.5000000000000001,3.1736,1743.01
5000.0,329,1207,0,7,1.2246467991473532e-16,-1.0,7.9428,5397.14
2352.62,244,465,0,5,0.8660254037844387,-0.4999999999999998,1.5161,2388.29
344.07,312,999,1,10,-1.0,-1.8369701987210297e-16,5.1058,361.63
205.36,216,728,0,4,1.0,6.123233995736766e-17,1.3433,208.12
2058.7,19,402,0,10,-1.0,-1.8369701987210297e-16,0.7629,2074.4
529.49,126,48,0,12,-0.5000000000000004,0.8660254037844384,-0.3015,527.89
3723.39,301,1590,2,5,0.8660254037844387,-0.4999999999999998,3.3453,3847.94
287.18,16,1491,0,8,-0.4999999999999997,-0.8660254037844388,2.8717,295.43
689.06,35,1235,2,10,-1.0,-1.8369701987210297e-16,2.3434,705.21
506.59,305,1253,0,10,-1.0,-1.8369701987210297e-16,3.8515,526.1
102.41,23,555,0,3,0.8660254037844386,0.5000000000000001,2.6978,105.17
783.02,351,1567,1,12,-0.5000000000000004,0.8660254037844384,2.422,801.99
73.28,277,871,0,7,1.2246467991473532e-16,-1.0,7.4194,78.72
333.34,243,1354,1,1,0.0,1.0,2.6228,342.08
703.45,196,1478,2,2,0.49999999999999994,0.8660254037844387,1.3922,713.24
121.66,32,1591,1,9,-0.8660254037844385,-0.5000000000000004,3.3148,125.69
1727.68,151,858,0,6,0.49999999999999994,-0.8660254037844387,7.4883,1857.05
146.38,295,1496,1,2,0.49999999999999994,0.8660254037844387,4.5305,153.01
1874.73,330,1403,0,7,1.2246467991473532e-16,-1.0,2.4738,1921.11
63.83,163,1369,1,8,-0.4999999999999997,-0.8660254037844388,5.0114,67.03
1118.11,307,560,0,1,0.0,1.0,3.7971,1160.56
235.52,284,177,0,5,0.8660254037844387,-0.4999999999999998,3.1942,243.05
1871.15,21,641,0,6,0.49999999999999994,-0.8660254037844387,2.3234,1914.63
754.13,226,1053,0,10,-1.0,-1.8369701987210297e-16,3.8176,782.92
348.89,225,1419,1,8,-0.4999999999999997,-0.8660254037844388,7.7609,375.97
1270.95,198,1164,0,2,0.49999999999999994,0.8660254037844387,-0.0103,1270.82
321.46,282,973,0,8,-0.4999999999999997,-0.8660254037844388,4.9133,337.25
268.37,325,999,1,11,-0.8660254037844386,0.5000000000000001,4.1267,279.44
455.51,201,1451,0,1,0.0,1.0,2.4193,466.53
1284.19,117,836,2,12,-0.5000000000000004,0.8660254037844384,0.107,1285.57
1021.45,359,1198,0,2,0.49999999999999994,0.8660254037844387,3.4154,1056.33
3711.66,352,847,0,8,-0.4999999999999997,-0.8660254037844388,5.5691,3918.36
47.9,251,791,0,5,0.8660254037844387,-0.4999999999999998,6.4482,50.99
95.21,234,626,0,9,-0.8660254037844385,-0.5000000000000004,5.4459,100.4
529.79,38,969,0,11,-0.8660254037844386,0.5000000000000001,0.4361,532.1
1515.67,146,1740,1,11,-0.8660254037844386,0.5000000000000001,1.183,1533.6
68.29,72,636,0,11,-0.8660254037844386,0.5000000000000001,0.7941,68.83
167.98,188,675,2,10,-1.0,-1.8369701987210297e-16,1.4118,170.35
3901.14,302,230,0,4,1.0,6.123233995736766e-17,3.414,4034.33
179.47,82,389,1,6,0.49999999999999994,-0.8660254037844387,1.22,181.66
269.39,364,637,0,9,-0.8660254037844385,-0.5000000000000004,6.8563,287.86
101.99,47,51,0,3,0.8660254037844386,0.5000000000000001,-0.2804,101.71
44.61,35,454,0,7,1.2246467991473532e-16,-1.0,3.6418,46.23
204.56,356,1057,0,7,1.2246467991473532e-16,-1.0,7.0829,219.04
112.36,36,1135,1,12,-0.5000000000000004,0.8660254037844384,0.9495,113.43
316.74,269,1019,0,1,0.0,1.0,4.6966,331.62
157.01,279,1019,0,2,0.49999999999999994,0.8660254037844387,5.8107,166.14
252.15,120,527,3,1,0.0,1.0,0.3798,253.11
214.85,23,1409,0,7,1.2246467991473532e-16,-1.0,4.3187,224.13
3138.54,112,478,0,7,1.2246467991473532e-16,-1.0,4.6152,3283.39
139.39,25,160,0,8,-0.4999999999999997,-0.8660254037844388,-0.433,138.78
137.74,246,1226,0,3,0.8660254037844386,0.5000000000000001,4.637,144.13
1700.19,325,725,0,4,1.0,6.123233995736766e-17,4.4071,1775.12
2067.69,364,729,1,6,0.49999999999999994,-0.8660254037844387,2.8745,2127.12
637.31,292,724,1,1,0.0,1.0,0.5101,640.56
267.58,283,1134,1,10,-1.0,-1.8369701987210297e-16,4.553,279.76
2480.38,322,812,0,1,0.0,1.0,2.3932,2539.74
787.86,281,65,0,9,-0.8660254037844385,-0.5000000000000004,5.0284,827.48
232.45,238,402,1,6,0.49999999999999994,-0.8660254037844387,7.1261,249.01
384.57,364,1424,0,12,-0.5000000000000004,0.8660254037844384,3.3084,397.29
47.75,118,760,0,9,-0.8660254037844385,-0.5000000000000004,2.6454,49.01
81.03,151,1484,0,6,0.49999999999999994,-0.8660254037844387,7.0335,86.73
101.69,331,1202,1,9,-0.8660254037844385,-0.5000000000000004,7.7778,109.6
174.78,113,1118,0,2,0.49999999999999994,0.8660254037844387,3.5422,180.97
3624.99,109,883,2,3,0.8660254037844386,0.5000000000000001,0.4787,3642.34
2775.01,55,1264,0,6,0.49999999999999994,-0.8660254037844387,6.3362,2950.84
59.53,100,1190,3,11,-0.8660254037844386,0.5000000000000001,0.2828,59.7
58.78,217,1139,0,10,-1.0,-1.8369701987210297e-16,6.9982,62.89
686.28,324,645,1,5,0.8660254037844387,-0.4999999999999998,2.7258,704.99
295.81,49,899,0,4,1.0,6.123233995736766e-17,-1.1872,292.3
1953.94,249,707,1,12,-0.5000000000000004,0.8660254037844384,-0.9284,1935.8
5000.0,280,1368,0,7,1.2246467991473532e-16,-1.0,4.8954,5244.77
592.61,327,1520,2,2,0.49999999999999994,0.8660254037844387,1.8537,603.6
100.17,274,657,1,3,0.8660254037844386,0.5000000000000001,1.5027,101.67
2430.29,57,267,1,11,-0.8660254037844386,0.5000000000000001,-1.0232,2405.43
294.99,178,408,0,11,-0.8660254037844386,0.5000000000000001,2.8445,303.38
292.89,348,442,0,11,-0.8660254037844386,0.5000000000000001,3.8436,304.14
1161.51,332,775,3,1,0.0,1.0,0.0658,1162.27
332.68,224,1551,2,10,-1.0,-1.8369701987210297e-16,4.8839,348.92
140.86,352,723,0,2,0.49999999999999994,0.8660254037844387,2.1734,143.92
1234.93,244,259,0,10,-1.0,-1.8369701987210297e-16,2.0856,1260.69
121.81,23,932,0,11,-0.8660254037844386,0.5000000000000001,0.3166,122.19
53.52,334,623,0,5,0.8660254037844387,-0.4999999999999998,6.9723,57.25
398.34,61,299,0,3,0.8660254037844386,0.5000000000000001,-0.3891,396.79
56.05,139,887,1,9,-0.8660254037844385,-0.5000000000000004,4.7005,58.69
2109.04,87,916,0,1,0.0,1.0,1.079,2131.8
5000.0,263,1307,2,7,1.2246467991473532e-16,-1.0,3.6452,5182.26
3716.0,10,792,3,4,1.0,6.123233995736766e-17,-3.768,3575.98
102.43,234,935,0,6,0.49999999999999994,-0.8660254037844387,5.9102,108.49
4567.52,316,1199,0,10,-1.0,-1.8369701987210297e-16,2.7904,4694.97
86.73,288,957,0,12,-0.5000000000000004,0.8660254037844384,2.3037,88.72
323.16,112,1430,0,5,0.8660254037844387,-0.4999999999999998,0.5097,324.81
91.27,328,1592,1,4,1.0,6.123233995736766e-17,2.5119,93.57
2368.86,132,934,1,11,-0.8660254037844386,0.5000000000000001,1.935,2414.7
127.51,248,616,0,5,0.8660254037844387,-0.4999999999999998,3.7656,132.31
1127.73,185,1052,2,3,0.8660254037844386,0.5000000000000001,2.6926,1158.09
1729.67,24,758,0,11,-0.8660254037844386,0.5000000000000001,-1.2381,1708.25
229.14,1,297,0,12,-0.5000000000000004,0.8660254037844384,-0.6594,227.63
2488.5,67,1800,3,4,1.0,6.123233995736766e-17,-0.302,2480.98
230.1,342,872,0,2,0.49999999999999994,0.8660254037844387,4.2886,239.96
73.75,349,231,0,2,0.49999999999999994,0.8660254037844387,2.2031,75.37
519.28,150,1359,0,8,-0.4999999999999997,-0.8660254037844388,5.3929,547.29
1732.73,354,1425,0,4,1.0,6.123233995736766e-17,6.3567,1842.87
59.4,18,862,0,8,-0.4999999999999997,-0.8660254037844388,4.5368,62.09
2762.91,354,1594,1,10,-1.0,-1.8369701987210297e-16,2.7989,2840.24
204.56,84,1458,0,1,0.0,1.0,-1.7033,201.08
1533.14,13,1599,1,11,-0.8660254037844386,0.5000000000000001,-0.6503,1523.17
104.47,277,1448,0,1,0.0,1.0,3.7501,108.38
219.24,139,142,0,2,0.49999999999999994,0.8660254037844387,0.617,220.59
339.86,106,454,2,9,-0.8660254037844385,-0.5000000000000004,0.6619,342.11
473.01,278,1096,1,8,-0.4999999999999997,-0.8660254037844388,5.7503,500.21
206.0,121,1352,1,12,-0.5000000000000004,0.8660254037844384,2.149,210.43
697.64,275,1265,0,7,1.2246467991473532e-16,-1.0,8.3311,755.76
191.16,71,979,0,6,0.49999999999999994,-0.8660254037844387,4.1551,199.1
97.56,31,714,1,9,-0.8660254037844385,-0.5000000000000004,6.1639,103.57
112.22,118,1649,2,10,-1.0,-1.8369701987210297e-16,4.6756,117.47
3574.53,223,1121,1,9,-0.8660254037844385,-0.5000000000000004,3.8886,3713.52
97.75,82,1037,0,5,0.8660254037844387,-0.4999999999999998,4.5174,102.16
260.95,52,418,0,12,-0.5000000000000004,0.8660254037844384,1.9207,265.96
180.67,274,1149,0,4,1.0,6.123233995736766e-17,3.386,186.79
672.66,180,233,0,5,0.8660254037844387,-0.4999999999999998,1.9164,685.55
298.14,157,1312,0,4,1.0,6.123233995736766e-17,1.7485,303.36
223.08,87,1285,0,4,1.0,6.123233995736766e-17,2.6803,229.06
5000.0,6,1039,0,3,0.8660254037844386,0.5000000000000001,-1.7682,4911.59
5000.0,19,1629,1,7,1.2246467991473532e-16,-1.0,1.8899,5094.5
114.04,249,1575,1,9,-0.8660254037844385,-0.5000000000000004,5.2308,120.01
958.21,29,293,1,6,0.49999999999999994,-0.8660254037844387,-0.6246,952.23
2629.09,90,366,0,12,-0.5000000000000004,0.8660254037844384,1.297,2663.19
3570.08,333,221,0,6,0.49999999999999994,-0.8660254037844387,6.3236,3795.84
171.79,125,788,3,6,0.49999999999999994,-0.8660254037844387,2.4604,176.02
2033.81,272,902,0,1,0.0,1.0,3.8018,2111.13
198.62,125,696,2,11,-0.8660254037844386,0.5000000000000001,1.4239,201.45
666.79,341,170,0,2,0.49999999999999994,0.8660254037844387,3.2242,688.29
581.96,300,1088,1,2,0.49999999999999994,0.8660254037844387,0.0789,582.42
1448.62,172,963,0,12,-0.5000000000000004,0.8660254037844384,0.6445,1457.96
3413.87,250,787,1,7,1.2246467991473532e-16,-1.0,5.5188,3602.27
89.7,151,1262,2,1,0.0,1.0,0.5477,90.19
143.58,345,906,0,6,0.49999999999999994,-0.8660254037844387,6.7349,153.25
726.99,131,781,1,8,-0.4999999999999997,-0.8660254037844388,3.5519,752.81
188.12,306,292,2,1,0.0,1.0,1.2499,190.47
756.62,225,1227,1,10,-1.0,-1.8369701987210297e-16,3.3461,781.94
2060.0,235,954,0,9,-0.8660254037844385,-0.5000000000000004,6.6608,2197.21
985.06,128,210,0,1,0.0,1.0,-2.0927,964.45
1644.24,304,792,2,8,-0.4999999999999997,-0.8660254037844388,4.4375,1717.21
91.42,273,624,1,3,0.8660254037844386,0.5000000000000001,3.9137,95.0
43.05,298,427,2,9,-0.8660254037844385,-0.5000000000000004,2.3153,44.04
3461.98,293,1220,0,5,0.8660254037844387,-0.4999999999999998,4.3356,3612.08
518.31,57,1600,1,3,0.8660254037844386,0.5000000000000001,1.0002,523.5
750.61,320,342,1,7,1.2246467991473532e-16,-1.0,7.0789,803.75
60.22,308,719,2,6,0.49999999999999994,-0.8660254037844387,5.6719,63.63
1160.24,88,536,1,5,0.8660254037844387,-0.4999999999999998,3.0588,1195.73
99.82,359,1488,0,11,-0.8660254037844386,0.5000000000000001,5.9705,105.78
2202.56,192,1184,1,8,-0.4999999999999997,-0.8660254037844388,0.0829,2204.38
80.8,117,1559,1,6,0.49999999999999994,-0.8660254037844387,4.9893,84.83
59.4,81,405,0,3,0.8660254037844386,0.5000000000000001,0.6514,59.79
176.4,133,143,0,7,1.2246467991473532e-16,-1.0,6.3947,187.68
135.38,13,1103,2,1,0.0,1.0,-0.1188,135.22
5000.0,252,1234,0,11,-0.8660254037844386,0.5000000000000001,3.8035,5190.17
482.59,259,1263,0,1,0.0,1.0,3.0861,497.48
433.3,244,865,1,9,-0.8660254037844385,-0.5000000000000004,4.5361,452.95
59.12,200,1097,3,5,0.8660254037844387,-0.4999999999999998,4.8815,62.0
356.26,132,222,1,9,-0.8660254037844385,-0.5000000000000004,2.3396,364.6
61.65,264,679,0,5,0.8660254037844387,-0.4999999999999998,7.4584,66.25
942.1,318,825,0,1,0.0,1.0,0.5143,946.95
3446.14,32,71,0,12,-0.5000000000000004,0.8660254037844384,-0.5769,3426.25
285.13,140,1406,0,10,-1.0,-1.8369701987210297e-16,3.0165,293.73
2516.89,364,1285,1,1,0.0,1.0,2.8731,2589.2
4052.82,315,520,0,1,0.0,1.0,-1.1177,4007.52
4179.56,363,561,0,7,1.2246467991473532e-16,-1.0,6.067,4433.14
1563.68,67,908,2,12,-0.5000000000000004,0.8660254037844384,-1.4754,1540.61
3527.31,170,1297,0,7,1.2246467991473532e-16,-1.0,4.7752,3695.75
283.77,47,1098,0,1,0.0,1.0,-2.2963,277.25
558.88,316,173,0,9,-0.8660254037844385,-0.5000000000000004,4.2699,582.74
956.88,189,490,0,6,0.49999999999999994,-0.8660254037844387,4.4643,999.6
155.39,89,1183,0,8,-0.4999999999999997,-0.8660254037844388,2.2346,158.86
201.22,33,1002,3,5,0.8660254037844387,-0.4999999999999998,-0.3065,200.61
323.55,269,1457,1,1,0.0,1.0,2.2822,330.93
68.14,297,1002,1,1,0.0,1.0,3.1512,70.28
492.12,321,1367,1,8,-0.4999999999999997,-0.8660254037844388,5.8634,520.97
1951.44,355,813,0,8,-0.4999999999999997,-0.8660254037844388,5.9175,2066.91
1216.3,298,1344,1,4,1.0,6.123233995736766e-17,3.6339,1260.5
870.72,287,673,0,1,0.0,1.0,0.8958,878.51
696.51,297,391,0,10,-1.0,-1.8369701987210297e-16,3.119,718.24
65.16,365,1329,0,2,0.49999999999999994,0.8660254037844387,1.9751,66.44
45.73,169,651,0,3,0.8660254037844386,0.5000000000000001,1.8249,46.56
73.71,277,58,0,6,0.49999999999999994,-0.8660254037844387,5.1385,77.49
3295.7,300,606,0,9,-0.8660254037844385,-0.5000000000000004,6.1611,3498.75
2570.06,42,643,0,12,-0.5000000000000004,0.8660254037844384,-1.0439,2543.23
608.22,252,395,0,8,-0.4999999999999997,-0.8660254037844388,7.9342,656.48
360.77,124,1322,0,12,-0.5000000000000004,0.8660254037844384,4.4237,376.73
4562.0,48,908,1,8,-0.4999999999999997,-0.8660254037844388,2.4536,4673.93
59.65,62,584,0,11,-0.8660254037844386,0.5000000000000001,0.7825,60.12
84.05,41,1167,1,3,0.8660254037844386,0.5000000000000001,4.4764,87.81
967.76,328,976,0,1,0.0,1.0,3.4465,1001.12
621.81,282,742,0,9,-0.8660254037844385,-0.5000000000000004,5.6001,656.63
5000.0,37,1637,1,12,-0.5000000000000004,0.8660254037844384,-2.0734,4896.33
2681.85,228,1555,1,9,-0.8660254037844385,-0.5000000000000004,3.2148,2768.07
3929.21,241,738,0,5,0.8660254037844387,-0.4999999999999998,2.5193,4028.19
1617.46,190,1076,0,6,0.49999999999999994,-0.8660254037844387,7.0553,1731.57
2868.44,221,276,1,2,0.49999999999999994,0.8660254037844387,0.4822,2882.27
1173.32,332,689,0,5,0.8660254037844387,-0.4999999999999998,4.4832,1225.92
547.94,189,688,0,9,-0.8660254037844385,-0.5000000000000004,3.4482,566.83
691.29,241,633,0,2,0.49999999999999994,0.8660254037844387,0.1762,692.5
4055.74,209,1394,1,6,0.49999999999999994,-0.8660254037844387,4.2297,4227.28
81.77,144,894,0,4,1.0,6.123233995736766e-17,3.9636,85.01
679.57,326,957,2,6,0.49999999999999994,-0.8660254037844387,1.5855,690.34
289.92,151,768,1,10,-1.0,-1.8369701987210297e-16,1.1958,293.38
1157.63,292,1033,1,11,-0.8660254037844386,0.5000000000000001,1.4087,1173.94
681.58,221,368,0,5,0.8660254037844387,-0.4999999999999998,5.3682,718.17
270.25,250,532,1,10,-1.0,-1.8369701987210297e-16,2.3428,276.58
1246.42,278,803,0,9,-0.8660254037844385,-0.5000000000000004,1.9787,1271.08
530.27,269,509,0,12,-0.5000000000000004,0.8660254037844384,0.1575,531.11
127.21,206,1024,0,9,-0.8660254037844385,-0.5000000000000004,7.8859,137.24
1243.04,225,1580,1,7,1.2246467991473532e-16,-1.0,4.4874,1298.82
48.83,186,642,1,9,-0.8660254037844385,-0.5000000000000004,2.6801,50.14
2571.37,124,1266,2,4,1.0,6.123233995736766e-17,-1.2772,2538.53
2975.81,266,457,0,9,-0.8660254037844385,-0.5000000000000004,3.8211,3089.52
80.93,321,1444,2,9,-0.8660254037844385,-0.5000000000000004,5.4815,85.37
132.29,258,449,1,8,-0.4999999999999997,-0.8660254037844388,5.7305,139.87
85.3,282,947,2,2,0.49999999999999994,0.8660254037844387,6.105,90.51
1686.67,303,694,1,7,1.2246467991473532e-16,-1.0,3.1604,1739.98
77.15,134,1158,0,9,-0.8660254037844385,-0.5000000000000004,4.2524,80.44
541.74,22,686,2,3,0.8660254037844386,0.5000000000000001,-0.5651,538.68
248.87,123,472,1,10,-1.0,-1.8369701987210297e-16,1.2849,252.07
1876.0,276,1217,1,11,-0.8660254037844386,0.5000000000000001,-0.8591,1859.88
1004.7,298,855,0,7,1.2246467991473532e-16,-1.0,6.7388,1072.41
672.75,188,974,0,12,-0.5000000000000004,0.8660254037844384,0.6889,677.38
604.08,284,1201,0,11,-0.8660254037844386,0.5000000000000001,1.7646,614.73
1603.27,27,462,0,6,0.49999999999999994,-0.8660254037844387,0.8094,1616.24
380.22,235,396,0,11,-0.8660254037844386,0.5000000000000001,4.5476,397.51
453.68,248,1795,2,12,-0.5000000000000004,0.8660254037844384,3.3598,468.92
40.73,185,207,0,2,0.49999999999999994,0.8660254037844387,-0.3511,40.59
183.8,262,985,0,12,-0.5000000000000004,0.8660254037844384,0.2955,184.34
253.67,179,611,0,1,0.0,1.0,2.6785,260.47
569.89,191,252,0,6,0.49999999999999994,-0.8660254037844387,7.1617,610.7
1457.96,221,1433,0,12,-0.5000000000000004,0.8660254037844384,5.2983,1535.2
5000.0,290,1370,1,9,-0.8660254037844385,-0.5000000000000004,2.1115,5105.58
166.97,91,968,3,4,1.0,6.123233995736766e-17,3.278,172.45
717.42,109,1142,0,8,-0.4999999999999997,-0.8660254037844388,4.3936,748.94
1963.38,153,1162,0,3,0.8660254037844386,0.5000000000000001,-1.1542,1940.72
217.37,73,1012,1,3,0.8660254037844386,0.5000000000000001,-0.1258,217.1
810.19,122,1437,0,11,-0.8660254037844386,0.5000000000000001,0.67,815.62
302.73,128,584,1,1,0.0,1.0,0.8238,305.22
236.41,115,286,1,12,-0.5000000000000004,0.8660254037844384,-2.2723,231.04
77.81,150,1545,2,6,0.49999999999999994,-0.8660254037844387,6.0232,82.49
48.55,184,565,0,1,0.0,1.0,2.4023,49.72
162.7,254,691,3,10,-1.0,-1.8369701987210297e-16,3.9998,169.21
4650.93,110,1800,2,1,0.0,1.0,-1.8978,4562.66
111.99,309,653,0,4,1.0,6.123233995736766e-17,5.3362,117.97
78.23,175,1305,0,3,0.8660254037844386,0.5000000000000001,1.7037,79.57
1061.03,263,1235,0,10,-1.0,-1.8369701987210297e-16,4.9537,1113.59
3858.88,42,486,0,5,0.8660254037844387,-0.4999999999999998,1.1719,3904.1
73.18,63,1574,3,8,-0.4999999999999997,-0.8660254037844388,2.8443,75.26
1574.19,166,728,0,1,0.0,1.0,0.4885,1581.88
85.54,134,962,0,9,-0.8660254037844385,-0.5000000000000004,2.0501,87.29
78.15,181,462,0,9,-0.8660254037844385,-0.5000000000000004,6.1981,82.99
2793.45,57,149,1,4,1.0,6.123233995736766e-17,-0.3381,2784.0
1142.83,173,664,2,11,-0.8660254037844386,0.5000000000000001,2.2126,1168.12
636.76,251,763,1,6,0.49999999999999994,-0.8660254037844387,6.5236,678.3
107.35,266,969,1,9,-0.8660254037844385,-0.5000000000000004,3.9756,111.61
809.44,90,1287,0,3,0.8660254037844386,0.5000000000000001,1.0523,817.96
51.97,126,417,1,12,-0.5000000000000004,0.8660254037844384,-1.8156,51.02
347.24,192,1095,0,3,0.8660254037844386,0.5000000000000001,4.6736,363.47
1524.34,189,1136,0,8,-0.4999999999999997,-0.8660254037844388,5.3539,1605.95
829.56,289,1350,1,2,0.49999999999999994,0.8660254037844387,2.2609,848.31
1451.64,142,1800,3,1,0.0,1.0,-1.357,1431.94
65.04,245,360,1,2,0.49999999999999994,0.8660254037844387,0.0013,65.04
1429.79,323,470,1,12,-0.5000000000000004,0.8660254037844384,3.0203,1472.97
5000.0,109,1414,0,3,0.8660254037844386,0.5000000000000001,4.2332,5211.66
3728.99,301,965,0,11,-0.8660254037844386,0.5000000000000001,4.7321,3905.45
59.93,121,378,0,7,1.2246467991473532e-16,-1.0,4.4472,62.59
100.42,122,1683,1,2,0.49999999999999994,0.8660254037844387,2.018,102.44
507.37,239,739,1,6,0.49999999999999994,-0.8660254037844387,6.4378,540.03
507.87,227,626,1,6,0.49999999999999994,-0.8660254037844387,4.7021,531.75
3286.29,201,1268,0,4,1.0,6.123233995736766e-17,6.0404,3484.79
347.5,84,1443,0,8,-0.4999999999999997,-0.8660254037844388,6.4711,369.99
507.89,35,636,0,11,-0.8660254037844386,0.5000000000000001,4.5574,531.04
136.92,332,1125,1,11,-0.8660254037844386,0.5000000000000001,4.037,142.45
4885.01,319,1575,3,7,1.2246467991473532e-16,-1.0,0.6744,4917.96
69.85,324,373,0,11,-0.8660254037844386,0.5000000000000001,3.5275,72.32
3526.05,187,968,1,12,-0.5000000000000004,0.8660254037844384,-0.081,3523.19
2323.95,323,203,1,2,0.49999999999999994,0.8660254037844387,0.6972,2340.15
73.77,173,1306,0,8,-0.4999999999999997,-0.8660254037844388,8.6547,80.15
2220.11,27,1250,0,10,-1.0,-1.8369701987210297e-16,0.3987,2228.96
184.35,72,272,0,1,0.0,1.0,-1.5641,181.47
145.44,99,1135,2,8,-0.4999999999999997,-0.8660254037844388,2.8476,149.58
239.12,137,187,0,11,-0.8660254037844386,0.5000000000000001,4.3746,249.58
2783.69,343,172,0,4,1.0,6.123233995736766e-17,2.1335,2843.08
337.54,121,965,0,11,-0.8660254037844386,0.5000000000000001,2.4637,345.86
173.75,224,1276,1,12,-0.5000000000000004,0.8660254037844384,4.9276,182.31
684.76,99,1274,0,8,-0.4999999999999997,-0.8660254037844388,5.3662,721.51
324.37,235,947,2,8,-0.4999999999999997,-0.8660254037844388,1.2821,328.53
65.4,207,1389,0,7,1.2246467991473532e-16,-1.0,5.867,69.23
118.96,55,1082,2,5,0.8660254037844387,-0.4999999999999998,1.5858,120.85
47.95,169,702,1,6,0.49999999999999994,-0.8660254037844387,2.294,49.05
505.78,38,547,0,7,1.2246467991473532e-16,-1.0,2.561,518.73
1161.94,325,1327,1,6,0.49999999999999994,-0.8660254037844387,1.4585,1178.89
1292.96,257,664,1,10,-1.0,-1.8369701987210297e-16,3.1845,1334.13
118.15,344,613,0,10,-1.0,-1.8369701987210297e-16,4.9341,123.98
2105.33,320,848,1,5,0.8660254037844387,-0.4999999999999998,3.2208,2173.13
297.93,80,627,1,7,1.2246467991473532e-16,-1.0,0.9442,300.75
58.3,258,807,1,3,0.8660254037844386,0.5000000000000001,5.1565,61.3
2700.33,36,159,1,3,0.8660254037844386,0.5000000000000001,-2.5999,2630.12
1592.34,351,1536,1,5,0.8660254037844387,-0.4999999999999998,6.5807,1697.13
572.66,287,409,0,1,0.0,1.0,1.2582,579.86
55.52,249,696,0,11,-0.8660254037844386,0.5000000000000001,5.6371,58.65
40.42,364,292,0,2,0.49999999999999994,0.8660254037844387,3.748,41.94
736.05,309,1061,1,4,1.0,6.123233995736766e-17,3.9435,765.08
2584.25,316,436,0,4,1.0,6.123233995736766e-17,1.8949,2633.22
805.36,36,292,0,3,0.8660254037844386,0.5000000000000001,1.4546,817.08
45.07,8,687,1,5,0.8660254037844387,-0.4999999999999998,1.7597,45.87
1205.84,351,1362,0,9,-0.8660254037844385,-0.5000000000000004,4.373,1258.57
300.42,91,1295,0,11,-0.8660254037844386,0.5000000000000001,1.7456,305.66
103.29,156,1423,1,3,0.8660254037844386,0.5000000000000001,2.3912,105.76
1846.75,15,482,1,3,0.8660254037844386,0.5000000000000001,-0.1073,1844.77
786.91,228,1093,1,6,0.49999999999999994,-0.8660254037844387,2.0283,802.87
1735.38,300,1237,0,4,1.0,6.123233995736766e-17,7.6293,1867.78
115.05,308,1148,1,10,-1.0,-1.8369701987210297e-16,5.3175,121.17
103.74,212,1658,2,3,0.8660254037844386,0.5000000000000001,2.3797,106.21
440.05,242,337,0,5,0.8660254037844387,-0.4999999999999998,4.7503,460.95
561.38,188,720,0,7,1.2246467991473532e-16,-1.0,2.8844,577.57
664.47,163,526,0,5,0.8660254037844387,-0.4999999999999998,3.7286,689.24
1753.51,202,1235,2,8,-0.4999999999999997,-0.8660254037844388,4.7602,1836.98
841.12,342,231,0,10,-1.0,-1.8369701987210297e-16,2.8715,865.27
1028.03,92,508,0,7,1.2246467991473532e-16,-1.0,4.3514,1072.76
121.9,172,1067,0,6,0.49999999999999994,-0.8660254037844387,6.9553,130.38
253.19,220,310,2,12,-0.5000000000000004,0.8660254037844384,-0.9062,250.9
686.09,208,417,0,12,-0.5000000000000004,0.8660254037844384,2.8638,705.74
620.38,11,1078,0,12,-0.5000000000000004,0.8660254037844384,-0.5269,617.11
167.46,105,563,2,1,0.0,1.0,2.3287,171.36
4369.95,236,927,0,11,-0.8660254037844386,0.5000000000000001,4.1461,4551.13
89.87,254,814,1,11,-0.8660254037844386,0.5000000000000001,3.5894,93.09
4622.64,268,716,0,10,-1.0,-1.8369701987210297e-16,1.9718,4713.78
1741.07,362,566,0,9,-0.8660254037844385,-0.5000000000000004,4.6627,1822.25
986.61,246,1353,0,5,0.8660254037844387,-0.4999999999999998,6.3828,1049.58
98.38,212,1094,0,9,-0.8660254037844385,-0.5000000000000004,4.6149,102.92
775.42,121,1103,0,7,1.2246467991473532e-16,-1.0,5.3882,817.2
83.91,135,1285,1,10,-1.0,-1.8369701987210297e-16,4.0745,87.33
3693.45,302,664,0,5,0.8660254037844387,-0.4999999999999998,4.2326,3849.78
138.33,171,195,0,9,-0.8660254037844385,-0.5000000000000004,2.4447,141.71
248.45,261,361,1,10,-1.0,-1.8369701987210297e-16,5.363,261.78
1023.19,45,1148,2,11,-0.8660254037844386,0.5000000000000001,0.2214,1025.45
63.81,46,1320,0,3,0.8660254037844386,0.5000000000000001,1.3974,64.7
607.19,78,748,0,11,-0.8660254037844386,0.5000000000000001,-0.138,606.36
1801.11,71,1478,0,3,0.8660254037844386,0.5000000000000001,2.3167,1842.84
131.98,222,1095,2,12,-0.5000000000000004,0.8660254037844384,1.4368,133.88
111.15,233,1197,1,1,0.0,1.0,3.5252,115.06
351.8,204,158,0,3,0.8660254037844386,0.5000000000000001,0.152,352.33
696.58,105,1163,0,8,-0.4999999999999997,-0.8660254037844388,4.8372,730.28
467.52,211,1339,0,7,1.2246467991473532e-16,-1.0,5.2289,491.96
191.57,43,870,1,9,-0.8660254037844385,-0.5000000000000004,5.2893,201.71
410.43,173,1362,0,5,0.8660254037844387,-0.4999999999999998,5.2369,431.93
173.87,56,389,0,1,0.0,1.0,-1.7674,170.8
153.28,28,757,0,8,-0.4999999999999997,-0.8660254037844388,5.1095,161.11
561.97,60,1548,1,7,1.2246467991473532e-16,-1.0,5.582,593.34
316.45,40,1175,3,7,1.2246467991473532e-16,-1.0,1.9327,322.56
413.85,174,1047,0,5,0.8660254037844387,-0.4999999999999998,3.3363,427.65
45.53,199,872,2,11,-0.8660254037844386,0.5000000000000001,-1.2393,44.97
1287.64,222,843,0,10,-1.0,-1.8369701987210297e-16,4.8999,1350.73
54.58,160,678,1,3,0.8660254037844386,0.5000000000000001,-0.5862,54.26
142.62,64,1320,2,1,0.0,1.0,-0.3295,142.15
1537.51,7,201,1,3,0.8660254037844386,0.5000000000000001,-4.7,1465.24
4989.68,260,790,0,1,0.0,1.0,3.919,5185.23
5000.0,359,1398,0,9,-0.8660254037844385,-0.5000000000000004,7.3568,5367.84
606.02,102,325,1,8,-0.4999999999999997,-0.8660254037844388,3.1568,625.15
156.76,74,798,1,6,0.49999999999999994,-0.8660254037844387,5.388,165.21
2687.67,114,1006,0,8,-0.4999999999999997,-0.8660254037844388,3.7151,2787.52
765.46,78,248,1,10,-1.0,-1.8369701987210297e-16,-0.8128,759.24
3482.37,81,52,0,10,-1.0,-1.8369701987210297e-16,-2.2664,3403.44
504.24,181,285,0,6,0.49999999999999994,-0.8660254037844387,5.3018,530.97
480.47,287,485,1,8,-0.4999999999999997,-0.8660254037844388,3.307,496.36
71.92,260,1324,0,7,1.2246467991473532e-16,-1.0,10.7934,79.68
93.77,351,272,0,12,-0.5000000000000004,0.8660254037844384,0.9691,94.68
1202.55,130,977,0,10,-1.0,-1.8369701987210297e-16,4.0696,1251.49
5000.0,180,898,2,4,1.0,6.123233995736766e-17,3.3689,5168.45
458.29,139,824,0,11,-0.8660254037844386,0.5000000000000001,-0.049,458.07
68.08,15,1367,0,5,0.8660254037844387,-0.4999999999999998,2.6423,69.88
381.98,142,1294,0,10,-1.0,-1.8369701987210297e-16,3.0605,393.67
63.96,95,161,0,12,-0.5000000000000004,0.8660254037844384,5.4786,67.46
3300.01,175,174,0,10,-1.0,-1.8369701987210297e-16,1.0716,3335.37
84.4,57,565,0,2,0.49999999999999994,0.8660254037844387,-1.1847,83.4
98.48,271,1222,0,3,0.8660254037844386,0.5000000000000001,4.7408,103.15
479.94,308,1277,1,10,-1.0,-1.8369701987210297e-16,2.5247,492.05
658.06,351,945,0,2,0.49999999999999994,0.8660254037844387,2.8314,676.69
1717.39,31,1301,0,1,0.0,1.0,-1.3182,1694.75
221.17,43,426,1,4,1.0,6.123233995736766e-17,1.7013,224.93
3756.8,353,1116,0,6,0.49999999999999994,-0.8660254037844387,5.1273,3949.42
1032.78,310,1456,0,2,0.49999999999999994,0.8660254037844387,1.601,1049.32
74.81,215,1800,3,2,0.49999999999999994,0.8660254037844387,2.7848,76.89
63.24,117,1203,1,5,0.8660254037844387,-0.4999999999999998,4.5112,66.09
493.43,189,1208,1,8,-0.4999999999999997,-0.8660254037844388,4.8551,517.38
313.93,196,370,0,7,1.2246467991473532e-16,-1.0,2.0433,320.34
466.77,310,1395,2,10,-1.0,-1.8369701987210297e-16,4.4927,487.74
52.54,193,405,0,12,-0.5000000000000004,0.8660254037844384,1.0197,53.07
58.11,10,659,0,1,0.0,1.0,0.0707,58.15
51.65,256,419,1,9,-0.8660254037844385,-0.5000000000000004,1.6535,52.51
1334.53,284,484,0,2,0.49999999999999994,0.8660254037844387,1.8666,1359.44
653.07,109,386,1,5,0.8660254037844387,-0.4999999999999998,2.4241,668.9
88.28,42,717,0,5,0.8660254037844387,-0.4999999999999998,2.9327,90.87
267.98,52,150,0,9,-0.8660254037844385,-0.5000000000000004,0.7091,269.88
4911.23,307,1377,1,4,1.0,6.123233995736766e-17,5.1179,5162.58
72.05,163,999,0,11,-0.8660254037844386,0.5000000000000001,1.8815,73.41
131.63,193,1206,1,5,0.8660254037844387,-0.4999999999999998,6.0428,139.59
336.03,351,1068,0,10,-1.0,-1.8369701987210297e-16,6.6704,358.44
168.68,22,1168,0,12,-0.5000000000000004,0.8660254037844384,-0.7924,167.35
115.17,75,1237,1,7,1.2246467991473532e-16,-1.0,5.6318,121.65
5000.0,304,958,0,2,0.49999999999999994,0.8660254037844387,1.3583,5067.91
1478.68,197,463,1,9,-0.8660254037844385,-0.5000000000000004,3.7458,1534.07
1698.11,9,1112,0,6,0.49999999999999994,-0.8660254037844387,1.1698,1717.98
3847.14,257,754,0,5,0.8660254037844387,-0.4999999999999998,4.0019,4001.1
90.52,50,271,0,6,0.49999999999999994,-0.8660254037844387,3.421,93.62
3277.1,286,954,1,4,1.0,6.123233995736766e-17,2.9989,3375.38
4386.93,292,516,0,4,1.0,6.123233995736766e-17,3.6207,4545.77
616.75,301,334,0,12,-0.5000000000000004,0.8660254037844384,0.4205,619.35
3714.44,170,1234,2,4,1.0,6.123233995736766e-17,0.7854,3743.61
2782.28,98,1347,0,6,0.49999999999999994,-0.8660254037844387,4.9656,2920.43
158.63,322,241,1,9,-0.8660254037844385,-0.5000000000000004,3.749,164.58
176.92,204,241,0,3,0.8660254037844386,0.5000000000000001,1.2394,179.11
1446.85,232,1373,0,8,-0.4999999999999997,-0.8660254037844388,4.0818,1505.91
719.1,49,1050,0,11,-0.8660254037844386,0.5000000000000001,0.1856,720.44
245.53,228,393,0,10,-1.0,-1.8369701987210297e-16,1.8245,250.01
54.79,212,685,1,1,0.0,1.0,2.6172,56.22
40.0,106,173,0,5,0.8660254037844387,-0.4999999999999998,2.5014,41.0
91.28,280,1273,0,1,0.0,1.0,1.482,92.63
362.46,48,1199,1,8,-0.4999999999999997,-0.8660254037844388,3.1283,373.8
48.27,263,609,1,4,1.0,6.123233995736766e-17,1.7412,49.12
77.6,351,327,0,11,-0.8660254037844386,0.5000000000000001,2.2268,79.32
5000.0,207,1051,0,3,0.8660254037844386,0.5000000000000001,4.0513,5202.56
413.71,38,863,0,11,-0.8660254037844386,0.5000000000000001,-0.7905,410.44
4743.8,202,1541,2,5,0.8660254037844387,-0.4999999999999998,2.7378,4873.67
101.15,193,548,1,12,-0.5000000000000004,0.8660254037844384,4.6154,105.82
347.75,202,1731,1,3,0.8660254037844386,0.5000000000000001,2.8622,357.71
898.1,99,286,0,4,1.0,6.123233995736766e-17,0.5021,902.61
4083.9,229,304,0,5,0.8660254037844387,-0.4999999999999998,0.1529,4090.14
1480.07,96,1115,0,12,-0.5000000000000004,0.8660254037844384,0.7228,1490.76
3497.54,204,867,0,9,-0.8660254037844385,-0.5000000000000004,2.7264,3592.9
55.74,217,610,0,10,-1.0,-1.8369701987210297e-16,4.8809,58.46
228.2,236,1117,0,7,1.2246467991473532e-16,-1.0,5.4042,240.53
3209.23,292,881,0,10,-1.0,-1.8369701987210297e-16,4.0401,3338.88
528.11,323,631,0,8,-0.4999999999999997,-0.8660254037844388,8.0748,570.75
87.39,284,359,0,9,-0.8660254037844385,-0.5000000000000004,6.0605,92.69
119.93,291,1089,0,11,-0.8660254037844386,0.5000000000000001,2.073,122.41
1734.87,317,911,1,12,-0.5000000000000004,0.8660254037844384,1.7771,1765.7
127.21,88,1542,1,7,1.2246467991473532e-16,-1.0,6.164,135.05
473.75,107,658,0,6,0.49999999999999994,-0.8660254037844387,1.8344,482.44
96.05,195,525,1,8,-0.4999999999999997,-0.8660254037844388,7.2864,103.05
91.95,170,119,0,9,-0.8660254037844385,-0.5000000000000004,3.8365,95.47
266.28,256,439,0,12,-0.5000000000000004,0.8660254037844384,2.7836,273.69
92.08,3,1265,2,9,-0.8660254037844385,-0.5000000000000004,1.197,93.18
928.34,50,462,0,12,-0.5000000000000004,0.8660254037844384,-0.6743,922.08
109.95,273,1013,1,9,-0.8660254037844385,-0.5000000000000004,3.9383,114.28
1364.95,300,357,0,12,-0.5000000000000004,0.8660254037844384,3.6361,1414.58
702.6,110,1395,0,10,-1.0,-1.8369701987210297e-16,5.4717,741.05
303.91,113,1358,0,11,-0.8660254037844386,0.5000000000000001,5.4597,320.5
1026.45,205,1221,0,3,0.8660254037844386,0.5000000000000001,-0.1848,1024.55
371.89,174,1112,0,12,-0.5000000000000004,0.8660254037844384,2.4085,380.85
73.11,61,876,0,5,0.8660254037844387,-0.4999999999999998,4.4196,76.34
142.68,183,57,0,10,-1.0,-1.8369701987210297e-16,1.483,144.8
406.86,299,107,0,5,0.8660254037844387,-0.4999999999999998,4.7041,426.0
74.94,267,690,0,6,0.49999999999999994,-0.8660254037844387,4.1242,78.03
1740.94,299,1139,0,9,-0.8660254037844385,-0.5000000000000004,7.2095,1866.45
197.5,235,234,0,7,1.2246467991473532e-16,-1.0,2.8968,203.22
128.58,321,844,0,9,-0.8660254037844385,-0.5000000000000004,6.4316,136.85
62.21,91,1519,1,1,0.0,1.0,2.0625,63.49
89.37,16,1800,3,11,-0.8660254037844386,0.5000000000000001,-1.3413,88.17
150.15,41,848,0,5,0.8660254037844387,-0.4999999999999998,5.3625,158.21
281.35,363,886,0,10,-1.0,-1.8369701987210297e-16,2.3864,288.06
75.0,234,376,2,4,1.0,6.123233995736766e-17,2.4641,76.85
457.11,90,215,1,8,-0.4999999999999997,-0.8660254037844388,-0.0246,457.0
109.8,312,891,3,8,-0.4999999999999997,-0.8660254037844388,3.8478,114.03
5000.0,113,1455,1,2,0.49999999999999994,0.8660254037844387,-0.7959,4960.2
503.89,218,222,1,6,0.49999999999999994,-0.8660254037844387,2.8857,518.43
2417.8,91,1208,0,8,-0.4999999999999997,-0.8660254037844388,5.7002,2555.62
296.07,34,419,0,11,-0.8660254037844386,0.5000000000000001,-1.5172,291.57
100.55,97,390,1,11,-0.8660254037844386,0.5000000000000001,-1.5498,99.0
298.22,83,184,0,5,0.8660254037844387,-0.4999999999999998,1.8038,303.6
381.18,202,1232,1,8,-0.4999999999999997,-0.8660254037844388,5.2438,401.16
692.95,7,470,3,3,0.8660254037844386,0.5000000000000001,-1.6929,681.22
3556.71,87,811,0,11,-0.8660254037844386,0.5000000000000001,2.378,3641.29
184.33,207,1406,0,11,-0.8660254037844386,0.5000000000000001,0.1358,184.58
82.82,144,1253,2,12,-0.5000000000000004,0.8660254037844384,3.5364,85.75
1266.69,232,650,1,6,0.49999999999999994,-0.8660254037844387,2.9818,1304.46
58.11,239,1421,1,5,0.8660254037844387,-0.4999999999999998,4.8661,60.94
1605.57,353,361,1,10,-1.0,-1.8369701987210297e-16,2.8296,1651.0
1439.83,305,1029,3,9,-0.8660254037844385,-0.5000000000000004,-0.0154,1439.61
1871.81,83,294,0,3,0.8660254037844386,0.5000000000000001,-0.8178,1856.5
51.06,253,64,0,7,1.2246467991473532e-16,-1.0,6.819,54.54
158.81,229,1434,0,8,-0.4999999999999997,-0.8660254037844388,7.2835,170.38
527.4,217,348,0,6,0.49999999999999994,-0.8660254037844387,3.7817,547.34
172.24,292,312,1,5,0.8660254037844387,-0.4999999999999998,4.5725,180.11
3233.98,54,1377,0,3,0.8660254037844386,0.5000000000000001,1.2917,3275.76
542.46,137,1643,1,5,0.8660254037844387,-0.4999999999999998,3.2511,560.1
296.79,298,352,0,3,0.8660254037844386,0.5000000000000001,3.4962,307.17
110.09,326,796,1,4,1.0,6.123233995736766e-17,3.2735,113.69
746.95,13,1027,0,3,0.8660254037844386,0.5000000000000001,-1.2038,737.96
232.31,172,667,0,5,0.8660254037844387,-0.4999999999999998,3.9494,241.49
469.21,96,1194,0,8,-0.4999999999999997,-0.8660254037844388,0.8833,473.35
144.56,61,407,0,5,0.8660254037844387,-0.4999999999999998,3.9273,150.24
1003.48,20,1229,0,2,0.49999999999999994,0.8660254037844387,-0.2742,1000.73
2575.58,196,962,1,10,-1.0,-1.8369701987210297e-16,2.0142,2627.46
40.0,244,60,0,6,0.49999999999999994,-0.8660254037844387,6.1978,42.48
143.52,194,1140,3,8,-0.4999999999999997,-0.8660254037844388,4.7445,150.33
837.03,134,256,2,7,1.2246467991473532e-16,-1.0,4.0107,870.6
1618.99,282,1276,0,7,1.2246467991473532e-16,-1.0,8.3204,1753.69
247.6,238,1484,0,6,0.49999999999999994,-0.8660254037844387,6.7515,264.32
144.43,332,269,0,10,-1.0,-1.8369701987210297e-16,3.0443,148.82
1641.47,127,812,0,11,-0.8660254037844386,0.5000000000000001,2.338,1679.85
596.63,87,535,0,11,-0.8660254037844386,0.5000000000000001,-0.2531,595.12
243.14,166,505,2,6,0.49999999999999994,-0.8660254037844387,2.4274,249.04
71.6,185,1395,2,5,0.8660254037844387,-0.4999999999999998,3.7474,74.28
735.89,167,84,0,1,0.0,1.0,1.4256,746.38
140.47,304,234,1,6,0.49999999999999994,-0.8660254037844387,6.112,149.05
886.31,16,1424,1,12,-0.5000000000000004,0.8660254037844384,0.3621,889.52
1246.11,193,455,0,4,1.0,6.123233995736766e-17,2.5817,1278.28
530.64,157,1634,2,11,-0.8660254037844386,0.5000000000000001,2.1001,541.79
182.96,77,1543,3,10,-1.0,-1.8369701987210297e-16,2.1785,186.95
145.91,234,1284,2,8,-0.4999999999999997,-0.8660254037844388,4.1308,151.93
1244.15,293,721,1,7,1.2246467991473532e-16,-1.0,5.9619,1318.33
2946.93,199,586,0,10,-1.0,-1.8369701987210297e-16,2.4599,3019.42
4036.59,31,372,0,2,0.49999999999999994,0.8660254037844387,-2.2172,3947.09
2568.48,27,1685,3,2,0.49999999999999994,0.8660254037844387,-2.7978,2496.62
870.71,154,927,0,3,0.8660254037844386,0.5000000000000001,1.0561,879.91
1988.05,244,77,0,10,-1.0,-1.8369701987210297e-16,1.5491,2018.84
266.56,114,516,0,6,0.49999999999999994,-0.8660254037844387,4.2195,277.81
3808.86,113,1353,0,3,0.8660254037844386,0.5000000000000001,2.2797,3895.69
360.41,314,762,0,1,0.0,1.0,4.765,377.58
667.37,5,489,1,6,0.49999999999999994,-0.8660254037844387,2.3328,682.94
88.31,29,379,0,5,0.8660254037844387,-0.4999999999999998,2.6406,90.64
402.36,56,322,0,3,0.8660254037844386,0.5000000000000001,-2.7783,391.18
290.79,359,1298,0,1,0.0,1.0,6.9618,311.04
234.05,182,559,1,10,-1.0,-1.8369701987210297e-16,1.6402,237.89
747.96,57,710,1,10,-1.0,-1.8369701987210297e-16,0.0033,747.99
2501.38,113,511,2,3,0.8660254037844386,0.5000000000000001,1.2262,2532.06
3002.96,354,1563,1,6,0.49999999999999994,-0.8660254037844387,3.893,3119.87
229.93,254,612,0,4,1.0,6.123233995736766e-17,4.575,240.45
1708.31,81,1180,1,5,0.8660254037844387,-0.4999999999999998,1.7229,1737.75
713.24,88,1085,0,2,0.49999999999999994,0.8660254037844387,0.293,715.33
234.07,27,753,1,12,-0.5000000000000004,0.8660254037844384,-0.4579,232.99
3563.65,282,947,1,9,-0.8660254037844385,-0.5000000000000004,2.2035,3642.18
76.76,50,192,0,11,-0.8660254037844386,0.5000000000000001,0.2645,76.96
2345.95,104,1017,0,4,1.0,6.123233995736766e-17,3.6467,2431.5
143.6,127,1145,1,11,-0.8660254037844386,0.5000000000000001,1.8837,146.31
2648.24,227,356,0,7,1.2246467991473532e-16,-1.0,9.5338,2900.71
1223.98,221,513,1,3,0.8660254037844386,0.5000000000000001,1.296,1239.85
399.79,292,624,0,4,1.0,6.123233995736766e-17,2.2798,408.91
77.43,108,1199,1,10,-1.0,-1.8369701987210297e-16,2.1694,79.11
117.98,141,1024,1,10,-1.0,-1.8369701987210297e-16,0.2137,118.23
75.59,142,134,0,9,-0.8660254037844385,-0.5000000000000004,5.0309,79.39
1808.0,17,878,0,3,0.8660254037844386,0.5000000000000001,2.235,1848.41
990.71,269,1134,1,8,-0.4999999999999997,-0.8660254037844388,6.3663,1053.78
107.1,195,316,0,12,-0.5000000000000004,0.8660254037844384,0.1994,107.31
260.25,174,692,0,1,0.0,1.0,0.094,260.5
242.47,364,1330,1,4,1.0,6.123233995736766e-17,5.9654,256.93
922.8,65,517,0,1,0.0,1.0,-1.4811,909.14
169.01,354,249,1,2,0.49999999999999994,0.8660254037844387,0.5737,169.98
2256.9,249,1392,0,12,-0.5000000000000004,0.8660254037844384,0.4434,2266.91
952.54,80,188,0,3,0.8660254037844386,0.5000000000000001,2.636,977.64
109.07,248,134,0,3,0.8660254037844386,0.5000000000000001,1.5978,110.81
209.09,276,862,2,1,0.0,1.0,2.6227,214.57
733.92,132,1139,0,12,-0.5000000000000004,0.8660254037844384,1.9906,748.53
3781.48,126,997,0,6,0.49999999999999994,-0.8660254037844387,2.7072,3883.85
67.28,305,387,0,10,-1.0,-1.8369701987210297e-16,4.3709,70.22
193.61,58,254,1,4,1.0,6.123233995736766e-17,-0.6537,192.35
1054.35,4,1641,1,8,-0.4999999999999997,-0.8660254037844388,4.3156,1099.85
153.39,243,56,0,11,-0.8660254037844386,0.5000000000000001,0.6692,154.41
234.83,331,1391,0,9,-0.8660254037844385,-0.5000000000000004,6.7989,250.8
358.71,183,732,0,7,1.2246467991473532e-16,-1.0,4.648,375.39
98.14,49,458,1,3,0.8660254037844386,0.5000000000000001,-1.0725,97.08
757.46,197,682,1,3,0.8660254037844386,0.5000000000000001,3.0675,780.7
2734.37,92,649,1,8,-0.4999999999999997,-0.8660254037844388,1.871,2785.53
2960.33,302,489,1,6,0.49999999999999994,-0.8660254037844387,1.5149,3005.18
421.28,224,673,0,1,0.0,1.0,2.2145,430.61
212.27,123,1165,1,3,0.8660254037844386,0.5000000000000001,0.7707,213.91
294.6,228,921,1,6,0.49999999999999994,-0.8660254037844387,5.4649,310.7
151.6,244,978,0,3,0.8660254037844386,0.5000000000000001,4.8209,158.91
1056.84,248,1800,2,7,1.2246467991473532e-16,-1.0,5.2578,1112.4
68.85,134,222,0,4,1.0,6.123233995736766e-17,3.8411,71.49
253.33,208,1336,1,4,1.0,6.123233995736766e-17,1.6784,257.58
91.06,15,519,1,2,0.49999999999999994,0.8660254037844387,0.9291,91.91
88.59,147,226,2,7,1.2246467991473532e-16,-1.0,2.9601,91.21
1037.4,138,576,0,3,0.8660254037844386,0.5000000000000001,-0.9613,1027.43
4822.54,195,811,2,8,-0.4999999999999997,-0.8660254037844388,-0.4508,4800.8
1499.04,347,1486,0,12,-0.5000000000000004,0.8660254037844384,2.3216,1533.84
135.94,348,546,0,11,-0.8660254037844386,0.5000000000000001,2.6195,139.51
371.97,176,1348,2,9,-0.8660254037844385,-0.5000000000000004,2.4035,380.92
1166.89,236,1406,0,10,-1.0,-1.8369701987210297e-16,4.2337,1216.29
2540.24,39,600,1,12,-0.5000000000000004,0.8660254037844384,1.0036,2565.73
1111.64,176,305,0,9,-0.8660254037844385,-0.5000000000000004,1.6376,1129.85
119.26,251,1662,2,4,1.0,6.123233995736766e-17,3.8369,123.83
827.74,249,888,1,7,1.2246467991473532e-16,-1.0,4.2565,862.97
117.09,352,707,0,11,-0.8660254037844386,0.5000000000000001,2.6503,120.19
318.34,170,1230,1,9,-0.8660254037844385,-0.5000000000000004,2.6189,326.68
4188.45,332,598,0,5,0.8660254037844387,-0.4999999999999998,6.9658,4480.21
3248.86,358,904,1,3,0.8660254037844386,0.5000000000000001,2.5552,3331.87
200.02,209,1498,1,2,0.49999999999999994,0.8660254037844387,1.7497,203.52
1136.89,33,297,1,5,0.8660254037844387,-0.4999999999999998,-0.3138,1133.32
260.08,137,1257,1,10,-1.0,-1.8369701987210297e-16,3.0297,267.96
48.96,279,857,1,7,1.2246467991473532e-16,-1.0,5.3484,51.58
2690.27,212,928,1,1,0.0,1.0,3.3443,2780.24
3043.38,342,1800,2,12,-0.5000000000000004,0.8660254037844384,1.7925,3097.93
202.13,298,919,0,5,0.8660254037844387,-0.4999999999999998,6.0246,214.3
1729.25,23,655,0,5,0.8660254037844387,-0.4999999999999998,1.8419,1761.1
73.39,315,1694,1,10,-1.0,-1.8369701987210297e-16,6.8537,78.42
646.61,130,926,0,5,0.8660254037844387,-0.4999999999999998,3.7599,670.92
3850.81,299,267,0,8,-0.4999999999999997,-0.8660254037844388,3.6452,3991.18
